$MeshFormat
2.2 0 8
$EndMeshFormat
$PhysicalNames
4
2 1 "innerWall"
2 2 "outerWall"
2 3 "frontAndBack"
3 4 "internal"
$EndPhysicalNames
$Nodes
3360
1 0.007 0 0
2 0 0.007 0
3 -0.007 0 0
4 0 -0.007 0
5 0.01 0 0
6 0 0.01 0
7 -0.01 0 0
8 0 -0.01 0
9 0.007 0 0.00015
10 0.01 0 0.00015
11 0 0.01 0.00015
12 0 0.007 0.00015
13 -0.01 0 0.00015
14 -0.007 0 0.00015
15 0 -0.01 0.00015
16 0 -0.007 0.00015
17 0.006978421336030378 0.0005492136713848138 0
18 0.006913818383755994 0.001095041257870067 0
19 0.006806589441768106 0.001634117551221745 0
20 0.006657395612189108 0.002163118966401345 0
21 0.006467156724514919 0.002678784033952991 0
22 0.006237045665052988 0.003177933506548514 0
23 0.005968481144749322 0.003657489962361048 0
24 0.005663118953342769 0.004114496776069936 0
25 0.005322841749698362 0.004546136349436528 0
26 0.004949747456919498 0.004949747479692167 0
27 0.004546136327879964 0.005322841768109408 0
28 0.004114496756060133 0.005663118967880743 0
29 0.003657489943359178 0.005968481156393683 0
30 0.003177933489379215 0.006237045673801182 0
31 0.002678784018774565 0.006467156730802029 0
32 0.002163118954413846 0.006657395616084082 0
33 0.001634117542305519 0.006806589443908702 0
34 0.001095041252082124 0.006913818384672714 0
35 0.0005492136683587282 0.006978421336268537 0
36 -0.0005492136713848138 0.006978421336030378 0
37 -0.001095041257870067 0.006913818383755994 0
38 -0.001634117551221745 0.006806589441768106 0
39 -0.002163118966401345 0.006657395612189108 0
40 -0.002678784033952991 0.006467156724514919 0
41 -0.003177933506548514 0.006237045665052988 0
42 -0.003657489962361048 0.005968481144749322 0
43 -0.004114496776069936 0.005663118953342769 0
44 -0.004546136349436528 0.005322841749698362 0
45 -0.004949747479692167 0.004949747456919498 0
46 -0.005322841768109408 0.004546136327879964 0
47 -0.005663118967880743 0.004114496756060133 0
48 -0.005968481156393683 0.003657489943359178 0
49 -0.006237045673801182 0.003177933489379215 0
50 -0.006467156730802029 0.002678784018774565 0
51 -0.006657395616084082 0.002163118954413846 0
52 -0.006806589443908702 0.001634117542305519 0
53 -0.006913818384672714 0.001095041252082124 0
54 -0.006978421336268537 0.0005492136683587282 0
55 -0.006978421336030378 -0.0005492136713848138 0
56 -0.006913818383755994 -0.001095041257870067 0
57 -0.006806589441768106 -0.001634117551221745 0
58 -0.006657395612189108 -0.002163118966401345 0
59 -0.006467156724514919 -0.002678784033952991 0
60 -0.006237045665052988 -0.003177933506548514 0
61 -0.005968481144749322 -0.003657489962361048 0
62 -0.005663118953342769 -0.004114496776069936 0
63 -0.005322841749698362 -0.004546136349436528 0
64 -0.004949747456919498 -0.004949747479692167 0
65 -0.004546136327879964 -0.005322841768109408 0
66 -0.004114496756060133 -0.005663118967880743 0
67 -0.003657489943359178 -0.005968481156393683 0
68 -0.003177933489379215 -0.006237045673801182 0
69 -0.002678784018774565 -0.006467156730802029 0
70 -0.002163118954413846 -0.006657395616084082 0
71 -0.001634117542305519 -0.006806589443908702 0
72 -0.001095041252082124 -0.006913818384672714 0
73 -0.0005492136683587282 -0.006978421336268537 0
74 0.0005492136713848138 -0.006978421336030378 0
75 0.001095041257870067 -0.006913818383755994 0
76 0.001634117551221745 -0.006806589441768106 0
77 0.002163118966401345 -0.006657395612189108 0
78 0.002678784033952991 -0.006467156724514919 0
79 0.003177933506548514 -0.006237045665052988 0
80 0.003657489962361048 -0.005968481144749322 0
81 0.004114496776069936 -0.005663118953342769 0
82 0.004546136349436528 -0.005322841749698362 0
83 0.004949747479692167 -0.004949747456919498 0
84 0.005322841768109408 -0.004546136327879964 0
85 0.005663118967880743 -0.004114496756060133 0
86 0.005968481156393683 -0.003657489943359178 0
87 0.006237045673801182 -0.003177933489379215 0
88 0.006467156730802029 -0.002678784018774565 0
89 0.006657395616084082 -0.002163118954413846 0
90 0.006806589443908702 -0.001634117542305519 0
91 0.006913818384672714 -0.001095041252082124 0
92 0.006978421336268537 -0.0005492136683587282 0
93 0.00996917333719116 0.0007845909590588509 0
94 0.009876883405378038 0.001564344654022231 0
95 0.009723699202594176 0.002334453644317954 0
96 0.009510565160331825 0.003090169951812119 0
97 0.009238795320679264 0.003826834334354565 0
98 0.008910065235674013 0.004539905009582624 0
99 0.008526401634907029 0.005224985661248722 0
100 0.008090169932702118 0.005877852538130112 0
101 0.007604059642012731 0.006494480499679187 0
102 0.007071067795116307 0.007071067828614643 0
103 0.006494480467343347 0.007604059669630148 0
104 0.005877852508574801 0.008090169954175309 0
105 0.00522498563287208 0.008526401652296258 0
106 0.004539904984034115 0.00891006524869163 0
107 0.003826834312130686 0.009238795329884695 0
108 0.003090169934558211 0.009510565165937958 0
109 0.002334453631631637 0.009723699205639893 0
110 0.001564344645632954 0.009876883406706768 0
111 0.0007845909547687466 0.009969173337528798 0
112 -0.0007845909590588509 0.00996917333719116 0
113 -0.001564344654022231 0.009876883405378038 0
114 -0.002334453644317954 0.009723699202594176 0
115 -0.003090169951812119 0.009510565160331825 0
116 -0.003826834334354565 0.009238795320679264 0
117 -0.004539905009582624 0.008910065235674013 0
118 -0.005224985661248722 0.008526401634907029 0
119 -0.005877852538130112 0.008090169932702118 0
120 -0.006494480499679187 0.007604059642012731 0
121 -0.007071067828614643 0.007071067795116307 0
122 -0.007604059669630148 0.006494480467343347 0
123 -0.008090169954175309 0.005877852508574801 0
124 -0.008526401652296258 0.00522498563287208 0
125 -0.00891006524869163 0.004539904984034115 0
126 -0.009238795329884695 0.003826834312130686 0
127 -0.009510565165937958 0.003090169934558211 0
128 -0.009723699205639893 0.002334453631631637 0
129 -0.009876883406706768 0.001564344645632954 0
130 -0.009969173337528798 0.0007845909547687466 0
131 -0.00996917333719116 -0.0007845909590588509 0
132 -0.009876883405378038 -0.001564344654022231 0
133 -0.009723699202594176 -0.002334453644317954 0
134 -0.009510565160331825 -0.003090169951812119 0
135 -0.009238795320679264 -0.003826834334354565 0
136 -0.008910065235674013 -0.004539905009582624 0
137 -0.008526401634907029 -0.005224985661248722 0
138 -0.008090169932702118 -0.005877852538130112 0
139 -0.007604059642012731 -0.006494480499679187 0
140 -0.007071067795116307 -0.007071067828614643 0
141 -0.006494480467343347 -0.007604059669630148 0
142 -0.005877852508574801 -0.008090169954175309 0
143 -0.00522498563287208 -0.008526401652296258 0
144 -0.004539904984034115 -0.00891006524869163 0
145 -0.003826834312130686 -0.009238795329884695 0
146 -0.003090169934558211 -0.009510565165937958 0
147 -0.002334453631631637 -0.009723699205639893 0
148 -0.001564344645632954 -0.009876883406706768 0
149 -0.0007845909547687466 -0.009969173337528798 0
150 0.0007845909590588509 -0.00996917333719116 0
151 0.001564344654022231 -0.009876883405378038 0
152 0.002334453644317954 -0.009723699202594176 0
153 0.003090169951812119 -0.009510565160331825 0
154 0.003826834334354565 -0.009238795320679264 0
155 0.004539905009582624 -0.008910065235674013 0
156 0.005224985661248722 -0.008526401634907029 0
157 0.005877852538130112 -0.008090169932702118 0
158 0.006494480499679187 -0.007604059642012731 0
159 0.007071067828614643 -0.007071067795116307 0
160 0.007604059669630148 -0.006494480467343347 0
161 0.008090169954175309 -0.005877852508574801 0
162 0.008526401652296258 -0.00522498563287208 0
163 0.00891006524869163 -0.004539904984034115 0
164 0.009238795329884695 -0.003826834312130686 0
165 0.009510565165937958 -0.003090169934558211 0
166 0.009723699205639893 -0.002334453631631637 0
167 0.009876883406706768 -0.001564344645632954 0
168 0.009969173337528798 -0.0007845909547687466 0
169 0.007150000000000729 0 0
170 0.007300000000001152 0 0
171 0.007449999999999915 0 0
172 0.007599999999998475 0 0
173 0.007749999999997543 0 0
174 0.007899999999997119 0 0
175 0.008049999999995679 0 0
176 0.008199999999994916 0 0
177 0.008349999999994695 0 0
178 0.008499999999995424 0 0
179 0.008649999999996152 0 0
180 0.008799999999996881 0 0
181 0.008949999999996933 0 0
182 0.009099999999997662 0 0
183 0.009249999999997711 0 0
184 0.009399999999997763 0 0
185 0.009549999999998492 0 0
186 0.00969999999999922 0 0
187 0.009849999999999271 0 0
188 0 0.007150000000000729 0
189 0 0.007300000000001152 0
190 0 0.007449999999999915 0
191 0 0.007599999999998475 0
192 0 0.007749999999997543 0
193 0 0.007899999999997119 0
194 0 0.008049999999995679 0
195 0 0.008199999999994916 0
196 0 0.008349999999994695 0
197 0 0.008499999999995424 0
198 0 0.008649999999996152 0
199 0 0.008799999999996881 0
200 0 0.008949999999996933 0
201 0 0.009099999999997662 0
202 0 0.009249999999997711 0
203 0 0.009399999999997763 0
204 0 0.009549999999998492 0
205 0 0.00969999999999922 0
206 0 0.009849999999999271 0
207 -0.007150000000000729 0 0
208 -0.007300000000001152 0 0
209 -0.007449999999999915 0 0
210 -0.007599999999998475 0 0
211 -0.007749999999997543 0 0
212 -0.007899999999997119 0 0
213 -0.008049999999995679 0 0
214 -0.008199999999994916 0 0
215 -0.008349999999994695 0 0
216 -0.008499999999995424 0 0
217 -0.008649999999996152 0 0
218 -0.008799999999996881 0 0
219 -0.008949999999996933 0 0
220 -0.009099999999997662 0 0
221 -0.009249999999997711 0 0
222 -0.009399999999997763 0 0
223 -0.009549999999998492 0 0
224 -0.00969999999999922 0 0
225 -0.009849999999999271 0 0
226 0 -0.007150000000000729 0
227 0 -0.007300000000001152 0
228 0 -0.007449999999999915 0
229 0 -0.007599999999998475 0
230 0 -0.007749999999997543 0
231 0 -0.007899999999997119 0
232 0 -0.008049999999995679 0
233 0 -0.008199999999994916 0
234 0 -0.008349999999994695 0
235 0 -0.008499999999995424 0
236 0 -0.008649999999996152 0
237 0 -0.008799999999996881 0
238 0 -0.008949999999996933 0
239 0 -0.009099999999997662 0
240 0 -0.009249999999997711 0
241 0 -0.009399999999997763 0
242 0 -0.009549999999998492 0
243 0 -0.00969999999999922 0
244 0 -0.009849999999999271 0
245 0.007150000000000729 0 0.00015
246 0.007300000000001152 0 0.00015
247 0.007449999999999915 0 0.00015
248 0.007599999999998475 0 0.00015
249 0.007749999999997543 0 0.00015
250 0.007899999999997119 0 0.00015
251 0.008049999999995679 0 0.00015
252 0.008199999999994916 0 0.00015
253 0.008349999999994695 0 0.00015
254 0.008499999999995424 0 0.00015
255 0.008649999999996152 0 0.00015
256 0.008799999999996881 0 0.00015
257 0.008949999999996933 0 0.00015
258 0.009099999999997662 0 0.00015
259 0.009249999999997711 0 0.00015
260 0.009399999999997763 0 0.00015
261 0.009549999999998492 0 0.00015
262 0.00969999999999922 0 0.00015
263 0.009849999999999271 0 0.00015
264 0.00996917333719116 0.0007845909590588509 0.00015
265 0.009876883405378038 0.001564344654022231 0.00015
266 0.009723699202594176 0.002334453644317954 0.00015
267 0.009510565160331825 0.003090169951812119 0.00015
268 0.009238795320679264 0.003826834334354565 0.00015
269 0.008910065235674013 0.004539905009582624 0.00015
270 0.008526401634907029 0.005224985661248722 0.00015
271 0.008090169932702118 0.005877852538130112 0.00015
272 0.007604059642012731 0.006494480499679187 0.00015
273 0.007071067795116307 0.007071067828614643 0.00015
274 0.006494480467343347 0.007604059669630148 0.00015
275 0.005877852508574801 0.008090169954175309 0.00015
276 0.00522498563287208 0.008526401652296258 0.00015
277 0.004539904984034115 0.00891006524869163 0.00015
278 0.003826834312130686 0.009238795329884695 0.00015
279 0.003090169934558211 0.009510565165937958 0.00015
280 0.002334453631631637 0.009723699205639893 0.00015
281 0.001564344645632954 0.009876883406706768 0.00015
282 0.0007845909547687466 0.009969173337528798 0.00015
283 0 0.009849999999999271 0.00015
284 0 0.00969999999999922 0.00015
285 0 0.009549999999998492 0.00015
286 0 0.009399999999997763 0.00015
287 0 0.009249999999997711 0.00015
288 0 0.009099999999997662 0.00015
289 0 0.008949999999996933 0.00015
290 0 0.008799999999996881 0.00015
291 0 0.008649999999996152 0.00015
292 0 0.008499999999995424 0.00015
293 0 0.008349999999994695 0.00015
294 0 0.008199999999994916 0.00015
295 0 0.008049999999995679 0.00015
296 0 0.007899999999997119 0.00015
297 0 0.007749999999997543 0.00015
298 0 0.007599999999998475 0.00015
299 0 0.007449999999999915 0.00015
300 0 0.007300000000001152 0.00015
301 0 0.007150000000000729 0.00015
302 0.0005492136683587282 0.006978421336268537 0.00015
303 0.001095041252082124 0.006913818384672714 0.00015
304 0.001634117542305519 0.006806589443908702 0.00015
305 0.002163118954413846 0.006657395616084082 0.00015
306 0.002678784018774565 0.006467156730802029 0.00015
307 0.003177933489379215 0.006237045673801182 0.00015
308 0.003657489943359178 0.005968481156393683 0.00015
309 0.004114496756060133 0.005663118967880743 0.00015
310 0.004546136327879964 0.005322841768109408 0.00015
311 0.004949747456919498 0.004949747479692167 0.00015
312 0.005322841749698362 0.004546136349436528 0.00015
313 0.005663118953342769 0.004114496776069936 0.00015
314 0.005968481144749322 0.003657489962361048 0.00015
315 0.006237045665052988 0.003177933506548514 0.00015
316 0.006467156724514919 0.002678784033952991 0.00015
317 0.006657395612189108 0.002163118966401345 0.00015
318 0.006806589441768106 0.001634117551221745 0.00015
319 0.006913818383755994 0.001095041257870067 0.00015
320 0.006978421336030378 0.0005492136713848138 0.00015
321 -0.0007845909590588509 0.00996917333719116 0.00015
322 -0.001564344654022231 0.009876883405378038 0.00015
323 -0.002334453644317954 0.009723699202594176 0.00015
324 -0.003090169951812119 0.009510565160331825 0.00015
325 -0.003826834334354565 0.009238795320679264 0.00015
326 -0.004539905009582624 0.008910065235674013 0.00015
327 -0.005224985661248722 0.008526401634907029 0.00015
328 -0.005877852538130112 0.008090169932702118 0.00015
329 -0.006494480499679187 0.007604059642012731 0.00015
330 -0.007071067828614643 0.007071067795116307 0.00015
331 -0.007604059669630148 0.006494480467343347 0.00015
332 -0.008090169954175309 0.005877852508574801 0.00015
333 -0.008526401652296258 0.00522498563287208 0.00015
334 -0.00891006524869163 0.004539904984034115 0.00015
335 -0.009238795329884695 0.003826834312130686 0.00015
336 -0.009510565165937958 0.003090169934558211 0.00015
337 -0.009723699205639893 0.002334453631631637 0.00015
338 -0.009876883406706768 0.001564344645632954 0.00015
339 -0.009969173337528798 0.0007845909547687466 0.00015
340 -0.009849999999999271 0 0.00015
341 -0.00969999999999922 0 0.00015
342 -0.009549999999998492 0 0.00015
343 -0.009399999999997763 0 0.00015
344 -0.009249999999997711 0 0.00015
345 -0.009099999999997662 0 0.00015
346 -0.008949999999996933 0 0.00015
347 -0.008799999999996881 0 0.00015
348 -0.008649999999996152 0 0.00015
349 -0.008499999999995424 0 0.00015
350 -0.008349999999994695 0 0.00015
351 -0.008199999999994916 0 0.00015
352 -0.008049999999995679 0 0.00015
353 -0.007899999999997119 0 0.00015
354 -0.007749999999997543 0 0.00015
355 -0.007599999999998475 0 0.00015
356 -0.007449999999999915 0 0.00015
357 -0.007300000000001152 0 0.00015
358 -0.007150000000000729 0 0.00015
359 -0.006978421336268537 0.0005492136683587282 0.00015
360 -0.006913818384672714 0.001095041252082124 0.00015
361 -0.006806589443908702 0.001634117542305519 0.00015
362 -0.006657395616084082 0.002163118954413846 0.00015
363 -0.006467156730802029 0.002678784018774565 0.00015
364 -0.006237045673801182 0.003177933489379215 0.00015
365 -0.005968481156393683 0.003657489943359178 0.00015
366 -0.005663118967880743 0.004114496756060133 0.00015
367 -0.005322841768109408 0.004546136327879964 0.00015
368 -0.004949747479692167 0.004949747456919498 0.00015
369 -0.004546136349436528 0.005322841749698362 0.00015
370 -0.004114496776069936 0.005663118953342769 0.00015
371 -0.003657489962361048 0.005968481144749322 0.00015
372 -0.003177933506548514 0.006237045665052988 0.00015
373 -0.002678784033952991 0.006467156724514919 0.00015
374 -0.002163118966401345 0.006657395612189108 0.00015
375 -0.001634117551221745 0.006806589441768106 0.00015
376 -0.001095041257870067 0.006913818383755994 0.00015
377 -0.0005492136713848138 0.006978421336030378 0.00015
378 -0.00996917333719116 -0.0007845909590588509 0.00015
379 -0.009876883405378038 -0.001564344654022231 0.00015
380 -0.009723699202594176 -0.002334453644317954 0.00015
381 -0.009510565160331825 -0.003090169951812119 0.00015
382 -0.009238795320679264 -0.003826834334354565 0.00015
383 -0.008910065235674013 -0.004539905009582624 0.00015
384 -0.008526401634907029 -0.005224985661248722 0.00015
385 -0.008090169932702118 -0.005877852538130112 0.00015
386 -0.007604059642012731 -0.006494480499679187 0.00015
387 -0.007071067795116307 -0.007071067828614643 0.00015
388 -0.006494480467343347 -0.007604059669630148 0.00015
389 -0.005877852508574801 -0.008090169954175309 0.00015
390 -0.00522498563287208 -0.008526401652296258 0.00015
391 -0.004539904984034115 -0.00891006524869163 0.00015
392 -0.003826834312130686 -0.009238795329884695 0.00015
393 -0.003090169934558211 -0.009510565165937958 0.00015
394 -0.002334453631631637 -0.009723699205639893 0.00015
395 -0.001564344645632954 -0.009876883406706768 0.00015
396 -0.0007845909547687466 -0.009969173337528798 0.00015
397 0 -0.009849999999999271 0.00015
398 0 -0.00969999999999922 0.00015
399 0 -0.009549999999998492 0.00015
400 0 -0.009399999999997763 0.00015
401 0 -0.009249999999997711 0.00015
402 0 -0.009099999999997662 0.00015
403 0 -0.008949999999996933 0.00015
404 0 -0.008799999999996881 0.00015
405 0 -0.008649999999996152 0.00015
406 0 -0.008499999999995424 0.00015
407 0 -0.008349999999994695 0.00015
408 0 -0.008199999999994916 0.00015
409 0 -0.008049999999995679 0.00015
410 0 -0.007899999999997119 0.00015
411 0 -0.007749999999997543 0.00015
412 0 -0.007599999999998475 0.00015
413 0 -0.007449999999999915 0.00015
414 0 -0.007300000000001152 0.00015
415 0 -0.007150000000000729 0.00015
416 -0.0005492136683587282 -0.006978421336268537 0.00015
417 -0.001095041252082124 -0.006913818384672714 0.00015
418 -0.001634117542305519 -0.006806589443908702 0.00015
419 -0.002163118954413846 -0.006657395616084082 0.00015
420 -0.002678784018774565 -0.006467156730802029 0.00015
421 -0.003177933489379215 -0.006237045673801182 0.00015
422 -0.003657489943359178 -0.005968481156393683 0.00015
423 -0.004114496756060133 -0.005663118967880743 0.00015
424 -0.004546136327879964 -0.005322841768109408 0.00015
425 -0.004949747456919498 -0.004949747479692167 0.00015
426 -0.005322841749698362 -0.004546136349436528 0.00015
427 -0.005663118953342769 -0.004114496776069936 0.00015
428 -0.005968481144749322 -0.003657489962361048 0.00015
429 -0.006237045665052988 -0.003177933506548514 0.00015
430 -0.006467156724514919 -0.002678784033952991 0.00015
431 -0.006657395612189108 -0.002163118966401345 0.00015
432 -0.006806589441768106 -0.001634117551221745 0.00015
433 -0.006913818383755994 -0.001095041257870067 0.00015
434 -0.006978421336030378 -0.0005492136713848138 0.00015
435 0.0007845909590588509 -0.00996917333719116 0.00015
436 0.001564344654022231 -0.009876883405378038 0.00015
437 0.002334453644317954 -0.009723699202594176 0.00015
438 0.003090169951812119 -0.009510565160331825 0.00015
439 0.003826834334354565 -0.009238795320679264 0.00015
440 0.004539905009582624 -0.008910065235674013 0.00015
441 0.005224985661248722 -0.008526401634907029 0.00015
442 0.005877852538130112 -0.008090169932702118 0.00015
443 0.006494480499679187 -0.007604059642012731 0.00015
444 0.007071067828614643 -0.007071067795116307 0.00015
445 0.007604059669630148 -0.006494480467343347 0.00015
446 0.008090169954175309 -0.005877852508574801 0.00015
447 0.008526401652296258 -0.00522498563287208 0.00015
448 0.00891006524869163 -0.004539904984034115 0.00015
449 0.009238795329884695 -0.003826834312130686 0.00015
450 0.009510565165937958 -0.003090169934558211 0.00015
451 0.009723699205639893 -0.002334453631631637 0.00015
452 0.009876883406706768 -0.001564344645632954 0.00015
453 0.009969173337528798 -0.0007845909547687466 0.00015
454 0.006978421336268537 -0.0005492136683587282 0.00015
455 0.006913818384672714 -0.001095041252082124 0.00015
456 0.006806589443908702 -0.001634117542305519 0.00015
457 0.006657395616084082 -0.002163118954413846 0.00015
458 0.006467156730802029 -0.002678784018774565 0.00015
459 0.006237045673801182 -0.003177933489379215 0.00015
460 0.005968481156393683 -0.003657489943359178 0.00015
461 0.005663118967880743 -0.004114496756060133 0.00015
462 0.005322841768109408 -0.004546136327879964 0.00015
463 0.004949747479692167 -0.004949747456919498 0.00015
464 0.004546136349436528 -0.005322841749698362 0.00015
465 0.004114496776069936 -0.005663118953342769 0.00015
466 0.003657489962361048 -0.005968481144749322 0.00015
467 0.003177933506548514 -0.006237045665052988 0.00015
468 0.002678784033952991 -0.006467156724514919 0.00015
469 0.002163118966401345 -0.006657395612189108 0.00015
470 0.001634117551221745 -0.006806589441768106 0.00015
471 0.001095041257870067 -0.006913818383755994 0.00015
472 0.0005492136713848138 -0.006978421336030378 0.00015
473 0.007127958936089144 0.000560982535768573 0
474 0.007061971634837816 0.001118506427677789 0
475 0.006952444929810116 0.001669134355876725 0
476 0.006800054089596938 0.002209471515672109 0
477 0.006605738654323809 0.002736186548973348 0
478 0.006370696643584688 0.00324603208170055 0
479 0.00609637716925783 0.003735864747305812 0
480 0.005784471502311326 0.004202664564173373 0
481 0.005436902644314636 0.004643553556949135 0
482 0.005055813473829854 0.005055813497138806 0
483 0.004643553534853606 0.005436902663185998 0
484 0.004202664543686294 0.00578447151719606 0
485 0.003735864727835203 0.006096377181189432 0
486 0.003246032064112291 0.006370696652546353 0
487 0.00273618653344265 0.006605738660756835 0
488 0.00220947150342129 0.00680005409357747 0
489 0.001669134346771995 0.006952444931995972 0
490 0.001118506421759779 0.007061971635775137 0
491 0.0005609825326792863 0.007127958936332276 0
492 0.007277496536147605 0.0005727514001523078 0
493 0.007210124885919335 0.001141971597485464 0
494 0.007098300417851832 0.001704151160531634 0
495 0.006942712567004474 0.002255824064942779 0
496 0.006744320584132419 0.002793589063993589 0
497 0.006504347622116117 0.003314130656852449 0
498 0.006224273193766076 0.003814239532250417 0
499 0.005905824051279636 0.004290832352276631 0
500 0.005550963538930675 0.004740970764461542 0
501 0.005161879490739993 0.005161879514585229 0
502 0.00474097074182705 0.005550963558262358 0
503 0.004290832331312278 0.005905824066511131 0
504 0.00381423951231107 0.006224273205984922 0
505 0.003314130638845228 0.006504347631291253 0
506 0.002793589048110618 0.00674432059071136 0
507 0.002255824052428638 0.006942712571070566 0
508 0.001704151151238399 0.007098300420082942 0
509 0.001141971591437387 0.007210124886877256 0
510 0.0005727513969998204 0.007277496536395712 0
511 0.007427034136204411 0.0005845202645359128 0
512 0.007358278136999217 0.001165436767292878 0
513 0.007244155905891933 0.001739167965186156 0
514 0.007085371044410435 0.002302176614212935 0
515 0.006882902513939492 0.002850991579013193 0
516 0.006637998600646067 0.003382229232003592 0
517 0.006352169218272906 0.003892614317194155 0
518 0.006027176600246603 0.004379000140378913 0
519 0.005665024433545453 0.004838387971972872 0
520 0.005267945507648961 0.005267945532030478 0
521 0.004838387948799415 0.005665024453337453 0
522 0.004379000118937283 0.006027176615824858 0
523 0.003892614296786069 0.006352169230778998 0
524 0.003382229213577411 0.006637998610034674 0
525 0.002850991562777951 0.006882902520664352 0
526 0.002302176601435475 0.007085371048562081 0
527 0.001739167955704417 0.007244155908168297 0
528 0.001165436761114735 0.007358278137977738 0
529 0.0005845202613202243 0.007427034136457491 0
530 0.007576571736261014 0.0005962891289195017 0
531 0.007506431388078897 0.001188901937100261 0
532 0.007390011393931839 0.00177418476984063 0
533 0.0072280295218162 0.002348529163483029 0
534 0.00702148444374638 0.002908394094032722 0
535 0.006771649579175835 0.003450327807154644 0
536 0.006480065242779562 0.003970989102137785 0
537 0.006148529149213405 0.004467167928481075 0
538 0.005779085328160078 0.00493580517948407 0
539 0.005374011524557781 0.005374011549475584 0
540 0.00493580515577165 0.005779085348412396 0
541 0.00446716790656217 0.006148529165138423 0
542 0.003970989081260961 0.006480065255572897 0
543 0.003450327788309503 0.006771649588777914 0
544 0.002908394077445206 0.007021484450617153 0
545 0.002348529150442247 0.007228029526053406 0
546 0.001774184760170387 0.007390011396253459 0
547 0.001188901930792051 0.007506431389078019 0
548 0.0005962891256406121 0.007576571736519069 0
549 0.007726109336318124 0.0006080579933031305 0
550 0.007654584639159079 0.001212367106907724 0
551 0.007535866881972232 0.001809201574495223 0
552 0.007370687999222449 0.002394881712753279 0
553 0.007160066373553735 0.002965796609052444 0
554 0.006905300557706053 0.003518426382305926 0
555 0.006607961267286654 0.004049363887081683 0
556 0.00626988169818062 0.004555335716583534 0
557 0.005893146222775084 0.005033222386995597 0
558 0.005480077541466961 0.005480077566921049 0
559 0.005033222362744214 0.005893146243487724 0
560 0.004555335694187356 0.006269881714452396 0
561 0.004049363865736118 0.006607961280367232 0
562 0.003518426363041824 0.006905300567521604 0
563 0.002965796592112655 0.007160066380570425 0
564 0.002394881699449178 0.007370688003545213 0
565 0.001809201564636474 0.007535866884339111 0
566 0.001212367100469447 0.007654584640178801 0
567 0.0006080579899610401 0.007726109336581152 0
568 0.007875646936375741 0.0006198268576867989 0
569 0.007802737890239761 0.001235832276715265 0
570 0.007681722370013126 0.001844218379149935 0
571 0.007513346476629184 0.002441234262023687 0
572 0.007298648303361561 0.003023199124072361 0
573 0.007038951536236729 0.00358652495745744 0
574 0.006735857291794178 0.004127738672025844 0
575 0.006391234247148244 0.004643503504686296 0
576 0.006007207117390483 0.005130639594507456 0
577 0.005586143558376504 0.005586143584366873 0
578 0.005130639569717108 0.00600720713856344 0
579 0.004643503481812839 0.006391234263766782 0
580 0.004127738650211543 0.006735857305161999 0
581 0.003586524937774377 0.00703895154626575 0
582 0.003023199106780299 0.007298648310524166 0
583 0.002441234248456265 0.007513346481037504 0
584 0.001844218369102682 0.007681722372425258 0
585 0.001235832270146922 0.007802737891280085 0
586 0.0006198268542815077 0.007875646936643745 0
587 0.008025184536432346 0.0006315957220703878 0
588 0.007950891141319439 0.001259297446522648 0
589 0.00782757785805303 0.00187923518380441 0
590 0.007656004954034949 0.00248758681129378 0
591 0.007437230233168447 0.003080601639091888 0
592 0.007172602514766497 0.003654623532608491 0
593 0.006863753316300836 0.004206113456969475 0
594 0.006512586796115044 0.004731671292788457 0
595 0.006121268012005106 0.005228056802018652 0
596 0.005692209575285326 0.005692209601811979 0
597 0.00522805677668934 0.006121268033638382 0
598 0.004731671269437727 0.006512586813080345 0
599 0.004206113434686435 0.0068637533299559 0
600 0.003654623512506469 0.00717260252500899 0
601 0.003080601621447553 0.007437230240476969 0
602 0.002487586797463039 0.007656004958528828 0
603 0.001879235173568651 0.007827577860510419 0
604 0.001259297439824238 0.007950891142380364 0
605 0.0006315957186018955 0.008025184536705317 0
606 0.008174722136489624 0.0006433645864540298 0
607 0.008099044392399789 0.001282762616330137 0
608 0.00797343334609359 0.001914251988459041 0
609 0.007798663431441358 0.002533939360564083 0
610 0.007575812162975959 0.003138004154111675 0
611 0.007306253493296869 0.003722722107759851 0
612 0.00699164934080807 0.004284488241913461 0
613 0.006633939345082397 0.004819839080891019 0
614 0.006235328906620245 0.005325474009530291 0
615 0.005798275592194627 0.005798275619257564 0
616 0.005325473983662015 0.006235328928713839 0
617 0.004819839057063012 0.006633939362394457 0
618 0.004284488219161682 0.006991649354750379 0
619 0.003722722087238867 0.007306253503752832 0
620 0.003138004136115068 0.007575812170430398 0
621 0.002533939346470021 0.007798663436020797 0
622 0.001914251978034779 0.007973433348596234 0
623 0.00128276260950166 0.008099044393481313 0
624 0.0006433645829223367 0.008174722136767572 0
625 0.008324259736547445 0.0006551334508377143 0
626 0.008247197643480673 0.001306227786137711 0
627 0.008119288834134679 0.0019492687931138 0
628 0.007941321908848286 0.002580291909834554 0
629 0.007714394092783974 0.003195406669131669 0
630 0.007439904471827723 0.003790820682911456 0
631 0.007119545365315768 0.004362863026857729 0
632 0.006755291894050184 0.004908006868993896 0
633 0.006349389801235793 0.005422891217042279 0
634 0.005904341609104311 0.005904341636703531 0
635 0.00542289119063504 0.006349389823789707 0
636 0.004908006844688614 0.006755291911709005 0
637 0.004362863003637212 0.007119545379545319 0
638 0.003790820661971512 0.007439904482497157 0
639 0.003195406650782789 0.007714394100384328 0
640 0.002580291895477171 0.007941321913513278 0
641 0.001949268782501033 0.00811928883668258 0
642 0.001306227779179167 0.008247197644582798 0
643 0.0006551334472428204 0.008324259736830365 0
644 0.008473797336606206 0.0006669023152214733 0
645 0.008395350894562496 0.001329692955945433 0
646 0.008265144322176694 0.001984285597768781 0
647 0.008083980386256115 0.002626644459105318 0
648 0.007852976022592863 0.003252809184152027 0
649 0.007573555450359423 0.003858919258063491 0
650 0.007247441389824276 0.004441237811802495 0
651 0.006876644443018741 0.004996174657097334 0
652 0.006463450695852067 0.005520308424554887 0
653 0.006010407626014667 0.00601040765415017 0
654 0.005520308397608685 0.006463450718866298 0
655 0.004996174632314776 0.006876644461024325 0
656 0.004441237788113239 0.007247441404341069 0
657 0.003858919236704587 0.007573555461242328 0
658 0.003252809165450874 0.007852976030339137 0
659 0.002626644444484615 0.008083980391006669 0
660 0.00198428558696751 0.008265144324769847 0
661 0.001329692948856823 0.008395350895685223 0
662 0.0006669023115633784 0.008473797336894105 0
663 0.008623334936664973 0.0006786711796052322 0
664 0.008543504145644318 0.001353158125753155 0
665 0.008410999810218702 0.002019302402423762 0
666 0.00822663886366394 0.002672997008376082 0
667 0.007991557952401755 0.003310211699172384 0
668 0.007707206428891123 0.003927017833215527 0
669 0.007375337414332781 0.004519612596747258 0
670 0.006997996991987299 0.005084342445200771 0
671 0.00657751159046834 0.005617725632067493 0
672 0.006116473642925021 0.006116473671596808 0
673 0.005617725604582326 0.006577511613942889 0
674 0.005084342419940939 0.006997997010339643 0
675 0.004519612572589263 0.007375337429136819 0
676 0.003927017811437662 0.007707206439987499 0
677 0.003310211680118959 0.007991557960293941 0
678 0.002672996993492058 0.008226638868500055 0
679 0.002019302391433986 0.008410999812857114 0
680 0.001353158118534478 0.008543504146787645 0
681 0.0006786711758839364 0.008623334936957845 0
682 0.008772872536723738 0.0006904400439889914 0
683 0.00869165739672614 0.001376623295560877 0
684 0.008556855298260717 0.002054319207078742 0
685 0.008369297341071769 0.002719349557646846 0
686 0.008130139882210643 0.003367614214192742 0
687 0.007840857407422824 0.003995116408367565 0
688 0.007503233438841288 0.004597987381692023 0
689 0.007119349540955854 0.005172510233304208 0
690 0.006691572485084612 0.005715142839580098 0
691 0.006222539659835378 0.006222539689043446 0
692 0.005715142811555968 0.00669157250901948 0
693 0.0051725102075671 0.007119349559654959 0
694 0.004597987357065289 0.00750323345393257 0
695 0.003995116386170739 0.007840857418732673 0
696 0.003367614194787043 0.008130139890248746 0
697 0.002719349542499501 0.00836929734599344 0
698 0.002054319195900462 0.008556855300944384 0
699 0.001376623288212134 0.008691657397890067 0
700 0.0006904400402044946 0.008772872537021584 0
701 0.008922410136781826 0.0007022089083726974 0
702 0.008839810647807292 0.001400088465368494 0
703 0.008702710786302068 0.002089336011733564 0
704 0.008511955818478956 0.0027657021069174 0
705 0.00826872181201891 0.003425016729212839 0
706 0.007974508385953922 0.004063214983519293 0
707 0.007631129463349215 0.004676362166636434 0
708 0.007240702089923866 0.005260678021407247 0
709 0.006805633379700369 0.005812560047092264 0
710 0.006328605676745255 0.006328605706489607 0
711 0.00581256001852917 0.006805633404095557 0
712 0.005260677995192864 0.007240702108969729 0
713 0.004676362141540961 0.007631129478727742 0
714 0.004063214960903507 0.00797450839747724 0
715 0.00342501670945487 0.00826872182020293 0
716 0.002765702091506735 0.008511955823486182 0
717 0.00208933600036678 0.008702710789030991 0
718 0.001400088457889683 0.008839810648991822 0
719 0.0007022089045249996 0.008922410137084648 0
720 0.009071947736840596 0.0007139777727564562 0
721 0.008987963898889114 0.001423553635176216 0
722 0.008848566274344081 0.002124352816388546 0
723 0.008654614295886785 0.002812054656188165 0
724 0.008407303741827798 0.003482419244233198 0
725 0.008108159364485622 0.00413131355867133 0
726 0.007759025487857724 0.004754736951581198 0
727 0.007362054638892421 0.005348845809510686 0
728 0.006919694274316642 0.005909977254604871 0
729 0.006434671693655612 0.006434671723936246 0
730 0.005909977225502813 0.006919694299172148 0
731 0.005348845782819026 0.007362054658285049 0
732 0.004754736926016988 0.007759025503523493 0
733 0.004131313535636583 0.008108159376222413 0
734 0.003482419224122955 0.008407303750157738 0
735 0.002812054640514179 0.008654614300979569 0
736 0.002124352804833256 0.008848566277118261 0
737 0.001423553627567339 0.008987963900094242 0
738 0.0007139777688455577 0.00907194773714839 0
739 0.009221485336898684 0.0007257466371401622 0
740 0.009136117149970268 0.001447018804983832 0
741 0.008994421762385433 0.002159369621043367 0
742 0.008797272773293969 0.002858407205458718 0
743 0.008545885671636062 0.003539821759253295 0
744 0.008241810343016718 0.004199412133823058 0
745 0.007886921512365652 0.004833111736525608 0
746 0.00748340718786043 0.005437013597613722 0
747 0.007033755168932399 0.006007394462117036 0
748 0.006540737710565487 0.006540737741382407 0
749 0.006007394432476014 0.007033755194248223 0
750 0.005437013570444788 0.007483407207599815 0
751 0.004833111710492659 0.007886921528318663 0
752 0.00419941211036935 0.008241810354966976 0
753 0.003539821738790779 0.008545885680111914 0
754 0.002858407189521412 0.008797272778472313 0
755 0.002159369609299573 0.008994421765204871 0
756 0.001447018797244888 0.009136117151195994 0
757 0.0007257466331660623 0.009221485337211451 0
758 0.009371022936956772 0.0007375155015238681 0
759 0.00928427040105142 0.001470483974791448 0
760 0.009140277250426789 0.00219438642569819 0
761 0.008939931250701151 0.002904759754729273 0
762 0.008684467601444328 0.003597224274273393 0
763 0.008375461321547815 0.004267510708974786 0
764 0.008014817536873579 0.004911486521470019 0
765 0.007604759736828439 0.005525181385716761 0
766 0.007147816063548156 0.006104811669629204 0
767 0.006646803727475364 0.006646803758828566 0
768 0.006104811639449218 0.007147816089324298 0
769 0.005525181358070552 0.007604759756914585 0
770 0.00491148649496833 0.008014817553113835 0
771 0.00426751068510212 0.008375461333711547 0
772 0.003597224253458605 0.008684467610066096 0
773 0.002904759738528646 0.008939931255965053 0
774 0.002194386413765891 0.009140277253291479 0
775 0.001470483966922437 0.009284270402297748 0
776 0.0007375154974865675 0.009371022937274515 0
777 0.009520560537015541 0.0007492843659076271 0
778 0.00943242365213324 0.001493949144599171 0
779 0.009286132738468801 0.00222940323035317 0
780 0.009082589728108983 0.002951112304000037 0
781 0.008823049531253218 0.003654626789293752 0
782 0.008509112300079516 0.004335609284126822 0
783 0.008142713561382088 0.004989861306414784 0
784 0.007726112285796995 0.005613349173820199 0
785 0.00726187695816443 0.006202228877141809 0
786 0.00675286974438572 0.006752869776275205 0
787 0.00620222884642286 0.00726187698440089 0
788 0.005613349145696715 0.007726112306229905 0
789 0.004989861279444356 0.008142713577909586 0
790 0.004335609259835196 0.008509112312456718 0
791 0.003654626768126691 0.008823049540020901 0
792 0.002951112287536089 0.009082589733458442 0
793 0.002229403218232368 0.009286132741378747 0
794 0.001493949136600093 0.009432423653400171 0
795 0.0007492843618071255 0.009520560537338256 0
796 0.009670098137074304 0.0007610532302913858 0
797 0.009580576903215066 0.001517414314406893 0
798 0.009431988226510814 0.002264420035008151 0
799 0.00922524820551681 0.0029974648532708 0
800 0.00896163146106211 0.003712029304314109 0
801 0.008642763278611215 0.004403707859278859 0
802 0.008270609585890593 0.005068236091359547 0
803 0.007847464834765552 0.005701516961923636 0
804 0.007375937852780703 0.006299646084654415 0
805 0.006858935761296073 0.006858935793721844 0
806 0.0062996460533965 0.007375937879477481 0
807 0.005701516933322876 0.00784746485554522 0
808 0.005068236063920382 0.008270609602705335 0
809 0.00440370783456827 0.00864276329120189 0
810 0.003712029282794775 0.008961631469975705 0
811 0.002997464836543533 0.009225248210951827 0
812 0.002264420022698843 0.009431988229466016 0
813 0.001517414306277749 0.009580576904502593 0
814 0.0007610532261276836 0.009670098137401995 0
815 0.009819635737132392 0.0007728220946750918 0
816 0.009728730154296218 0.001540879484214509 0
817 0.009577843714552165 0.002299436839662973 0
818 0.009367906682923992 0.003043817402541355 0
819 0.00910021339087037 0.003769431819334206 0
820 0.008776414257142311 0.004471806434430587 0
821 0.00839850561039852 0.005146610876303957 0
822 0.00796881738373356 0.005789684750026673 0
823 0.007489998747396458 0.006397063292166581 0
824 0.00696500177820595 0.006965001811168004 0
825 0.006397063260369704 0.007489998774553556 0
826 0.00578968472094864 0.007968817404859992 0
827 0.005146610848396052 0.008398505627500507 0
828 0.004471806409301038 0.008776414269946457 0
829 0.003769431797462601 0.009100213399929891 0
830 0.003043817385550767 0.009367906688444569 0
831 0.002299436827165161 0.009577843717552624 0
832 0.001540879475955298 0.009728730155604347 0
833 0.0007728220904481885 0.00981963573746506 0
834 -0.000560982535768573 0.007127958936089144 0
835 -0.001118506427677789 0.007061971634837816 0
836 -0.001669134355876725 0.006952444929810116 0
837 -0.002209471515672109 0.006800054089596938 0
838 -0.002736186548973348 0.006605738654323809 0
839 -0.00324603208170055 0.006370696643584688 0
840 -0.003735864747305812 0.00609637716925783 0
841 -0.004202664564173373 0.005784471502311326 0
842 -0.004643553556949135 0.005436902644314636 0
843 -0.005055813497138806 0.005055813473829854 0
844 -0.005436902663185998 0.004643553534853606 0
845 -0.00578447151719606 0.004202664543686294 0
846 -0.006096377181189432 0.003735864727835203 0
847 -0.006370696652546353 0.003246032064112291 0
848 -0.006605738660756835 0.00273618653344265 0
849 -0.00680005409357747 0.00220947150342129 0
850 -0.006952444931995972 0.001669134346771995 0
851 -0.007061971635775137 0.001118506421759779 0
852 -0.007127958936332276 0.0005609825326792863 0
853 -0.0005727514001523078 0.007277496536147605 0
854 -0.001141971597485464 0.007210124885919335 0
855 -0.001704151160531634 0.007098300417851832 0
856 -0.002255824064942779 0.006942712567004474 0
857 -0.002793589063993589 0.006744320584132419 0
858 -0.003314130656852449 0.006504347622116117 0
859 -0.003814239532250417 0.006224273193766076 0
860 -0.004290832352276631 0.005905824051279636 0
861 -0.004740970764461542 0.005550963538930675 0
862 -0.005161879514585229 0.005161879490739993 0
863 -0.005550963558262358 0.00474097074182705 0
864 -0.005905824066511131 0.004290832331312278 0
865 -0.006224273205984922 0.00381423951231107 0
866 -0.006504347631291253 0.003314130638845228 0
867 -0.00674432059071136 0.002793589048110618 0
868 -0.006942712571070566 0.002255824052428638 0
869 -0.007098300420082942 0.001704151151238399 0
870 -0.007210124886877256 0.001141971591437387 0
871 -0.007277496536395712 0.0005727513969998204 0
872 -0.0005845202645359128 0.007427034136204411 0
873 -0.001165436767292878 0.007358278136999217 0
874 -0.001739167965186156 0.007244155905891933 0
875 -0.002302176614212935 0.007085371044410435 0
876 -0.002850991579013193 0.006882902513939492 0
877 -0.003382229232003592 0.006637998600646067 0
878 -0.003892614317194155 0.006352169218272906 0
879 -0.004379000140378913 0.006027176600246603 0
880 -0.004838387971972872 0.005665024433545453 0
881 -0.005267945532030478 0.005267945507648961 0
882 -0.005665024453337453 0.004838387948799415 0
883 -0.006027176615824858 0.004379000118937283 0
884 -0.006352169230778998 0.003892614296786069 0
885 -0.006637998610034674 0.003382229213577411 0
886 -0.006882902520664352 0.002850991562777951 0
887 -0.007085371048562081 0.002302176601435475 0
888 -0.007244155908168297 0.001739167955704417 0
889 -0.007358278137977738 0.001165436761114735 0
890 -0.007427034136457491 0.0005845202613202243 0
891 -0.0005962891289195017 0.007576571736261014 0
892 -0.001188901937100261 0.007506431388078897 0
893 -0.00177418476984063 0.007390011393931839 0
894 -0.002348529163483029 0.0072280295218162 0
895 -0.002908394094032722 0.00702148444374638 0
896 -0.003450327807154644 0.006771649579175835 0
897 -0.003970989102137785 0.006480065242779562 0
898 -0.004467167928481075 0.006148529149213405 0
899 -0.00493580517948407 0.005779085328160078 0
900 -0.005374011549475584 0.005374011524557781 0
901 -0.005779085348412396 0.00493580515577165 0
902 -0.006148529165138423 0.00446716790656217 0
903 -0.006480065255572897 0.003970989081260961 0
904 -0.006771649588777914 0.003450327788309503 0
905 -0.007021484450617153 0.002908394077445206 0
906 -0.007228029526053406 0.002348529150442247 0
907 -0.007390011396253459 0.001774184760170387 0
908 -0.007506431389078019 0.001188901930792051 0
909 -0.007576571736519069 0.0005962891256406121 0
910 -0.0006080579933031305 0.007726109336318124 0
911 -0.001212367106907724 0.007654584639159079 0
912 -0.001809201574495223 0.007535866881972232 0
913 -0.002394881712753279 0.007370687999222449 0
914 -0.002965796609052444 0.007160066373553735 0
915 -0.003518426382305926 0.006905300557706053 0
916 -0.004049363887081683 0.006607961267286654 0
917 -0.004555335716583534 0.00626988169818062 0
918 -0.005033222386995597 0.005893146222775084 0
919 -0.005480077566921049 0.005480077541466961 0
920 -0.005893146243487724 0.005033222362744214 0
921 -0.006269881714452396 0.004555335694187356 0
922 -0.006607961280367232 0.004049363865736118 0
923 -0.006905300567521604 0.003518426363041824 0
924 -0.007160066380570425 0.002965796592112655 0
925 -0.007370688003545213 0.002394881699449178 0
926 -0.007535866884339111 0.001809201564636474 0
927 -0.007654584640178801 0.001212367100469447 0
928 -0.007726109336581152 0.0006080579899610401 0
929 -0.0006198268576867989 0.007875646936375741 0
930 -0.001235832276715265 0.007802737890239761 0
931 -0.001844218379149935 0.007681722370013126 0
932 -0.002441234262023687 0.007513346476629184 0
933 -0.003023199124072361 0.007298648303361561 0
934 -0.00358652495745744 0.007038951536236729 0
935 -0.004127738672025844 0.006735857291794178 0
936 -0.004643503504686296 0.006391234247148244 0
937 -0.005130639594507456 0.006007207117390483 0
938 -0.005586143584366873 0.005586143558376504 0
939 -0.00600720713856344 0.005130639569717108 0
940 -0.006391234263766782 0.004643503481812839 0
941 -0.006735857305161999 0.004127738650211543 0
942 -0.00703895154626575 0.003586524937774377 0
943 -0.007298648310524166 0.003023199106780299 0
944 -0.007513346481037504 0.002441234248456265 0
945 -0.007681722372425258 0.001844218369102682 0
946 -0.007802737891280085 0.001235832270146922 0
947 -0.007875646936643745 0.0006198268542815077 0
948 -0.0006315957220703878 0.008025184536432346 0
949 -0.001259297446522648 0.007950891141319439 0
950 -0.00187923518380441 0.00782757785805303 0
951 -0.00248758681129378 0.007656004954034949 0
952 -0.003080601639091888 0.007437230233168447 0
953 -0.003654623532608491 0.007172602514766497 0
954 -0.004206113456969475 0.006863753316300836 0
955 -0.004731671292788457 0.006512586796115044 0
956 -0.005228056802018652 0.006121268012005106 0
957 -0.005692209601811979 0.005692209575285326 0
958 -0.006121268033638382 0.00522805677668934 0
959 -0.006512586813080345 0.004731671269437727 0
960 -0.0068637533299559 0.004206113434686435 0
961 -0.00717260252500899 0.003654623512506469 0
962 -0.007437230240476969 0.003080601621447553 0
963 -0.007656004958528828 0.002487586797463039 0
964 -0.007827577860510419 0.001879235173568651 0
965 -0.007950891142380364 0.001259297439824238 0
966 -0.008025184536705317 0.0006315957186018955 0
967 -0.0006433645864540298 0.008174722136489624 0
968 -0.001282762616330137 0.008099044392399789 0
969 -0.001914251988459041 0.00797343334609359 0
970 -0.002533939360564083 0.007798663431441358 0
971 -0.003138004154111675 0.007575812162975959 0
972 -0.003722722107759851 0.007306253493296869 0
973 -0.004284488241913461 0.00699164934080807 0
974 -0.004819839080891019 0.006633939345082397 0
975 -0.005325474009530291 0.006235328906620245 0
976 -0.005798275619257564 0.005798275592194627 0
977 -0.006235328928713839 0.005325473983662015 0
978 -0.006633939362394457 0.004819839057063012 0
979 -0.006991649354750379 0.004284488219161682 0
980 -0.007306253503752832 0.003722722087238867 0
981 -0.007575812170430398 0.003138004136115068 0
982 -0.007798663436020797 0.002533939346470021 0
983 -0.007973433348596234 0.001914251978034779 0
984 -0.008099044393481313 0.00128276260950166 0
985 -0.008174722136767572 0.0006433645829223367 0
986 -0.0006551334508377143 0.008324259736547445 0
987 -0.001306227786137711 0.008247197643480673 0
988 -0.0019492687931138 0.008119288834134679 0
989 -0.002580291909834554 0.007941321908848286 0
990 -0.003195406669131669 0.007714394092783974 0
991 -0.003790820682911456 0.007439904471827723 0
992 -0.004362863026857729 0.007119545365315768 0
993 -0.004908006868993896 0.006755291894050184 0
994 -0.005422891217042279 0.006349389801235793 0
995 -0.005904341636703531 0.005904341609104311 0
996 -0.006349389823789707 0.00542289119063504 0
997 -0.006755291911709005 0.004908006844688614 0
998 -0.007119545379545319 0.004362863003637212 0
999 -0.007439904482497157 0.003790820661971512 0
1000 -0.007714394100384328 0.003195406650782789 0
1001 -0.007941321913513278 0.002580291895477171 0
1002 -0.00811928883668258 0.001949268782501033 0
1003 -0.008247197644582798 0.001306227779179167 0
1004 -0.008324259736830365 0.0006551334472428204 0
1005 -0.0006669023152214733 0.008473797336606206 0
1006 -0.001329692955945433 0.008395350894562496 0
1007 -0.001984285597768781 0.008265144322176694 0
1008 -0.002626644459105318 0.008083980386256115 0
1009 -0.003252809184152027 0.007852976022592863 0
1010 -0.003858919258063491 0.007573555450359423 0
1011 -0.004441237811802495 0.007247441389824276 0
1012 -0.004996174657097334 0.006876644443018741 0
1013 -0.005520308424554887 0.006463450695852067 0
1014 -0.00601040765415017 0.006010407626014667 0
1015 -0.006463450718866298 0.005520308397608685 0
1016 -0.006876644461024325 0.004996174632314776 0
1017 -0.007247441404341069 0.004441237788113239 0
1018 -0.007573555461242328 0.003858919236704587 0
1019 -0.007852976030339137 0.003252809165450874 0
1020 -0.008083980391006669 0.002626644444484615 0
1021 -0.008265144324769847 0.00198428558696751 0
1022 -0.008395350895685223 0.001329692948856823 0
1023 -0.008473797336894105 0.0006669023115633784 0
1024 -0.0006786711796052322 0.008623334936664973 0
1025 -0.001353158125753155 0.008543504145644318 0
1026 -0.002019302402423762 0.008410999810218702 0
1027 -0.002672997008376082 0.00822663886366394 0
1028 -0.003310211699172384 0.007991557952401755 0
1029 -0.003927017833215527 0.007707206428891123 0
1030 -0.004519612596747258 0.007375337414332781 0
1031 -0.005084342445200771 0.006997996991987299 0
1032 -0.005617725632067493 0.00657751159046834 0
1033 -0.006116473671596808 0.006116473642925021 0
1034 -0.006577511613942889 0.005617725604582326 0
1035 -0.006997997010339643 0.005084342419940939 0
1036 -0.007375337429136819 0.004519612572589263 0
1037 -0.007707206439987499 0.003927017811437662 0
1038 -0.007991557960293941 0.003310211680118959 0
1039 -0.008226638868500055 0.002672996993492058 0
1040 -0.008410999812857114 0.002019302391433986 0
1041 -0.008543504146787645 0.001353158118534478 0
1042 -0.008623334936957845 0.0006786711758839364 0
1043 -0.0006904400439889914 0.008772872536723738 0
1044 -0.001376623295560877 0.00869165739672614 0
1045 -0.002054319207078742 0.008556855298260717 0
1046 -0.002719349557646846 0.008369297341071769 0
1047 -0.003367614214192742 0.008130139882210643 0
1048 -0.003995116408367565 0.007840857407422824 0
1049 -0.004597987381692023 0.007503233438841288 0
1050 -0.005172510233304208 0.007119349540955854 0
1051 -0.005715142839580098 0.006691572485084612 0
1052 -0.006222539689043446 0.006222539659835378 0
1053 -0.00669157250901948 0.005715142811555968 0
1054 -0.007119349559654959 0.0051725102075671 0
1055 -0.00750323345393257 0.004597987357065289 0
1056 -0.007840857418732673 0.003995116386170739 0
1057 -0.008130139890248746 0.003367614194787043 0
1058 -0.00836929734599344 0.002719349542499501 0
1059 -0.008556855300944384 0.002054319195900462 0
1060 -0.008691657397890067 0.001376623288212134 0
1061 -0.008772872537021584 0.0006904400402044946 0
1062 -0.0007022089083726974 0.008922410136781826 0
1063 -0.001400088465368494 0.008839810647807292 0
1064 -0.002089336011733564 0.008702710786302068 0
1065 -0.0027657021069174 0.008511955818478956 0
1066 -0.003425016729212839 0.00826872181201891 0
1067 -0.004063214983519293 0.007974508385953922 0
1068 -0.004676362166636434 0.007631129463349215 0
1069 -0.005260678021407247 0.007240702089923866 0
1070 -0.005812560047092264 0.006805633379700369 0
1071 -0.006328605706489607 0.006328605676745255 0
1072 -0.006805633404095557 0.00581256001852917 0
1073 -0.007240702108969729 0.005260677995192864 0
1074 -0.007631129478727742 0.004676362141540961 0
1075 -0.00797450839747724 0.004063214960903507 0
1076 -0.00826872182020293 0.00342501670945487 0
1077 -0.008511955823486182 0.002765702091506735 0
1078 -0.008702710789030991 0.00208933600036678 0
1079 -0.008839810648991822 0.001400088457889683 0
1080 -0.008922410137084648 0.0007022089045249996 0
1081 -0.0007139777727564562 0.009071947736840596 0
1082 -0.001423553635176216 0.008987963898889114 0
1083 -0.002124352816388546 0.008848566274344081 0
1084 -0.002812054656188165 0.008654614295886785 0
1085 -0.003482419244233198 0.008407303741827798 0
1086 -0.00413131355867133 0.008108159364485622 0
1087 -0.004754736951581198 0.007759025487857724 0
1088 -0.005348845809510686 0.007362054638892421 0
1089 -0.005909977254604871 0.006919694274316642 0
1090 -0.006434671723936246 0.006434671693655612 0
1091 -0.006919694299172148 0.005909977225502813 0
1092 -0.007362054658285049 0.005348845782819026 0
1093 -0.007759025503523493 0.004754736926016988 0
1094 -0.008108159376222413 0.004131313535636583 0
1095 -0.008407303750157738 0.003482419224122955 0
1096 -0.008654614300979569 0.002812054640514179 0
1097 -0.008848566277118261 0.002124352804833256 0
1098 -0.008987963900094242 0.001423553627567339 0
1099 -0.00907194773714839 0.0007139777688455577 0
1100 -0.0007257466371401622 0.009221485336898684 0
1101 -0.001447018804983832 0.009136117149970268 0
1102 -0.002159369621043367 0.008994421762385433 0
1103 -0.002858407205458718 0.008797272773293969 0
1104 -0.003539821759253295 0.008545885671636062 0
1105 -0.004199412133823058 0.008241810343016718 0
1106 -0.004833111736525608 0.007886921512365652 0
1107 -0.005437013597613722 0.00748340718786043 0
1108 -0.006007394462117036 0.007033755168932399 0
1109 -0.006540737741382407 0.006540737710565487 0
1110 -0.007033755194248223 0.006007394432476014 0
1111 -0.007483407207599815 0.005437013570444788 0
1112 -0.007886921528318663 0.004833111710492659 0
1113 -0.008241810354966976 0.00419941211036935 0
1114 -0.008545885680111914 0.003539821738790779 0
1115 -0.008797272778472313 0.002858407189521412 0
1116 -0.008994421765204871 0.002159369609299573 0
1117 -0.009136117151195994 0.001447018797244888 0
1118 -0.009221485337211451 0.0007257466331660623 0
1119 -0.0007375155015238681 0.009371022936956772 0
1120 -0.001470483974791448 0.00928427040105142 0
1121 -0.00219438642569819 0.009140277250426789 0
1122 -0.002904759754729273 0.008939931250701151 0
1123 -0.003597224274273393 0.008684467601444328 0
1124 -0.004267510708974786 0.008375461321547815 0
1125 -0.004911486521470019 0.008014817536873579 0
1126 -0.005525181385716761 0.007604759736828439 0
1127 -0.006104811669629204 0.007147816063548156 0
1128 -0.006646803758828566 0.006646803727475364 0
1129 -0.007147816089324298 0.006104811639449218 0
1130 -0.007604759756914585 0.005525181358070552 0
1131 -0.008014817553113835 0.00491148649496833 0
1132 -0.008375461333711547 0.00426751068510212 0
1133 -0.008684467610066096 0.003597224253458605 0
1134 -0.008939931255965053 0.002904759738528646 0
1135 -0.009140277253291479 0.002194386413765891 0
1136 -0.009284270402297748 0.001470483966922437 0
1137 -0.009371022937274515 0.0007375154974865675 0
1138 -0.0007492843659076271 0.009520560537015541 0
1139 -0.001493949144599171 0.00943242365213324 0
1140 -0.00222940323035317 0.009286132738468801 0
1141 -0.002951112304000037 0.009082589728108983 0
1142 -0.003654626789293752 0.008823049531253218 0
1143 -0.004335609284126822 0.008509112300079516 0
1144 -0.004989861306414784 0.008142713561382088 0
1145 -0.005613349173820199 0.007726112285796995 0
1146 -0.006202228877141809 0.00726187695816443 0
1147 -0.006752869776275205 0.00675286974438572 0
1148 -0.00726187698440089 0.00620222884642286 0
1149 -0.007726112306229905 0.005613349145696715 0
1150 -0.008142713577909586 0.004989861279444356 0
1151 -0.008509112312456718 0.004335609259835196 0
1152 -0.008823049540020901 0.003654626768126691 0
1153 -0.009082589733458442 0.002951112287536089 0
1154 -0.009286132741378747 0.002229403218232368 0
1155 -0.009432423653400171 0.001493949136600093 0
1156 -0.009520560537338256 0.0007492843618071255 0
1157 -0.0007610532302913858 0.009670098137074304 0
1158 -0.001517414314406893 0.009580576903215066 0
1159 -0.002264420035008151 0.009431988226510814 0
1160 -0.0029974648532708 0.00922524820551681 0
1161 -0.003712029304314109 0.00896163146106211 0
1162 -0.004403707859278859 0.008642763278611215 0
1163 -0.005068236091359547 0.008270609585890593 0
1164 -0.005701516961923636 0.007847464834765552 0
1165 -0.006299646084654415 0.007375937852780703 0
1166 -0.006858935793721844 0.006858935761296073 0
1167 -0.007375937879477481 0.0062996460533965 0
1168 -0.00784746485554522 0.005701516933322876 0
1169 -0.008270609602705335 0.005068236063920382 0
1170 -0.00864276329120189 0.00440370783456827 0
1171 -0.008961631469975705 0.003712029282794775 0
1172 -0.009225248210951827 0.002997464836543533 0
1173 -0.009431988229466016 0.002264420022698843 0
1174 -0.009580576904502593 0.001517414306277749 0
1175 -0.009670098137401995 0.0007610532261276836 0
1176 -0.0007728220946750918 0.009819635737132392 0
1177 -0.001540879484214509 0.009728730154296218 0
1178 -0.002299436839662973 0.009577843714552165 0
1179 -0.003043817402541355 0.009367906682923992 0
1180 -0.003769431819334206 0.00910021339087037 0
1181 -0.004471806434430587 0.008776414257142311 0
1182 -0.005146610876303957 0.00839850561039852 0
1183 -0.005789684750026673 0.00796881738373356 0
1184 -0.006397063292166581 0.007489998747396458 0
1185 -0.006965001811168004 0.00696500177820595 0
1186 -0.007489998774553556 0.006397063260369704 0
1187 -0.007968817404859992 0.00578968472094864 0
1188 -0.008398505627500507 0.005146610848396052 0
1189 -0.008776414269946457 0.004471806409301038 0
1190 -0.009100213399929891 0.003769431797462601 0
1191 -0.009367906688444569 0.003043817385550767 0
1192 -0.009577843717552624 0.002299436827165161 0
1193 -0.009728730155604347 0.001540879475955298 0
1194 -0.00981963573746506 0.0007728220904481885 0
1195 -0.007127958936089144 -0.000560982535768573 0
1196 -0.007061971634837816 -0.001118506427677789 0
1197 -0.006952444929810116 -0.001669134355876725 0
1198 -0.006800054089596938 -0.002209471515672109 0
1199 -0.006605738654323809 -0.002736186548973348 0
1200 -0.006370696643584688 -0.00324603208170055 0
1201 -0.00609637716925783 -0.003735864747305812 0
1202 -0.005784471502311326 -0.004202664564173373 0
1203 -0.005436902644314636 -0.004643553556949135 0
1204 -0.005055813473829854 -0.005055813497138806 0
1205 -0.004643553534853606 -0.005436902663185998 0
1206 -0.004202664543686294 -0.00578447151719606 0
1207 -0.003735864727835203 -0.006096377181189432 0
1208 -0.003246032064112291 -0.006370696652546353 0
1209 -0.00273618653344265 -0.006605738660756835 0
1210 -0.00220947150342129 -0.00680005409357747 0
1211 -0.001669134346771995 -0.006952444931995972 0
1212 -0.001118506421759779 -0.007061971635775137 0
1213 -0.0005609825326792863 -0.007127958936332276 0
1214 -0.007277496536147605 -0.0005727514001523078 0
1215 -0.007210124885919335 -0.001141971597485464 0
1216 -0.007098300417851832 -0.001704151160531634 0
1217 -0.006942712567004474 -0.002255824064942779 0
1218 -0.006744320584132419 -0.002793589063993589 0
1219 -0.006504347622116117 -0.003314130656852449 0
1220 -0.006224273193766076 -0.003814239532250417 0
1221 -0.005905824051279636 -0.004290832352276631 0
1222 -0.005550963538930675 -0.004740970764461542 0
1223 -0.005161879490739993 -0.005161879514585229 0
1224 -0.00474097074182705 -0.005550963558262358 0
1225 -0.004290832331312278 -0.005905824066511131 0
1226 -0.00381423951231107 -0.006224273205984922 0
1227 -0.003314130638845228 -0.006504347631291253 0
1228 -0.002793589048110618 -0.00674432059071136 0
1229 -0.002255824052428638 -0.006942712571070566 0
1230 -0.001704151151238399 -0.007098300420082942 0
1231 -0.001141971591437387 -0.007210124886877256 0
1232 -0.0005727513969998204 -0.007277496536395712 0
1233 -0.007427034136204411 -0.0005845202645359128 0
1234 -0.007358278136999217 -0.001165436767292878 0
1235 -0.007244155905891933 -0.001739167965186156 0
1236 -0.007085371044410435 -0.002302176614212935 0
1237 -0.006882902513939492 -0.002850991579013193 0
1238 -0.006637998600646067 -0.003382229232003592 0
1239 -0.006352169218272906 -0.003892614317194155 0
1240 -0.006027176600246603 -0.004379000140378913 0
1241 -0.005665024433545453 -0.004838387971972872 0
1242 -0.005267945507648961 -0.005267945532030478 0
1243 -0.004838387948799415 -0.005665024453337453 0
1244 -0.004379000118937283 -0.006027176615824858 0
1245 -0.003892614296786069 -0.006352169230778998 0
1246 -0.003382229213577411 -0.006637998610034674 0
1247 -0.002850991562777951 -0.006882902520664352 0
1248 -0.002302176601435475 -0.007085371048562081 0
1249 -0.001739167955704417 -0.007244155908168297 0
1250 -0.001165436761114735 -0.007358278137977738 0
1251 -0.0005845202613202243 -0.007427034136457491 0
1252 -0.007576571736261014 -0.0005962891289195017 0
1253 -0.007506431388078897 -0.001188901937100261 0
1254 -0.007390011393931839 -0.00177418476984063 0
1255 -0.0072280295218162 -0.002348529163483029 0
1256 -0.00702148444374638 -0.002908394094032722 0
1257 -0.006771649579175835 -0.003450327807154644 0
1258 -0.006480065242779562 -0.003970989102137785 0
1259 -0.006148529149213405 -0.004467167928481075 0
1260 -0.005779085328160078 -0.00493580517948407 0
1261 -0.005374011524557781 -0.005374011549475584 0
1262 -0.00493580515577165 -0.005779085348412396 0
1263 -0.00446716790656217 -0.006148529165138423 0
1264 -0.003970989081260961 -0.006480065255572897 0
1265 -0.003450327788309503 -0.006771649588777914 0
1266 -0.002908394077445206 -0.007021484450617153 0
1267 -0.002348529150442247 -0.007228029526053406 0
1268 -0.001774184760170387 -0.007390011396253459 0
1269 -0.001188901930792051 -0.007506431389078019 0
1270 -0.0005962891256406121 -0.007576571736519069 0
1271 -0.007726109336318124 -0.0006080579933031305 0
1272 -0.007654584639159079 -0.001212367106907724 0
1273 -0.007535866881972232 -0.001809201574495223 0
1274 -0.007370687999222449 -0.002394881712753279 0
1275 -0.007160066373553735 -0.002965796609052444 0
1276 -0.006905300557706053 -0.003518426382305926 0
1277 -0.006607961267286654 -0.004049363887081683 0
1278 -0.00626988169818062 -0.004555335716583534 0
1279 -0.005893146222775084 -0.005033222386995597 0
1280 -0.005480077541466961 -0.005480077566921049 0
1281 -0.005033222362744214 -0.005893146243487724 0
1282 -0.004555335694187356 -0.006269881714452396 0
1283 -0.004049363865736118 -0.006607961280367232 0
1284 -0.003518426363041824 -0.006905300567521604 0
1285 -0.002965796592112655 -0.007160066380570425 0
1286 -0.002394881699449178 -0.007370688003545213 0
1287 -0.001809201564636474 -0.007535866884339111 0
1288 -0.001212367100469447 -0.007654584640178801 0
1289 -0.0006080579899610401 -0.007726109336581152 0
1290 -0.007875646936375741 -0.0006198268576867989 0
1291 -0.007802737890239761 -0.001235832276715265 0
1292 -0.007681722370013126 -0.001844218379149935 0
1293 -0.007513346476629184 -0.002441234262023687 0
1294 -0.007298648303361561 -0.003023199124072361 0
1295 -0.007038951536236729 -0.00358652495745744 0
1296 -0.006735857291794178 -0.004127738672025844 0
1297 -0.006391234247148244 -0.004643503504686296 0
1298 -0.006007207117390483 -0.005130639594507456 0
1299 -0.005586143558376504 -0.005586143584366873 0
1300 -0.005130639569717108 -0.00600720713856344 0
1301 -0.004643503481812839 -0.006391234263766782 0
1302 -0.004127738650211543 -0.006735857305161999 0
1303 -0.003586524937774377 -0.00703895154626575 0
1304 -0.003023199106780299 -0.007298648310524166 0
1305 -0.002441234248456265 -0.007513346481037504 0
1306 -0.001844218369102682 -0.007681722372425258 0
1307 -0.001235832270146922 -0.007802737891280085 0
1308 -0.0006198268542815077 -0.007875646936643745 0
1309 -0.008025184536432346 -0.0006315957220703878 0
1310 -0.007950891141319439 -0.001259297446522648 0
1311 -0.00782757785805303 -0.00187923518380441 0
1312 -0.007656004954034949 -0.00248758681129378 0
1313 -0.007437230233168447 -0.003080601639091888 0
1314 -0.007172602514766497 -0.003654623532608491 0
1315 -0.006863753316300836 -0.004206113456969475 0
1316 -0.006512586796115044 -0.004731671292788457 0
1317 -0.006121268012005106 -0.005228056802018652 0
1318 -0.005692209575285326 -0.005692209601811979 0
1319 -0.00522805677668934 -0.006121268033638382 0
1320 -0.004731671269437727 -0.006512586813080345 0
1321 -0.004206113434686435 -0.0068637533299559 0
1322 -0.003654623512506469 -0.00717260252500899 0
1323 -0.003080601621447553 -0.007437230240476969 0
1324 -0.002487586797463039 -0.007656004958528828 0
1325 -0.001879235173568651 -0.007827577860510419 0
1326 -0.001259297439824238 -0.007950891142380364 0
1327 -0.0006315957186018955 -0.008025184536705317 0
1328 -0.008174722136489624 -0.0006433645864540298 0
1329 -0.008099044392399789 -0.001282762616330137 0
1330 -0.00797343334609359 -0.001914251988459041 0
1331 -0.007798663431441358 -0.002533939360564083 0
1332 -0.007575812162975959 -0.003138004154111675 0
1333 -0.007306253493296869 -0.003722722107759851 0
1334 -0.00699164934080807 -0.004284488241913461 0
1335 -0.006633939345082397 -0.004819839080891019 0
1336 -0.006235328906620245 -0.005325474009530291 0
1337 -0.005798275592194627 -0.005798275619257564 0
1338 -0.005325473983662015 -0.006235328928713839 0
1339 -0.004819839057063012 -0.006633939362394457 0
1340 -0.004284488219161682 -0.006991649354750379 0
1341 -0.003722722087238867 -0.007306253503752832 0
1342 -0.003138004136115068 -0.007575812170430398 0
1343 -0.002533939346470021 -0.007798663436020797 0
1344 -0.001914251978034779 -0.007973433348596234 0
1345 -0.00128276260950166 -0.008099044393481313 0
1346 -0.0006433645829223367 -0.008174722136767572 0
1347 -0.008324259736547445 -0.0006551334508377143 0
1348 -0.008247197643480673 -0.001306227786137711 0
1349 -0.008119288834134679 -0.0019492687931138 0
1350 -0.007941321908848286 -0.002580291909834554 0
1351 -0.007714394092783974 -0.003195406669131669 0
1352 -0.007439904471827723 -0.003790820682911456 0
1353 -0.007119545365315768 -0.004362863026857729 0
1354 -0.006755291894050184 -0.004908006868993896 0
1355 -0.006349389801235793 -0.005422891217042279 0
1356 -0.005904341609104311 -0.005904341636703531 0
1357 -0.00542289119063504 -0.006349389823789707 0
1358 -0.004908006844688614 -0.006755291911709005 0
1359 -0.004362863003637212 -0.007119545379545319 0
1360 -0.003790820661971512 -0.007439904482497157 0
1361 -0.003195406650782789 -0.007714394100384328 0
1362 -0.002580291895477171 -0.007941321913513278 0
1363 -0.001949268782501033 -0.00811928883668258 0
1364 -0.001306227779179167 -0.008247197644582798 0
1365 -0.0006551334472428204 -0.008324259736830365 0
1366 -0.008473797336606206 -0.0006669023152214733 0
1367 -0.008395350894562496 -0.001329692955945433 0
1368 -0.008265144322176694 -0.001984285597768781 0
1369 -0.008083980386256115 -0.002626644459105318 0
1370 -0.007852976022592863 -0.003252809184152027 0
1371 -0.007573555450359423 -0.003858919258063491 0
1372 -0.007247441389824276 -0.004441237811802495 0
1373 -0.006876644443018741 -0.004996174657097334 0
1374 -0.006463450695852067 -0.005520308424554887 0
1375 -0.006010407626014667 -0.00601040765415017 0
1376 -0.005520308397608685 -0.006463450718866298 0
1377 -0.004996174632314776 -0.006876644461024325 0
1378 -0.004441237788113239 -0.007247441404341069 0
1379 -0.003858919236704587 -0.007573555461242328 0
1380 -0.003252809165450874 -0.007852976030339137 0
1381 -0.002626644444484615 -0.008083980391006669 0
1382 -0.00198428558696751 -0.008265144324769847 0
1383 -0.001329692948856823 -0.008395350895685223 0
1384 -0.0006669023115633784 -0.008473797336894105 0
1385 -0.008623334936664973 -0.0006786711796052322 0
1386 -0.008543504145644318 -0.001353158125753155 0
1387 -0.008410999810218702 -0.002019302402423762 0
1388 -0.00822663886366394 -0.002672997008376082 0
1389 -0.007991557952401755 -0.003310211699172384 0
1390 -0.007707206428891123 -0.003927017833215527 0
1391 -0.007375337414332781 -0.004519612596747258 0
1392 -0.006997996991987299 -0.005084342445200771 0
1393 -0.00657751159046834 -0.005617725632067493 0
1394 -0.006116473642925021 -0.006116473671596808 0
1395 -0.005617725604582326 -0.006577511613942889 0
1396 -0.005084342419940939 -0.006997997010339643 0
1397 -0.004519612572589263 -0.007375337429136819 0
1398 -0.003927017811437662 -0.007707206439987499 0
1399 -0.003310211680118959 -0.007991557960293941 0
1400 -0.002672996993492058 -0.008226638868500055 0
1401 -0.002019302391433986 -0.008410999812857114 0
1402 -0.001353158118534478 -0.008543504146787645 0
1403 -0.0006786711758839364 -0.008623334936957845 0
1404 -0.008772872536723738 -0.0006904400439889914 0
1405 -0.00869165739672614 -0.001376623295560877 0
1406 -0.008556855298260717 -0.002054319207078742 0
1407 -0.008369297341071769 -0.002719349557646846 0
1408 -0.008130139882210643 -0.003367614214192742 0
1409 -0.007840857407422824 -0.003995116408367565 0
1410 -0.007503233438841288 -0.004597987381692023 0
1411 -0.007119349540955854 -0.005172510233304208 0
1412 -0.006691572485084612 -0.005715142839580098 0
1413 -0.006222539659835378 -0.006222539689043446 0
1414 -0.005715142811555968 -0.00669157250901948 0
1415 -0.0051725102075671 -0.007119349559654959 0
1416 -0.004597987357065289 -0.00750323345393257 0
1417 -0.003995116386170739 -0.007840857418732673 0
1418 -0.003367614194787043 -0.008130139890248746 0
1419 -0.002719349542499501 -0.00836929734599344 0
1420 -0.002054319195900462 -0.008556855300944384 0
1421 -0.001376623288212134 -0.008691657397890067 0
1422 -0.0006904400402044946 -0.008772872537021584 0
1423 -0.008922410136781826 -0.0007022089083726974 0
1424 -0.008839810647807292 -0.001400088465368494 0
1425 -0.008702710786302068 -0.002089336011733564 0
1426 -0.008511955818478956 -0.0027657021069174 0
1427 -0.00826872181201891 -0.003425016729212839 0
1428 -0.007974508385953922 -0.004063214983519293 0
1429 -0.007631129463349215 -0.004676362166636434 0
1430 -0.007240702089923866 -0.005260678021407247 0
1431 -0.006805633379700369 -0.005812560047092264 0
1432 -0.006328605676745255 -0.006328605706489607 0
1433 -0.00581256001852917 -0.006805633404095557 0
1434 -0.005260677995192864 -0.007240702108969729 0
1435 -0.004676362141540961 -0.007631129478727742 0
1436 -0.004063214960903507 -0.00797450839747724 0
1437 -0.00342501670945487 -0.00826872182020293 0
1438 -0.002765702091506735 -0.008511955823486182 0
1439 -0.00208933600036678 -0.008702710789030991 0
1440 -0.001400088457889683 -0.008839810648991822 0
1441 -0.0007022089045249996 -0.008922410137084648 0
1442 -0.009071947736840596 -0.0007139777727564562 0
1443 -0.008987963898889114 -0.001423553635176216 0
1444 -0.008848566274344081 -0.002124352816388546 0
1445 -0.008654614295886785 -0.002812054656188165 0
1446 -0.008407303741827798 -0.003482419244233198 0
1447 -0.008108159364485622 -0.00413131355867133 0
1448 -0.007759025487857724 -0.004754736951581198 0
1449 -0.007362054638892421 -0.005348845809510686 0
1450 -0.006919694274316642 -0.005909977254604871 0
1451 -0.006434671693655612 -0.006434671723936246 0
1452 -0.005909977225502813 -0.006919694299172148 0
1453 -0.005348845782819026 -0.007362054658285049 0
1454 -0.004754736926016988 -0.007759025503523493 0
1455 -0.004131313535636583 -0.008108159376222413 0
1456 -0.003482419224122955 -0.008407303750157738 0
1457 -0.002812054640514179 -0.008654614300979569 0
1458 -0.002124352804833256 -0.008848566277118261 0
1459 -0.001423553627567339 -0.008987963900094242 0
1460 -0.0007139777688455577 -0.00907194773714839 0
1461 -0.009221485336898684 -0.0007257466371401622 0
1462 -0.009136117149970268 -0.001447018804983832 0
1463 -0.008994421762385433 -0.002159369621043367 0
1464 -0.008797272773293969 -0.002858407205458718 0
1465 -0.008545885671636062 -0.003539821759253295 0
1466 -0.008241810343016718 -0.004199412133823058 0
1467 -0.007886921512365652 -0.004833111736525608 0
1468 -0.00748340718786043 -0.005437013597613722 0
1469 -0.007033755168932399 -0.006007394462117036 0
1470 -0.006540737710565487 -0.006540737741382407 0
1471 -0.006007394432476014 -0.007033755194248223 0
1472 -0.005437013570444788 -0.007483407207599815 0
1473 -0.004833111710492659 -0.007886921528318663 0
1474 -0.00419941211036935 -0.008241810354966976 0
1475 -0.003539821738790779 -0.008545885680111914 0
1476 -0.002858407189521412 -0.008797272778472313 0
1477 -0.002159369609299573 -0.008994421765204871 0
1478 -0.001447018797244888 -0.009136117151195994 0
1479 -0.0007257466331660623 -0.009221485337211451 0
1480 -0.009371022936956772 -0.0007375155015238681 0
1481 -0.00928427040105142 -0.001470483974791448 0
1482 -0.009140277250426789 -0.00219438642569819 0
1483 -0.008939931250701151 -0.002904759754729273 0
1484 -0.008684467601444328 -0.003597224274273393 0
1485 -0.008375461321547815 -0.004267510708974786 0
1486 -0.008014817536873579 -0.004911486521470019 0
1487 -0.007604759736828439 -0.005525181385716761 0
1488 -0.007147816063548156 -0.006104811669629204 0
1489 -0.006646803727475364 -0.006646803758828566 0
1490 -0.006104811639449218 -0.007147816089324298 0
1491 -0.005525181358070552 -0.007604759756914585 0
1492 -0.00491148649496833 -0.008014817553113835 0
1493 -0.00426751068510212 -0.008375461333711547 0
1494 -0.003597224253458605 -0.008684467610066096 0
1495 -0.002904759738528646 -0.008939931255965053 0
1496 -0.002194386413765891 -0.009140277253291479 0
1497 -0.001470483966922437 -0.009284270402297748 0
1498 -0.0007375154974865675 -0.009371022937274515 0
1499 -0.009520560537015541 -0.0007492843659076271 0
1500 -0.00943242365213324 -0.001493949144599171 0
1501 -0.009286132738468801 -0.00222940323035317 0
1502 -0.009082589728108983 -0.002951112304000037 0
1503 -0.008823049531253218 -0.003654626789293752 0
1504 -0.008509112300079516 -0.004335609284126822 0
1505 -0.008142713561382088 -0.004989861306414784 0
1506 -0.007726112285796995 -0.005613349173820199 0
1507 -0.00726187695816443 -0.006202228877141809 0
1508 -0.00675286974438572 -0.006752869776275205 0
1509 -0.00620222884642286 -0.00726187698440089 0
1510 -0.005613349145696715 -0.007726112306229905 0
1511 -0.004989861279444356 -0.008142713577909586 0
1512 -0.004335609259835196 -0.008509112312456718 0
1513 -0.003654626768126691 -0.008823049540020901 0
1514 -0.002951112287536089 -0.009082589733458442 0
1515 -0.002229403218232368 -0.009286132741378747 0
1516 -0.001493949136600093 -0.009432423653400171 0
1517 -0.0007492843618071255 -0.009520560537338256 0
1518 -0.009670098137074304 -0.0007610532302913858 0
1519 -0.009580576903215066 -0.001517414314406893 0
1520 -0.009431988226510814 -0.002264420035008151 0
1521 -0.00922524820551681 -0.0029974648532708 0
1522 -0.00896163146106211 -0.003712029304314109 0
1523 -0.008642763278611215 -0.004403707859278859 0
1524 -0.008270609585890593 -0.005068236091359547 0
1525 -0.007847464834765552 -0.005701516961923636 0
1526 -0.007375937852780703 -0.006299646084654415 0
1527 -0.006858935761296073 -0.006858935793721844 0
1528 -0.0062996460533965 -0.007375937879477481 0
1529 -0.005701516933322876 -0.00784746485554522 0
1530 -0.005068236063920382 -0.008270609602705335 0
1531 -0.00440370783456827 -0.00864276329120189 0
1532 -0.003712029282794775 -0.008961631469975705 0
1533 -0.002997464836543533 -0.009225248210951827 0
1534 -0.002264420022698843 -0.009431988229466016 0
1535 -0.001517414306277749 -0.009580576904502593 0
1536 -0.0007610532261276836 -0.009670098137401995 0
1537 -0.009819635737132392 -0.0007728220946750918 0
1538 -0.009728730154296218 -0.001540879484214509 0
1539 -0.009577843714552165 -0.002299436839662973 0
1540 -0.009367906682923992 -0.003043817402541355 0
1541 -0.00910021339087037 -0.003769431819334206 0
1542 -0.008776414257142311 -0.004471806434430587 0
1543 -0.00839850561039852 -0.005146610876303957 0
1544 -0.00796881738373356 -0.005789684750026673 0
1545 -0.007489998747396458 -0.006397063292166581 0
1546 -0.00696500177820595 -0.006965001811168004 0
1547 -0.006397063260369704 -0.007489998774553556 0
1548 -0.00578968472094864 -0.007968817404859992 0
1549 -0.005146610848396052 -0.008398505627500507 0
1550 -0.004471806409301038 -0.008776414269946457 0
1551 -0.003769431797462601 -0.009100213399929891 0
1552 -0.003043817385550767 -0.009367906688444569 0
1553 -0.002299436827165161 -0.009577843717552624 0
1554 -0.001540879475955298 -0.009728730155604347 0
1555 -0.0007728220904481885 -0.00981963573746506 0
1556 0.000560982535768573 -0.007127958936089144 0
1557 0.001118506427677789 -0.007061971634837816 0
1558 0.001669134355876725 -0.006952444929810116 0
1559 0.002209471515672109 -0.006800054089596938 0
1560 0.002736186548973348 -0.006605738654323809 0
1561 0.00324603208170055 -0.006370696643584688 0
1562 0.003735864747305812 -0.00609637716925783 0
1563 0.004202664564173373 -0.005784471502311326 0
1564 0.004643553556949135 -0.005436902644314636 0
1565 0.005055813497138806 -0.005055813473829854 0
1566 0.005436902663185998 -0.004643553534853606 0
1567 0.00578447151719606 -0.004202664543686294 0
1568 0.006096377181189432 -0.003735864727835203 0
1569 0.006370696652546353 -0.003246032064112291 0
1570 0.006605738660756835 -0.00273618653344265 0
1571 0.00680005409357747 -0.00220947150342129 0
1572 0.006952444931995972 -0.001669134346771995 0
1573 0.007061971635775137 -0.001118506421759779 0
1574 0.007127958936332276 -0.0005609825326792863 0
1575 0.0005727514001523078 -0.007277496536147605 0
1576 0.001141971597485464 -0.007210124885919335 0
1577 0.001704151160531634 -0.007098300417851832 0
1578 0.002255824064942779 -0.006942712567004474 0
1579 0.002793589063993589 -0.006744320584132419 0
1580 0.003314130656852449 -0.006504347622116117 0
1581 0.003814239532250417 -0.006224273193766076 0
1582 0.004290832352276631 -0.005905824051279636 0
1583 0.004740970764461542 -0.005550963538930675 0
1584 0.005161879514585229 -0.005161879490739993 0
1585 0.005550963558262358 -0.00474097074182705 0
1586 0.005905824066511131 -0.004290832331312278 0
1587 0.006224273205984922 -0.00381423951231107 0
1588 0.006504347631291253 -0.003314130638845228 0
1589 0.00674432059071136 -0.002793589048110618 0
1590 0.006942712571070566 -0.002255824052428638 0
1591 0.007098300420082942 -0.001704151151238399 0
1592 0.007210124886877256 -0.001141971591437387 0
1593 0.007277496536395712 -0.0005727513969998204 0
1594 0.0005845202645359128 -0.007427034136204411 0
1595 0.001165436767292878 -0.007358278136999217 0
1596 0.001739167965186156 -0.007244155905891933 0
1597 0.002302176614212935 -0.007085371044410435 0
1598 0.002850991579013193 -0.006882902513939492 0
1599 0.003382229232003592 -0.006637998600646067 0
1600 0.003892614317194155 -0.006352169218272906 0
1601 0.004379000140378913 -0.006027176600246603 0
1602 0.004838387971972872 -0.005665024433545453 0
1603 0.005267945532030478 -0.005267945507648961 0
1604 0.005665024453337453 -0.004838387948799415 0
1605 0.006027176615824858 -0.004379000118937283 0
1606 0.006352169230778998 -0.003892614296786069 0
1607 0.006637998610034674 -0.003382229213577411 0
1608 0.006882902520664352 -0.002850991562777951 0
1609 0.007085371048562081 -0.002302176601435475 0
1610 0.007244155908168297 -0.001739167955704417 0
1611 0.007358278137977738 -0.001165436761114735 0
1612 0.007427034136457491 -0.0005845202613202243 0
1613 0.0005962891289195017 -0.007576571736261014 0
1614 0.001188901937100261 -0.007506431388078897 0
1615 0.00177418476984063 -0.007390011393931839 0
1616 0.002348529163483029 -0.0072280295218162 0
1617 0.002908394094032722 -0.00702148444374638 0
1618 0.003450327807154644 -0.006771649579175835 0
1619 0.003970989102137785 -0.006480065242779562 0
1620 0.004467167928481075 -0.006148529149213405 0
1621 0.00493580517948407 -0.005779085328160078 0
1622 0.005374011549475584 -0.005374011524557781 0
1623 0.005779085348412396 -0.00493580515577165 0
1624 0.006148529165138423 -0.00446716790656217 0
1625 0.006480065255572897 -0.003970989081260961 0
1626 0.006771649588777914 -0.003450327788309503 0
1627 0.007021484450617153 -0.002908394077445206 0
1628 0.007228029526053406 -0.002348529150442247 0
1629 0.007390011396253459 -0.001774184760170387 0
1630 0.007506431389078019 -0.001188901930792051 0
1631 0.007576571736519069 -0.0005962891256406121 0
1632 0.0006080579933031305 -0.007726109336318124 0
1633 0.001212367106907724 -0.007654584639159079 0
1634 0.001809201574495223 -0.007535866881972232 0
1635 0.002394881712753279 -0.007370687999222449 0
1636 0.002965796609052444 -0.007160066373553735 0
1637 0.003518426382305926 -0.006905300557706053 0
1638 0.004049363887081683 -0.006607961267286654 0
1639 0.004555335716583534 -0.00626988169818062 0
1640 0.005033222386995597 -0.005893146222775084 0
1641 0.005480077566921049 -0.005480077541466961 0
1642 0.005893146243487724 -0.005033222362744214 0
1643 0.006269881714452396 -0.004555335694187356 0
1644 0.006607961280367232 -0.004049363865736118 0
1645 0.006905300567521604 -0.003518426363041824 0
1646 0.007160066380570425 -0.002965796592112655 0
1647 0.007370688003545213 -0.002394881699449178 0
1648 0.007535866884339111 -0.001809201564636474 0
1649 0.007654584640178801 -0.001212367100469447 0
1650 0.007726109336581152 -0.0006080579899610401 0
1651 0.0006198268576867989 -0.007875646936375741 0
1652 0.001235832276715265 -0.007802737890239761 0
1653 0.001844218379149935 -0.007681722370013126 0
1654 0.002441234262023687 -0.007513346476629184 0
1655 0.003023199124072361 -0.007298648303361561 0
1656 0.00358652495745744 -0.007038951536236729 0
1657 0.004127738672025844 -0.006735857291794178 0
1658 0.004643503504686296 -0.006391234247148244 0
1659 0.005130639594507456 -0.006007207117390483 0
1660 0.005586143584366873 -0.005586143558376504 0
1661 0.00600720713856344 -0.005130639569717108 0
1662 0.006391234263766782 -0.004643503481812839 0
1663 0.006735857305161999 -0.004127738650211543 0
1664 0.00703895154626575 -0.003586524937774377 0
1665 0.007298648310524166 -0.003023199106780299 0
1666 0.007513346481037504 -0.002441234248456265 0
1667 0.007681722372425258 -0.001844218369102682 0
1668 0.007802737891280085 -0.001235832270146922 0
1669 0.007875646936643745 -0.0006198268542815077 0
1670 0.0006315957220703878 -0.008025184536432346 0
1671 0.001259297446522648 -0.007950891141319439 0
1672 0.00187923518380441 -0.00782757785805303 0
1673 0.00248758681129378 -0.007656004954034949 0
1674 0.003080601639091888 -0.007437230233168447 0
1675 0.003654623532608491 -0.007172602514766497 0
1676 0.004206113456969475 -0.006863753316300836 0
1677 0.004731671292788457 -0.006512586796115044 0
1678 0.005228056802018652 -0.006121268012005106 0
1679 0.005692209601811979 -0.005692209575285326 0
1680 0.006121268033638382 -0.00522805677668934 0
1681 0.006512586813080345 -0.004731671269437727 0
1682 0.0068637533299559 -0.004206113434686435 0
1683 0.00717260252500899 -0.003654623512506469 0
1684 0.007437230240476969 -0.003080601621447553 0
1685 0.007656004958528828 -0.002487586797463039 0
1686 0.007827577860510419 -0.001879235173568651 0
1687 0.007950891142380364 -0.001259297439824238 0
1688 0.008025184536705317 -0.0006315957186018955 0
1689 0.0006433645864540298 -0.008174722136489624 0
1690 0.001282762616330137 -0.008099044392399789 0
1691 0.001914251988459041 -0.00797343334609359 0
1692 0.002533939360564083 -0.007798663431441358 0
1693 0.003138004154111675 -0.007575812162975959 0
1694 0.003722722107759851 -0.007306253493296869 0
1695 0.004284488241913461 -0.00699164934080807 0
1696 0.004819839080891019 -0.006633939345082397 0
1697 0.005325474009530291 -0.006235328906620245 0
1698 0.005798275619257564 -0.005798275592194627 0
1699 0.006235328928713839 -0.005325473983662015 0
1700 0.006633939362394457 -0.004819839057063012 0
1701 0.006991649354750379 -0.004284488219161682 0
1702 0.007306253503752832 -0.003722722087238867 0
1703 0.007575812170430398 -0.003138004136115068 0
1704 0.007798663436020797 -0.002533939346470021 0
1705 0.007973433348596234 -0.001914251978034779 0
1706 0.008099044393481313 -0.00128276260950166 0
1707 0.008174722136767572 -0.0006433645829223367 0
1708 0.0006551334508377143 -0.008324259736547445 0
1709 0.001306227786137711 -0.008247197643480673 0
1710 0.0019492687931138 -0.008119288834134679 0
1711 0.002580291909834554 -0.007941321908848286 0
1712 0.003195406669131669 -0.007714394092783974 0
1713 0.003790820682911456 -0.007439904471827723 0
1714 0.004362863026857729 -0.007119545365315768 0
1715 0.004908006868993896 -0.006755291894050184 0
1716 0.005422891217042279 -0.006349389801235793 0
1717 0.005904341636703531 -0.005904341609104311 0
1718 0.006349389823789707 -0.00542289119063504 0
1719 0.006755291911709005 -0.004908006844688614 0
1720 0.007119545379545319 -0.004362863003637212 0
1721 0.007439904482497157 -0.003790820661971512 0
1722 0.007714394100384328 -0.003195406650782789 0
1723 0.007941321913513278 -0.002580291895477171 0
1724 0.00811928883668258 -0.001949268782501033 0
1725 0.008247197644582798 -0.001306227779179167 0
1726 0.008324259736830365 -0.0006551334472428204 0
1727 0.0006669023152214733 -0.008473797336606206 0
1728 0.001329692955945433 -0.008395350894562496 0
1729 0.001984285597768781 -0.008265144322176694 0
1730 0.002626644459105318 -0.008083980386256115 0
1731 0.003252809184152027 -0.007852976022592863 0
1732 0.003858919258063491 -0.007573555450359423 0
1733 0.004441237811802495 -0.007247441389824276 0
1734 0.004996174657097334 -0.006876644443018741 0
1735 0.005520308424554887 -0.006463450695852067 0
1736 0.00601040765415017 -0.006010407626014667 0
1737 0.006463450718866298 -0.005520308397608685 0
1738 0.006876644461024325 -0.004996174632314776 0
1739 0.007247441404341069 -0.004441237788113239 0
1740 0.007573555461242328 -0.003858919236704587 0
1741 0.007852976030339137 -0.003252809165450874 0
1742 0.008083980391006669 -0.002626644444484615 0
1743 0.008265144324769847 -0.00198428558696751 0
1744 0.008395350895685223 -0.001329692948856823 0
1745 0.008473797336894105 -0.0006669023115633784 0
1746 0.0006786711796052322 -0.008623334936664973 0
1747 0.001353158125753155 -0.008543504145644318 0
1748 0.002019302402423762 -0.008410999810218702 0
1749 0.002672997008376082 -0.00822663886366394 0
1750 0.003310211699172384 -0.007991557952401755 0
1751 0.003927017833215527 -0.007707206428891123 0
1752 0.004519612596747258 -0.007375337414332781 0
1753 0.005084342445200771 -0.006997996991987299 0
1754 0.005617725632067493 -0.00657751159046834 0
1755 0.006116473671596808 -0.006116473642925021 0
1756 0.006577511613942889 -0.005617725604582326 0
1757 0.006997997010339643 -0.005084342419940939 0
1758 0.007375337429136819 -0.004519612572589263 0
1759 0.007707206439987499 -0.003927017811437662 0
1760 0.007991557960293941 -0.003310211680118959 0
1761 0.008226638868500055 -0.002672996993492058 0
1762 0.008410999812857114 -0.002019302391433986 0
1763 0.008543504146787645 -0.001353158118534478 0
1764 0.008623334936957845 -0.0006786711758839364 0
1765 0.0006904400439889914 -0.008772872536723738 0
1766 0.001376623295560877 -0.00869165739672614 0
1767 0.002054319207078742 -0.008556855298260717 0
1768 0.002719349557646846 -0.008369297341071769 0
1769 0.003367614214192742 -0.008130139882210643 0
1770 0.003995116408367565 -0.007840857407422824 0
1771 0.004597987381692023 -0.007503233438841288 0
1772 0.005172510233304208 -0.007119349540955854 0
1773 0.005715142839580098 -0.006691572485084612 0
1774 0.006222539689043446 -0.006222539659835378 0
1775 0.00669157250901948 -0.005715142811555968 0
1776 0.007119349559654959 -0.0051725102075671 0
1777 0.00750323345393257 -0.004597987357065289 0
1778 0.007840857418732673 -0.003995116386170739 0
1779 0.008130139890248746 -0.003367614194787043 0
1780 0.00836929734599344 -0.002719349542499501 0
1781 0.008556855300944384 -0.002054319195900462 0
1782 0.008691657397890067 -0.001376623288212134 0
1783 0.008772872537021584 -0.0006904400402044946 0
1784 0.0007022089083726974 -0.008922410136781826 0
1785 0.001400088465368494 -0.008839810647807292 0
1786 0.002089336011733564 -0.008702710786302068 0
1787 0.0027657021069174 -0.008511955818478956 0
1788 0.003425016729212839 -0.00826872181201891 0
1789 0.004063214983519293 -0.007974508385953922 0
1790 0.004676362166636434 -0.007631129463349215 0
1791 0.005260678021407247 -0.007240702089923866 0
1792 0.005812560047092264 -0.006805633379700369 0
1793 0.006328605706489607 -0.006328605676745255 0
1794 0.006805633404095557 -0.00581256001852917 0
1795 0.007240702108969729 -0.005260677995192864 0
1796 0.007631129478727742 -0.004676362141540961 0
1797 0.00797450839747724 -0.004063214960903507 0
1798 0.00826872182020293 -0.00342501670945487 0
1799 0.008511955823486182 -0.002765702091506735 0
1800 0.008702710789030991 -0.00208933600036678 0
1801 0.008839810648991822 -0.001400088457889683 0
1802 0.008922410137084648 -0.0007022089045249996 0
1803 0.0007139777727564562 -0.009071947736840596 0
1804 0.001423553635176216 -0.008987963898889114 0
1805 0.002124352816388546 -0.008848566274344081 0
1806 0.002812054656188165 -0.008654614295886785 0
1807 0.003482419244233198 -0.008407303741827798 0
1808 0.00413131355867133 -0.008108159364485622 0
1809 0.004754736951581198 -0.007759025487857724 0
1810 0.005348845809510686 -0.007362054638892421 0
1811 0.005909977254604871 -0.006919694274316642 0
1812 0.006434671723936246 -0.006434671693655612 0
1813 0.006919694299172148 -0.005909977225502813 0
1814 0.007362054658285049 -0.005348845782819026 0
1815 0.007759025503523493 -0.004754736926016988 0
1816 0.008108159376222413 -0.004131313535636583 0
1817 0.008407303750157738 -0.003482419224122955 0
1818 0.008654614300979569 -0.002812054640514179 0
1819 0.008848566277118261 -0.002124352804833256 0
1820 0.008987963900094242 -0.001423553627567339 0
1821 0.00907194773714839 -0.0007139777688455577 0
1822 0.0007257466371401622 -0.009221485336898684 0
1823 0.001447018804983832 -0.009136117149970268 0
1824 0.002159369621043367 -0.008994421762385433 0
1825 0.002858407205458718 -0.008797272773293969 0
1826 0.003539821759253295 -0.008545885671636062 0
1827 0.004199412133823058 -0.008241810343016718 0
1828 0.004833111736525608 -0.007886921512365652 0
1829 0.005437013597613722 -0.00748340718786043 0
1830 0.006007394462117036 -0.007033755168932399 0
1831 0.006540737741382407 -0.006540737710565487 0
1832 0.007033755194248223 -0.006007394432476014 0
1833 0.007483407207599815 -0.005437013570444788 0
1834 0.007886921528318663 -0.004833111710492659 0
1835 0.008241810354966976 -0.00419941211036935 0
1836 0.008545885680111914 -0.003539821738790779 0
1837 0.008797272778472313 -0.002858407189521412 0
1838 0.008994421765204871 -0.002159369609299573 0
1839 0.009136117151195994 -0.001447018797244888 0
1840 0.009221485337211451 -0.0007257466331660623 0
1841 0.0007375155015238681 -0.009371022936956772 0
1842 0.001470483974791448 -0.00928427040105142 0
1843 0.00219438642569819 -0.009140277250426789 0
1844 0.002904759754729273 -0.008939931250701151 0
1845 0.003597224274273393 -0.008684467601444328 0
1846 0.004267510708974786 -0.008375461321547815 0
1847 0.004911486521470019 -0.008014817536873579 0
1848 0.005525181385716761 -0.007604759736828439 0
1849 0.006104811669629204 -0.007147816063548156 0
1850 0.006646803758828566 -0.006646803727475364 0
1851 0.007147816089324298 -0.006104811639449218 0
1852 0.007604759756914585 -0.005525181358070552 0
1853 0.008014817553113835 -0.00491148649496833 0
1854 0.008375461333711547 -0.00426751068510212 0
1855 0.008684467610066096 -0.003597224253458605 0
1856 0.008939931255965053 -0.002904759738528646 0
1857 0.009140277253291479 -0.002194386413765891 0
1858 0.009284270402297748 -0.001470483966922437 0
1859 0.009371022937274515 -0.0007375154974865675 0
1860 0.0007492843659076271 -0.009520560537015541 0
1861 0.001493949144599171 -0.00943242365213324 0
1862 0.00222940323035317 -0.009286132738468801 0
1863 0.002951112304000037 -0.009082589728108983 0
1864 0.003654626789293752 -0.008823049531253218 0
1865 0.004335609284126822 -0.008509112300079516 0
1866 0.004989861306414784 -0.008142713561382088 0
1867 0.005613349173820199 -0.007726112285796995 0
1868 0.006202228877141809 -0.00726187695816443 0
1869 0.006752869776275205 -0.00675286974438572 0
1870 0.00726187698440089 -0.00620222884642286 0
1871 0.007726112306229905 -0.005613349145696715 0
1872 0.008142713577909586 -0.004989861279444356 0
1873 0.008509112312456718 -0.004335609259835196 0
1874 0.008823049540020901 -0.003654626768126691 0
1875 0.009082589733458442 -0.002951112287536089 0
1876 0.009286132741378747 -0.002229403218232368 0
1877 0.009432423653400171 -0.001493949136600093 0
1878 0.009520560537338256 -0.0007492843618071255 0
1879 0.0007610532302913858 -0.009670098137074304 0
1880 0.001517414314406893 -0.009580576903215066 0
1881 0.002264420035008151 -0.009431988226510814 0
1882 0.0029974648532708 -0.00922524820551681 0
1883 0.003712029304314109 -0.00896163146106211 0
1884 0.004403707859278859 -0.008642763278611215 0
1885 0.005068236091359547 -0.008270609585890593 0
1886 0.005701516961923636 -0.007847464834765552 0
1887 0.006299646084654415 -0.007375937852780703 0
1888 0.006858935793721844 -0.006858935761296073 0
1889 0.007375937879477481 -0.0062996460533965 0
1890 0.00784746485554522 -0.005701516933322876 0
1891 0.008270609602705335 -0.005068236063920382 0
1892 0.00864276329120189 -0.00440370783456827 0
1893 0.008961631469975705 -0.003712029282794775 0
1894 0.009225248210951827 -0.002997464836543533 0
1895 0.009431988229466016 -0.002264420022698843 0
1896 0.009580576904502593 -0.001517414306277749 0
1897 0.009670098137401995 -0.0007610532261276836 0
1898 0.0007728220946750918 -0.009819635737132392 0
1899 0.001540879484214509 -0.009728730154296218 0
1900 0.002299436839662973 -0.009577843714552165 0
1901 0.003043817402541355 -0.009367906682923992 0
1902 0.003769431819334206 -0.00910021339087037 0
1903 0.004471806434430587 -0.008776414257142311 0
1904 0.005146610876303957 -0.00839850561039852 0
1905 0.005789684750026673 -0.00796881738373356 0
1906 0.006397063292166581 -0.007489998747396458 0
1907 0.006965001811168004 -0.00696500177820595 0
1908 0.007489998774553556 -0.006397063260369704 0
1909 0.007968817404859992 -0.00578968472094864 0
1910 0.008398505627500507 -0.005146610848396052 0
1911 0.008776414269946457 -0.004471806409301038 0
1912 0.009100213399929891 -0.003769431797462601 0
1913 0.009367906688444569 -0.003043817385550767 0
1914 0.009577843717552624 -0.002299436827165161 0
1915 0.009728730155604347 -0.001540879475955298 0
1916 0.00981963573746506 -0.0007728220904481885 0
1917 0.007127958936089144 0.000560982535768573 0.00015
1918 0.007061971634837816 0.001118506427677789 0.00015
1919 0.006952444929810116 0.001669134355876725 0.00015
1920 0.006800054089596938 0.002209471515672109 0.00015
1921 0.006605738654323809 0.002736186548973348 0.00015
1922 0.006370696643584688 0.00324603208170055 0.00015
1923 0.00609637716925783 0.003735864747305812 0.00015
1924 0.005784471502311326 0.004202664564173373 0.00015
1925 0.005436902644314636 0.004643553556949135 0.00015
1926 0.005055813473829854 0.005055813497138806 0.00015
1927 0.004643553534853606 0.005436902663185998 0.00015
1928 0.004202664543686294 0.00578447151719606 0.00015
1929 0.003735864727835203 0.006096377181189432 0.00015
1930 0.003246032064112291 0.006370696652546353 0.00015
1931 0.00273618653344265 0.006605738660756835 0.00015
1932 0.00220947150342129 0.00680005409357747 0.00015
1933 0.001669134346771995 0.006952444931995972 0.00015
1934 0.001118506421759779 0.007061971635775137 0.00015
1935 0.0005609825326792863 0.007127958936332276 0.00015
1936 0.007277496536147605 0.0005727514001523078 0.00015
1937 0.007210124885919335 0.001141971597485464 0.00015
1938 0.007098300417851832 0.001704151160531634 0.00015
1939 0.006942712567004474 0.002255824064942779 0.00015
1940 0.006744320584132419 0.002793589063993589 0.00015
1941 0.006504347622116117 0.003314130656852449 0.00015
1942 0.006224273193766076 0.003814239532250417 0.00015
1943 0.005905824051279636 0.004290832352276631 0.00015
1944 0.005550963538930675 0.004740970764461542 0.00015
1945 0.005161879490739993 0.005161879514585229 0.00015
1946 0.00474097074182705 0.005550963558262358 0.00015
1947 0.004290832331312278 0.005905824066511131 0.00015
1948 0.00381423951231107 0.006224273205984922 0.00015
1949 0.003314130638845228 0.006504347631291253 0.00015
1950 0.002793589048110618 0.00674432059071136 0.00015
1951 0.002255824052428638 0.006942712571070566 0.00015
1952 0.001704151151238399 0.007098300420082942 0.00015
1953 0.001141971591437387 0.007210124886877256 0.00015
1954 0.0005727513969998204 0.007277496536395712 0.00015
1955 0.007427034136204411 0.0005845202645359128 0.00015
1956 0.007358278136999217 0.001165436767292878 0.00015
1957 0.007244155905891933 0.001739167965186156 0.00015
1958 0.007085371044410435 0.002302176614212935 0.00015
1959 0.006882902513939492 0.002850991579013193 0.00015
1960 0.006637998600646067 0.003382229232003592 0.00015
1961 0.006352169218272906 0.003892614317194155 0.00015
1962 0.006027176600246603 0.004379000140378913 0.00015
1963 0.005665024433545453 0.004838387971972872 0.00015
1964 0.005267945507648961 0.005267945532030478 0.00015
1965 0.004838387948799415 0.005665024453337453 0.00015
1966 0.004379000118937283 0.006027176615824858 0.00015
1967 0.003892614296786069 0.006352169230778998 0.00015
1968 0.003382229213577411 0.006637998610034674 0.00015
1969 0.002850991562777951 0.006882902520664352 0.00015
1970 0.002302176601435475 0.007085371048562081 0.00015
1971 0.001739167955704417 0.007244155908168297 0.00015
1972 0.001165436761114735 0.007358278137977738 0.00015
1973 0.0005845202613202243 0.007427034136457491 0.00015
1974 0.007576571736261014 0.0005962891289195017 0.00015
1975 0.007506431388078897 0.001188901937100261 0.00015
1976 0.007390011393931839 0.00177418476984063 0.00015
1977 0.0072280295218162 0.002348529163483029 0.00015
1978 0.00702148444374638 0.002908394094032722 0.00015
1979 0.006771649579175835 0.003450327807154644 0.00015
1980 0.006480065242779562 0.003970989102137785 0.00015
1981 0.006148529149213405 0.004467167928481075 0.00015
1982 0.005779085328160078 0.00493580517948407 0.00015
1983 0.005374011524557781 0.005374011549475584 0.00015
1984 0.00493580515577165 0.005779085348412396 0.00015
1985 0.00446716790656217 0.006148529165138423 0.00015
1986 0.003970989081260961 0.006480065255572897 0.00015
1987 0.003450327788309503 0.006771649588777914 0.00015
1988 0.002908394077445206 0.007021484450617153 0.00015
1989 0.002348529150442247 0.007228029526053406 0.00015
1990 0.001774184760170387 0.007390011396253459 0.00015
1991 0.001188901930792051 0.007506431389078019 0.00015
1992 0.0005962891256406121 0.007576571736519069 0.00015
1993 0.007726109336318124 0.0006080579933031305 0.00015
1994 0.007654584639159079 0.001212367106907724 0.00015
1995 0.007535866881972232 0.001809201574495223 0.00015
1996 0.007370687999222449 0.002394881712753279 0.00015
1997 0.007160066373553735 0.002965796609052444 0.00015
1998 0.006905300557706053 0.003518426382305926 0.00015
1999 0.006607961267286654 0.004049363887081683 0.00015
2000 0.00626988169818062 0.004555335716583534 0.00015
2001 0.005893146222775084 0.005033222386995597 0.00015
2002 0.005480077541466961 0.005480077566921049 0.00015
2003 0.005033222362744214 0.005893146243487724 0.00015
2004 0.004555335694187356 0.006269881714452396 0.00015
2005 0.004049363865736118 0.006607961280367232 0.00015
2006 0.003518426363041824 0.006905300567521604 0.00015
2007 0.002965796592112655 0.007160066380570425 0.00015
2008 0.002394881699449178 0.007370688003545213 0.00015
2009 0.001809201564636474 0.007535866884339111 0.00015
2010 0.001212367100469447 0.007654584640178801 0.00015
2011 0.0006080579899610401 0.007726109336581152 0.00015
2012 0.007875646936375741 0.0006198268576867989 0.00015
2013 0.007802737890239761 0.001235832276715265 0.00015
2014 0.007681722370013126 0.001844218379149935 0.00015
2015 0.007513346476629184 0.002441234262023687 0.00015
2016 0.007298648303361561 0.003023199124072361 0.00015
2017 0.007038951536236729 0.00358652495745744 0.00015
2018 0.006735857291794178 0.004127738672025844 0.00015
2019 0.006391234247148244 0.004643503504686296 0.00015
2020 0.006007207117390483 0.005130639594507456 0.00015
2021 0.005586143558376504 0.005586143584366873 0.00015
2022 0.005130639569717108 0.00600720713856344 0.00015
2023 0.004643503481812839 0.006391234263766782 0.00015
2024 0.004127738650211543 0.006735857305161999 0.00015
2025 0.003586524937774377 0.00703895154626575 0.00015
2026 0.003023199106780299 0.007298648310524166 0.00015
2027 0.002441234248456265 0.007513346481037504 0.00015
2028 0.001844218369102682 0.007681722372425258 0.00015
2029 0.001235832270146922 0.007802737891280085 0.00015
2030 0.0006198268542815077 0.007875646936643745 0.00015
2031 0.008025184536432346 0.0006315957220703878 0.00015
2032 0.007950891141319439 0.001259297446522648 0.00015
2033 0.00782757785805303 0.00187923518380441 0.00015
2034 0.007656004954034949 0.00248758681129378 0.00015
2035 0.007437230233168447 0.003080601639091888 0.00015
2036 0.007172602514766497 0.003654623532608491 0.00015
2037 0.006863753316300836 0.004206113456969475 0.00015
2038 0.006512586796115044 0.004731671292788457 0.00015
2039 0.006121268012005106 0.005228056802018652 0.00015
2040 0.005692209575285326 0.005692209601811979 0.00015
2041 0.00522805677668934 0.006121268033638382 0.00015
2042 0.004731671269437727 0.006512586813080345 0.00015
2043 0.004206113434686435 0.0068637533299559 0.00015
2044 0.003654623512506469 0.00717260252500899 0.00015
2045 0.003080601621447553 0.007437230240476969 0.00015
2046 0.002487586797463039 0.007656004958528828 0.00015
2047 0.001879235173568651 0.007827577860510419 0.00015
2048 0.001259297439824238 0.007950891142380364 0.00015
2049 0.0006315957186018955 0.008025184536705317 0.00015
2050 0.008174722136489624 0.0006433645864540298 0.00015
2051 0.008099044392399789 0.001282762616330137 0.00015
2052 0.00797343334609359 0.001914251988459041 0.00015
2053 0.007798663431441358 0.002533939360564083 0.00015
2054 0.007575812162975959 0.003138004154111675 0.00015
2055 0.007306253493296869 0.003722722107759851 0.00015
2056 0.00699164934080807 0.004284488241913461 0.00015
2057 0.006633939345082397 0.004819839080891019 0.00015
2058 0.006235328906620245 0.005325474009530291 0.00015
2059 0.005798275592194627 0.005798275619257564 0.00015
2060 0.005325473983662015 0.006235328928713839 0.00015
2061 0.004819839057063012 0.006633939362394457 0.00015
2062 0.004284488219161682 0.006991649354750379 0.00015
2063 0.003722722087238867 0.007306253503752832 0.00015
2064 0.003138004136115068 0.007575812170430398 0.00015
2065 0.002533939346470021 0.007798663436020797 0.00015
2066 0.001914251978034779 0.007973433348596234 0.00015
2067 0.00128276260950166 0.008099044393481313 0.00015
2068 0.0006433645829223367 0.008174722136767572 0.00015
2069 0.008324259736547445 0.0006551334508377143 0.00015
2070 0.008247197643480673 0.001306227786137711 0.00015
2071 0.008119288834134679 0.0019492687931138 0.00015
2072 0.007941321908848286 0.002580291909834554 0.00015
2073 0.007714394092783974 0.003195406669131669 0.00015
2074 0.007439904471827723 0.003790820682911456 0.00015
2075 0.007119545365315768 0.004362863026857729 0.00015
2076 0.006755291894050184 0.004908006868993896 0.00015
2077 0.006349389801235793 0.005422891217042279 0.00015
2078 0.005904341609104311 0.005904341636703531 0.00015
2079 0.00542289119063504 0.006349389823789707 0.00015
2080 0.004908006844688614 0.006755291911709005 0.00015
2081 0.004362863003637212 0.007119545379545319 0.00015
2082 0.003790820661971512 0.007439904482497157 0.00015
2083 0.003195406650782789 0.007714394100384328 0.00015
2084 0.002580291895477171 0.007941321913513278 0.00015
2085 0.001949268782501033 0.00811928883668258 0.00015
2086 0.001306227779179167 0.008247197644582798 0.00015
2087 0.0006551334472428204 0.008324259736830365 0.00015
2088 0.008473797336606206 0.0006669023152214733 0.00015
2089 0.008395350894562496 0.001329692955945433 0.00015
2090 0.008265144322176694 0.001984285597768781 0.00015
2091 0.008083980386256115 0.002626644459105318 0.00015
2092 0.007852976022592863 0.003252809184152027 0.00015
2093 0.007573555450359423 0.003858919258063491 0.00015
2094 0.007247441389824276 0.004441237811802495 0.00015
2095 0.006876644443018741 0.004996174657097334 0.00015
2096 0.006463450695852067 0.005520308424554887 0.00015
2097 0.006010407626014667 0.00601040765415017 0.00015
2098 0.005520308397608685 0.006463450718866298 0.00015
2099 0.004996174632314776 0.006876644461024325 0.00015
2100 0.004441237788113239 0.007247441404341069 0.00015
2101 0.003858919236704587 0.007573555461242328 0.00015
2102 0.003252809165450874 0.007852976030339137 0.00015
2103 0.002626644444484615 0.008083980391006669 0.00015
2104 0.00198428558696751 0.008265144324769847 0.00015
2105 0.001329692948856823 0.008395350895685223 0.00015
2106 0.0006669023115633784 0.008473797336894105 0.00015
2107 0.008623334936664973 0.0006786711796052322 0.00015
2108 0.008543504145644318 0.001353158125753155 0.00015
2109 0.008410999810218702 0.002019302402423762 0.00015
2110 0.00822663886366394 0.002672997008376082 0.00015
2111 0.007991557952401755 0.003310211699172384 0.00015
2112 0.007707206428891123 0.003927017833215527 0.00015
2113 0.007375337414332781 0.004519612596747258 0.00015
2114 0.006997996991987299 0.005084342445200771 0.00015
2115 0.00657751159046834 0.005617725632067493 0.00015
2116 0.006116473642925021 0.006116473671596808 0.00015
2117 0.005617725604582326 0.006577511613942889 0.00015
2118 0.005084342419940939 0.006997997010339643 0.00015
2119 0.004519612572589263 0.007375337429136819 0.00015
2120 0.003927017811437662 0.007707206439987499 0.00015
2121 0.003310211680118959 0.007991557960293941 0.00015
2122 0.002672996993492058 0.008226638868500055 0.00015
2123 0.002019302391433986 0.008410999812857114 0.00015
2124 0.001353158118534478 0.008543504146787645 0.00015
2125 0.0006786711758839364 0.008623334936957845 0.00015
2126 0.008772872536723738 0.0006904400439889914 0.00015
2127 0.00869165739672614 0.001376623295560877 0.00015
2128 0.008556855298260717 0.002054319207078742 0.00015
2129 0.008369297341071769 0.002719349557646846 0.00015
2130 0.008130139882210643 0.003367614214192742 0.00015
2131 0.007840857407422824 0.003995116408367565 0.00015
2132 0.007503233438841288 0.004597987381692023 0.00015
2133 0.007119349540955854 0.005172510233304208 0.00015
2134 0.006691572485084612 0.005715142839580098 0.00015
2135 0.006222539659835378 0.006222539689043446 0.00015
2136 0.005715142811555968 0.00669157250901948 0.00015
2137 0.0051725102075671 0.007119349559654959 0.00015
2138 0.004597987357065289 0.00750323345393257 0.00015
2139 0.003995116386170739 0.007840857418732673 0.00015
2140 0.003367614194787043 0.008130139890248746 0.00015
2141 0.002719349542499501 0.00836929734599344 0.00015
2142 0.002054319195900462 0.008556855300944384 0.00015
2143 0.001376623288212134 0.008691657397890067 0.00015
2144 0.0006904400402044946 0.008772872537021584 0.00015
2145 0.008922410136781826 0.0007022089083726974 0.00015
2146 0.008839810647807292 0.001400088465368494 0.00015
2147 0.008702710786302068 0.002089336011733564 0.00015
2148 0.008511955818478956 0.0027657021069174 0.00015
2149 0.00826872181201891 0.003425016729212839 0.00015
2150 0.007974508385953922 0.004063214983519293 0.00015
2151 0.007631129463349215 0.004676362166636434 0.00015
2152 0.007240702089923866 0.005260678021407247 0.00015
2153 0.006805633379700369 0.005812560047092264 0.00015
2154 0.006328605676745255 0.006328605706489607 0.00015
2155 0.00581256001852917 0.006805633404095557 0.00015
2156 0.005260677995192864 0.007240702108969729 0.00015
2157 0.004676362141540961 0.007631129478727742 0.00015
2158 0.004063214960903507 0.00797450839747724 0.00015
2159 0.00342501670945487 0.00826872182020293 0.00015
2160 0.002765702091506735 0.008511955823486182 0.00015
2161 0.00208933600036678 0.008702710789030991 0.00015
2162 0.001400088457889683 0.008839810648991822 0.00015
2163 0.0007022089045249996 0.008922410137084648 0.00015
2164 0.009071947736840596 0.0007139777727564562 0.00015
2165 0.008987963898889114 0.001423553635176216 0.00015
2166 0.008848566274344081 0.002124352816388546 0.00015
2167 0.008654614295886785 0.002812054656188165 0.00015
2168 0.008407303741827798 0.003482419244233198 0.00015
2169 0.008108159364485622 0.00413131355867133 0.00015
2170 0.007759025487857724 0.004754736951581198 0.00015
2171 0.007362054638892421 0.005348845809510686 0.00015
2172 0.006919694274316642 0.005909977254604871 0.00015
2173 0.006434671693655612 0.006434671723936246 0.00015
2174 0.005909977225502813 0.006919694299172148 0.00015
2175 0.005348845782819026 0.007362054658285049 0.00015
2176 0.004754736926016988 0.007759025503523493 0.00015
2177 0.004131313535636583 0.008108159376222413 0.00015
2178 0.003482419224122955 0.008407303750157738 0.00015
2179 0.002812054640514179 0.008654614300979569 0.00015
2180 0.002124352804833256 0.008848566277118261 0.00015
2181 0.001423553627567339 0.008987963900094242 0.00015
2182 0.0007139777688455577 0.00907194773714839 0.00015
2183 0.009221485336898684 0.0007257466371401622 0.00015
2184 0.009136117149970268 0.001447018804983832 0.00015
2185 0.008994421762385433 0.002159369621043367 0.00015
2186 0.008797272773293969 0.002858407205458718 0.00015
2187 0.008545885671636062 0.003539821759253295 0.00015
2188 0.008241810343016718 0.004199412133823058 0.00015
2189 0.007886921512365652 0.004833111736525608 0.00015
2190 0.00748340718786043 0.005437013597613722 0.00015
2191 0.007033755168932399 0.006007394462117036 0.00015
2192 0.006540737710565487 0.006540737741382407 0.00015
2193 0.006007394432476014 0.007033755194248223 0.00015
2194 0.005437013570444788 0.007483407207599815 0.00015
2195 0.004833111710492659 0.007886921528318663 0.00015
2196 0.00419941211036935 0.008241810354966976 0.00015
2197 0.003539821738790779 0.008545885680111914 0.00015
2198 0.002858407189521412 0.008797272778472313 0.00015
2199 0.002159369609299573 0.008994421765204871 0.00015
2200 0.001447018797244888 0.009136117151195994 0.00015
2201 0.0007257466331660623 0.009221485337211451 0.00015
2202 0.009371022936956772 0.0007375155015238681 0.00015
2203 0.00928427040105142 0.001470483974791448 0.00015
2204 0.009140277250426789 0.00219438642569819 0.00015
2205 0.008939931250701151 0.002904759754729273 0.00015
2206 0.008684467601444328 0.003597224274273393 0.00015
2207 0.008375461321547815 0.004267510708974786 0.00015
2208 0.008014817536873579 0.004911486521470019 0.00015
2209 0.007604759736828439 0.005525181385716761 0.00015
2210 0.007147816063548156 0.006104811669629204 0.00015
2211 0.006646803727475364 0.006646803758828566 0.00015
2212 0.006104811639449218 0.007147816089324298 0.00015
2213 0.005525181358070552 0.007604759756914585 0.00015
2214 0.00491148649496833 0.008014817553113835 0.00015
2215 0.00426751068510212 0.008375461333711547 0.00015
2216 0.003597224253458605 0.008684467610066096 0.00015
2217 0.002904759738528646 0.008939931255965053 0.00015
2218 0.002194386413765891 0.009140277253291479 0.00015
2219 0.001470483966922437 0.009284270402297748 0.00015
2220 0.0007375154974865675 0.009371022937274515 0.00015
2221 0.009520560537015541 0.0007492843659076271 0.00015
2222 0.00943242365213324 0.001493949144599171 0.00015
2223 0.009286132738468801 0.00222940323035317 0.00015
2224 0.009082589728108983 0.002951112304000037 0.00015
2225 0.008823049531253218 0.003654626789293752 0.00015
2226 0.008509112300079516 0.004335609284126822 0.00015
2227 0.008142713561382088 0.004989861306414784 0.00015
2228 0.007726112285796995 0.005613349173820199 0.00015
2229 0.00726187695816443 0.006202228877141809 0.00015
2230 0.00675286974438572 0.006752869776275205 0.00015
2231 0.00620222884642286 0.00726187698440089 0.00015
2232 0.005613349145696715 0.007726112306229905 0.00015
2233 0.004989861279444356 0.008142713577909586 0.00015
2234 0.004335609259835196 0.008509112312456718 0.00015
2235 0.003654626768126691 0.008823049540020901 0.00015
2236 0.002951112287536089 0.009082589733458442 0.00015
2237 0.002229403218232368 0.009286132741378747 0.00015
2238 0.001493949136600093 0.009432423653400171 0.00015
2239 0.0007492843618071255 0.009520560537338256 0.00015
2240 0.009670098137074304 0.0007610532302913858 0.00015
2241 0.009580576903215066 0.001517414314406893 0.00015
2242 0.009431988226510814 0.002264420035008151 0.00015
2243 0.00922524820551681 0.0029974648532708 0.00015
2244 0.00896163146106211 0.003712029304314109 0.00015
2245 0.008642763278611215 0.004403707859278859 0.00015
2246 0.008270609585890593 0.005068236091359547 0.00015
2247 0.007847464834765552 0.005701516961923636 0.00015
2248 0.007375937852780703 0.006299646084654415 0.00015
2249 0.006858935761296073 0.006858935793721844 0.00015
2250 0.0062996460533965 0.007375937879477481 0.00015
2251 0.005701516933322876 0.00784746485554522 0.00015
2252 0.005068236063920382 0.008270609602705335 0.00015
2253 0.00440370783456827 0.00864276329120189 0.00015
2254 0.003712029282794775 0.008961631469975705 0.00015
2255 0.002997464836543533 0.009225248210951827 0.00015
2256 0.002264420022698843 0.009431988229466016 0.00015
2257 0.001517414306277749 0.009580576904502593 0.00015
2258 0.0007610532261276836 0.009670098137401995 0.00015
2259 0.009819635737132392 0.0007728220946750918 0.00015
2260 0.009728730154296218 0.001540879484214509 0.00015
2261 0.009577843714552165 0.002299436839662973 0.00015
2262 0.009367906682923992 0.003043817402541355 0.00015
2263 0.00910021339087037 0.003769431819334206 0.00015
2264 0.008776414257142311 0.004471806434430587 0.00015
2265 0.00839850561039852 0.005146610876303957 0.00015
2266 0.00796881738373356 0.005789684750026673 0.00015
2267 0.007489998747396458 0.006397063292166581 0.00015
2268 0.00696500177820595 0.006965001811168004 0.00015
2269 0.006397063260369704 0.007489998774553556 0.00015
2270 0.00578968472094864 0.007968817404859992 0.00015
2271 0.005146610848396052 0.008398505627500507 0.00015
2272 0.004471806409301038 0.008776414269946457 0.00015
2273 0.003769431797462601 0.009100213399929891 0.00015
2274 0.003043817385550767 0.009367906688444569 0.00015
2275 0.002299436827165161 0.009577843717552624 0.00015
2276 0.001540879475955298 0.009728730155604347 0.00015
2277 0.0007728220904481885 0.00981963573746506 0.00015
2278 -0.000560982535768573 0.007127958936089144 0.00015
2279 -0.001118506427677789 0.007061971634837816 0.00015
2280 -0.001669134355876725 0.006952444929810116 0.00015
2281 -0.002209471515672109 0.006800054089596938 0.00015
2282 -0.002736186548973348 0.006605738654323809 0.00015
2283 -0.00324603208170055 0.006370696643584688 0.00015
2284 -0.003735864747305812 0.00609637716925783 0.00015
2285 -0.004202664564173373 0.005784471502311326 0.00015
2286 -0.004643553556949135 0.005436902644314636 0.00015
2287 -0.005055813497138806 0.005055813473829854 0.00015
2288 -0.005436902663185998 0.004643553534853606 0.00015
2289 -0.00578447151719606 0.004202664543686294 0.00015
2290 -0.006096377181189432 0.003735864727835203 0.00015
2291 -0.006370696652546353 0.003246032064112291 0.00015
2292 -0.006605738660756835 0.00273618653344265 0.00015
2293 -0.00680005409357747 0.00220947150342129 0.00015
2294 -0.006952444931995972 0.001669134346771995 0.00015
2295 -0.007061971635775137 0.001118506421759779 0.00015
2296 -0.007127958936332276 0.0005609825326792863 0.00015
2297 -0.0005727514001523078 0.007277496536147605 0.00015
2298 -0.001141971597485464 0.007210124885919335 0.00015
2299 -0.001704151160531634 0.007098300417851832 0.00015
2300 -0.002255824064942779 0.006942712567004474 0.00015
2301 -0.002793589063993589 0.006744320584132419 0.00015
2302 -0.003314130656852449 0.006504347622116117 0.00015
2303 -0.003814239532250417 0.006224273193766076 0.00015
2304 -0.004290832352276631 0.005905824051279636 0.00015
2305 -0.004740970764461542 0.005550963538930675 0.00015
2306 -0.005161879514585229 0.005161879490739993 0.00015
2307 -0.005550963558262358 0.00474097074182705 0.00015
2308 -0.005905824066511131 0.004290832331312278 0.00015
2309 -0.006224273205984922 0.00381423951231107 0.00015
2310 -0.006504347631291253 0.003314130638845228 0.00015
2311 -0.00674432059071136 0.002793589048110618 0.00015
2312 -0.006942712571070566 0.002255824052428638 0.00015
2313 -0.007098300420082942 0.001704151151238399 0.00015
2314 -0.007210124886877256 0.001141971591437387 0.00015
2315 -0.007277496536395712 0.0005727513969998204 0.00015
2316 -0.0005845202645359128 0.007427034136204411 0.00015
2317 -0.001165436767292878 0.007358278136999217 0.00015
2318 -0.001739167965186156 0.007244155905891933 0.00015
2319 -0.002302176614212935 0.007085371044410435 0.00015
2320 -0.002850991579013193 0.006882902513939492 0.00015
2321 -0.003382229232003592 0.006637998600646067 0.00015
2322 -0.003892614317194155 0.006352169218272906 0.00015
2323 -0.004379000140378913 0.006027176600246603 0.00015
2324 -0.004838387971972872 0.005665024433545453 0.00015
2325 -0.005267945532030478 0.005267945507648961 0.00015
2326 -0.005665024453337453 0.004838387948799415 0.00015
2327 -0.006027176615824858 0.004379000118937283 0.00015
2328 -0.006352169230778998 0.003892614296786069 0.00015
2329 -0.006637998610034674 0.003382229213577411 0.00015
2330 -0.006882902520664352 0.002850991562777951 0.00015
2331 -0.007085371048562081 0.002302176601435475 0.00015
2332 -0.007244155908168297 0.001739167955704417 0.00015
2333 -0.007358278137977738 0.001165436761114735 0.00015
2334 -0.007427034136457491 0.0005845202613202243 0.00015
2335 -0.0005962891289195017 0.007576571736261014 0.00015
2336 -0.001188901937100261 0.007506431388078897 0.00015
2337 -0.00177418476984063 0.007390011393931839 0.00015
2338 -0.002348529163483029 0.0072280295218162 0.00015
2339 -0.002908394094032722 0.00702148444374638 0.00015
2340 -0.003450327807154644 0.006771649579175835 0.00015
2341 -0.003970989102137785 0.006480065242779562 0.00015
2342 -0.004467167928481075 0.006148529149213405 0.00015
2343 -0.00493580517948407 0.005779085328160078 0.00015
2344 -0.005374011549475584 0.005374011524557781 0.00015
2345 -0.005779085348412396 0.00493580515577165 0.00015
2346 -0.006148529165138423 0.00446716790656217 0.00015
2347 -0.006480065255572897 0.003970989081260961 0.00015
2348 -0.006771649588777914 0.003450327788309503 0.00015
2349 -0.007021484450617153 0.002908394077445206 0.00015
2350 -0.007228029526053406 0.002348529150442247 0.00015
2351 -0.007390011396253459 0.001774184760170387 0.00015
2352 -0.007506431389078019 0.001188901930792051 0.00015
2353 -0.007576571736519069 0.0005962891256406121 0.00015
2354 -0.0006080579933031305 0.007726109336318124 0.00015
2355 -0.001212367106907724 0.007654584639159079 0.00015
2356 -0.001809201574495223 0.007535866881972232 0.00015
2357 -0.002394881712753279 0.007370687999222449 0.00015
2358 -0.002965796609052444 0.007160066373553735 0.00015
2359 -0.003518426382305926 0.006905300557706053 0.00015
2360 -0.004049363887081683 0.006607961267286654 0.00015
2361 -0.004555335716583534 0.00626988169818062 0.00015
2362 -0.005033222386995597 0.005893146222775084 0.00015
2363 -0.005480077566921049 0.005480077541466961 0.00015
2364 -0.005893146243487724 0.005033222362744214 0.00015
2365 -0.006269881714452396 0.004555335694187356 0.00015
2366 -0.006607961280367232 0.004049363865736118 0.00015
2367 -0.006905300567521604 0.003518426363041824 0.00015
2368 -0.007160066380570425 0.002965796592112655 0.00015
2369 -0.007370688003545213 0.002394881699449178 0.00015
2370 -0.007535866884339111 0.001809201564636474 0.00015
2371 -0.007654584640178801 0.001212367100469447 0.00015
2372 -0.007726109336581152 0.0006080579899610401 0.00015
2373 -0.0006198268576867989 0.007875646936375741 0.00015
2374 -0.001235832276715265 0.007802737890239761 0.00015
2375 -0.001844218379149935 0.007681722370013126 0.00015
2376 -0.002441234262023687 0.007513346476629184 0.00015
2377 -0.003023199124072361 0.007298648303361561 0.00015
2378 -0.00358652495745744 0.007038951536236729 0.00015
2379 -0.004127738672025844 0.006735857291794178 0.00015
2380 -0.004643503504686296 0.006391234247148244 0.00015
2381 -0.005130639594507456 0.006007207117390483 0.00015
2382 -0.005586143584366873 0.005586143558376504 0.00015
2383 -0.00600720713856344 0.005130639569717108 0.00015
2384 -0.006391234263766782 0.004643503481812839 0.00015
2385 -0.006735857305161999 0.004127738650211543 0.00015
2386 -0.00703895154626575 0.003586524937774377 0.00015
2387 -0.007298648310524166 0.003023199106780299 0.00015
2388 -0.007513346481037504 0.002441234248456265 0.00015
2389 -0.007681722372425258 0.001844218369102682 0.00015
2390 -0.007802737891280085 0.001235832270146922 0.00015
2391 -0.007875646936643745 0.0006198268542815077 0.00015
2392 -0.0006315957220703878 0.008025184536432346 0.00015
2393 -0.001259297446522648 0.007950891141319439 0.00015
2394 -0.00187923518380441 0.00782757785805303 0.00015
2395 -0.00248758681129378 0.007656004954034949 0.00015
2396 -0.003080601639091888 0.007437230233168447 0.00015
2397 -0.003654623532608491 0.007172602514766497 0.00015
2398 -0.004206113456969475 0.006863753316300836 0.00015
2399 -0.004731671292788457 0.006512586796115044 0.00015
2400 -0.005228056802018652 0.006121268012005106 0.00015
2401 -0.005692209601811979 0.005692209575285326 0.00015
2402 -0.006121268033638382 0.00522805677668934 0.00015
2403 -0.006512586813080345 0.004731671269437727 0.00015
2404 -0.0068637533299559 0.004206113434686435 0.00015
2405 -0.00717260252500899 0.003654623512506469 0.00015
2406 -0.007437230240476969 0.003080601621447553 0.00015
2407 -0.007656004958528828 0.002487586797463039 0.00015
2408 -0.007827577860510419 0.001879235173568651 0.00015
2409 -0.007950891142380364 0.001259297439824238 0.00015
2410 -0.008025184536705317 0.0006315957186018955 0.00015
2411 -0.0006433645864540298 0.008174722136489624 0.00015
2412 -0.001282762616330137 0.008099044392399789 0.00015
2413 -0.001914251988459041 0.00797343334609359 0.00015
2414 -0.002533939360564083 0.007798663431441358 0.00015
2415 -0.003138004154111675 0.007575812162975959 0.00015
2416 -0.003722722107759851 0.007306253493296869 0.00015
2417 -0.004284488241913461 0.00699164934080807 0.00015
2418 -0.004819839080891019 0.006633939345082397 0.00015
2419 -0.005325474009530291 0.006235328906620245 0.00015
2420 -0.005798275619257564 0.005798275592194627 0.00015
2421 -0.006235328928713839 0.005325473983662015 0.00015
2422 -0.006633939362394457 0.004819839057063012 0.00015
2423 -0.006991649354750379 0.004284488219161682 0.00015
2424 -0.007306253503752832 0.003722722087238867 0.00015
2425 -0.007575812170430398 0.003138004136115068 0.00015
2426 -0.007798663436020797 0.002533939346470021 0.00015
2427 -0.007973433348596234 0.001914251978034779 0.00015
2428 -0.008099044393481313 0.00128276260950166 0.00015
2429 -0.008174722136767572 0.0006433645829223367 0.00015
2430 -0.0006551334508377143 0.008324259736547445 0.00015
2431 -0.001306227786137711 0.008247197643480673 0.00015
2432 -0.0019492687931138 0.008119288834134679 0.00015
2433 -0.002580291909834554 0.007941321908848286 0.00015
2434 -0.003195406669131669 0.007714394092783974 0.00015
2435 -0.003790820682911456 0.007439904471827723 0.00015
2436 -0.004362863026857729 0.007119545365315768 0.00015
2437 -0.004908006868993896 0.006755291894050184 0.00015
2438 -0.005422891217042279 0.006349389801235793 0.00015
2439 -0.005904341636703531 0.005904341609104311 0.00015
2440 -0.006349389823789707 0.00542289119063504 0.00015
2441 -0.006755291911709005 0.004908006844688614 0.00015
2442 -0.007119545379545319 0.004362863003637212 0.00015
2443 -0.007439904482497157 0.003790820661971512 0.00015
2444 -0.007714394100384328 0.003195406650782789 0.00015
2445 -0.007941321913513278 0.002580291895477171 0.00015
2446 -0.00811928883668258 0.001949268782501033 0.00015
2447 -0.008247197644582798 0.001306227779179167 0.00015
2448 -0.008324259736830365 0.0006551334472428204 0.00015
2449 -0.0006669023152214733 0.008473797336606206 0.00015
2450 -0.001329692955945433 0.008395350894562496 0.00015
2451 -0.001984285597768781 0.008265144322176694 0.00015
2452 -0.002626644459105318 0.008083980386256115 0.00015
2453 -0.003252809184152027 0.007852976022592863 0.00015
2454 -0.003858919258063491 0.007573555450359423 0.00015
2455 -0.004441237811802495 0.007247441389824276 0.00015
2456 -0.004996174657097334 0.006876644443018741 0.00015
2457 -0.005520308424554887 0.006463450695852067 0.00015
2458 -0.00601040765415017 0.006010407626014667 0.00015
2459 -0.006463450718866298 0.005520308397608685 0.00015
2460 -0.006876644461024325 0.004996174632314776 0.00015
2461 -0.007247441404341069 0.004441237788113239 0.00015
2462 -0.007573555461242328 0.003858919236704587 0.00015
2463 -0.007852976030339137 0.003252809165450874 0.00015
2464 -0.008083980391006669 0.002626644444484615 0.00015
2465 -0.008265144324769847 0.00198428558696751 0.00015
2466 -0.008395350895685223 0.001329692948856823 0.00015
2467 -0.008473797336894105 0.0006669023115633784 0.00015
2468 -0.0006786711796052322 0.008623334936664973 0.00015
2469 -0.001353158125753155 0.008543504145644318 0.00015
2470 -0.002019302402423762 0.008410999810218702 0.00015
2471 -0.002672997008376082 0.00822663886366394 0.00015
2472 -0.003310211699172384 0.007991557952401755 0.00015
2473 -0.003927017833215527 0.007707206428891123 0.00015
2474 -0.004519612596747258 0.007375337414332781 0.00015
2475 -0.005084342445200771 0.006997996991987299 0.00015
2476 -0.005617725632067493 0.00657751159046834 0.00015
2477 -0.006116473671596808 0.006116473642925021 0.00015
2478 -0.006577511613942889 0.005617725604582326 0.00015
2479 -0.006997997010339643 0.005084342419940939 0.00015
2480 -0.007375337429136819 0.004519612572589263 0.00015
2481 -0.007707206439987499 0.003927017811437662 0.00015
2482 -0.007991557960293941 0.003310211680118959 0.00015
2483 -0.008226638868500055 0.002672996993492058 0.00015
2484 -0.008410999812857114 0.002019302391433986 0.00015
2485 -0.008543504146787645 0.001353158118534478 0.00015
2486 -0.008623334936957845 0.0006786711758839364 0.00015
2487 -0.0006904400439889914 0.008772872536723738 0.00015
2488 -0.001376623295560877 0.00869165739672614 0.00015
2489 -0.002054319207078742 0.008556855298260717 0.00015
2490 -0.002719349557646846 0.008369297341071769 0.00015
2491 -0.003367614214192742 0.008130139882210643 0.00015
2492 -0.003995116408367565 0.007840857407422824 0.00015
2493 -0.004597987381692023 0.007503233438841288 0.00015
2494 -0.005172510233304208 0.007119349540955854 0.00015
2495 -0.005715142839580098 0.006691572485084612 0.00015
2496 -0.006222539689043446 0.006222539659835378 0.00015
2497 -0.00669157250901948 0.005715142811555968 0.00015
2498 -0.007119349559654959 0.0051725102075671 0.00015
2499 -0.00750323345393257 0.004597987357065289 0.00015
2500 -0.007840857418732673 0.003995116386170739 0.00015
2501 -0.008130139890248746 0.003367614194787043 0.00015
2502 -0.00836929734599344 0.002719349542499501 0.00015
2503 -0.008556855300944384 0.002054319195900462 0.00015
2504 -0.008691657397890067 0.001376623288212134 0.00015
2505 -0.008772872537021584 0.0006904400402044946 0.00015
2506 -0.0007022089083726974 0.008922410136781826 0.00015
2507 -0.001400088465368494 0.008839810647807292 0.00015
2508 -0.002089336011733564 0.008702710786302068 0.00015
2509 -0.0027657021069174 0.008511955818478956 0.00015
2510 -0.003425016729212839 0.00826872181201891 0.00015
2511 -0.004063214983519293 0.007974508385953922 0.00015
2512 -0.004676362166636434 0.007631129463349215 0.00015
2513 -0.005260678021407247 0.007240702089923866 0.00015
2514 -0.005812560047092264 0.006805633379700369 0.00015
2515 -0.006328605706489607 0.006328605676745255 0.00015
2516 -0.006805633404095557 0.00581256001852917 0.00015
2517 -0.007240702108969729 0.005260677995192864 0.00015
2518 -0.007631129478727742 0.004676362141540961 0.00015
2519 -0.00797450839747724 0.004063214960903507 0.00015
2520 -0.00826872182020293 0.00342501670945487 0.00015
2521 -0.008511955823486182 0.002765702091506735 0.00015
2522 -0.008702710789030991 0.00208933600036678 0.00015
2523 -0.008839810648991822 0.001400088457889683 0.00015
2524 -0.008922410137084648 0.0007022089045249996 0.00015
2525 -0.0007139777727564562 0.009071947736840596 0.00015
2526 -0.001423553635176216 0.008987963898889114 0.00015
2527 -0.002124352816388546 0.008848566274344081 0.00015
2528 -0.002812054656188165 0.008654614295886785 0.00015
2529 -0.003482419244233198 0.008407303741827798 0.00015
2530 -0.00413131355867133 0.008108159364485622 0.00015
2531 -0.004754736951581198 0.007759025487857724 0.00015
2532 -0.005348845809510686 0.007362054638892421 0.00015
2533 -0.005909977254604871 0.006919694274316642 0.00015
2534 -0.006434671723936246 0.006434671693655612 0.00015
2535 -0.006919694299172148 0.005909977225502813 0.00015
2536 -0.007362054658285049 0.005348845782819026 0.00015
2537 -0.007759025503523493 0.004754736926016988 0.00015
2538 -0.008108159376222413 0.004131313535636583 0.00015
2539 -0.008407303750157738 0.003482419224122955 0.00015
2540 -0.008654614300979569 0.002812054640514179 0.00015
2541 -0.008848566277118261 0.002124352804833256 0.00015
2542 -0.008987963900094242 0.001423553627567339 0.00015
2543 -0.00907194773714839 0.0007139777688455577 0.00015
2544 -0.0007257466371401622 0.009221485336898684 0.00015
2545 -0.001447018804983832 0.009136117149970268 0.00015
2546 -0.002159369621043367 0.008994421762385433 0.00015
2547 -0.002858407205458718 0.008797272773293969 0.00015
2548 -0.003539821759253295 0.008545885671636062 0.00015
2549 -0.004199412133823058 0.008241810343016718 0.00015
2550 -0.004833111736525608 0.007886921512365652 0.00015
2551 -0.005437013597613722 0.00748340718786043 0.00015
2552 -0.006007394462117036 0.007033755168932399 0.00015
2553 -0.006540737741382407 0.006540737710565487 0.00015
2554 -0.007033755194248223 0.006007394432476014 0.00015
2555 -0.007483407207599815 0.005437013570444788 0.00015
2556 -0.007886921528318663 0.004833111710492659 0.00015
2557 -0.008241810354966976 0.00419941211036935 0.00015
2558 -0.008545885680111914 0.003539821738790779 0.00015
2559 -0.008797272778472313 0.002858407189521412 0.00015
2560 -0.008994421765204871 0.002159369609299573 0.00015
2561 -0.009136117151195994 0.001447018797244888 0.00015
2562 -0.009221485337211451 0.0007257466331660623 0.00015
2563 -0.0007375155015238681 0.009371022936956772 0.00015
2564 -0.001470483974791448 0.00928427040105142 0.00015
2565 -0.00219438642569819 0.009140277250426789 0.00015
2566 -0.002904759754729273 0.008939931250701151 0.00015
2567 -0.003597224274273393 0.008684467601444328 0.00015
2568 -0.004267510708974786 0.008375461321547815 0.00015
2569 -0.004911486521470019 0.008014817536873579 0.00015
2570 -0.005525181385716761 0.007604759736828439 0.00015
2571 -0.006104811669629204 0.007147816063548156 0.00015
2572 -0.006646803758828566 0.006646803727475364 0.00015
2573 -0.007147816089324298 0.006104811639449218 0.00015
2574 -0.007604759756914585 0.005525181358070552 0.00015
2575 -0.008014817553113835 0.00491148649496833 0.00015
2576 -0.008375461333711547 0.00426751068510212 0.00015
2577 -0.008684467610066096 0.003597224253458605 0.00015
2578 -0.008939931255965053 0.002904759738528646 0.00015
2579 -0.009140277253291479 0.002194386413765891 0.00015
2580 -0.009284270402297748 0.001470483966922437 0.00015
2581 -0.009371022937274515 0.0007375154974865675 0.00015
2582 -0.0007492843659076271 0.009520560537015541 0.00015
2583 -0.001493949144599171 0.00943242365213324 0.00015
2584 -0.00222940323035317 0.009286132738468801 0.00015
2585 -0.002951112304000037 0.009082589728108983 0.00015
2586 -0.003654626789293752 0.008823049531253218 0.00015
2587 -0.004335609284126822 0.008509112300079516 0.00015
2588 -0.004989861306414784 0.008142713561382088 0.00015
2589 -0.005613349173820199 0.007726112285796995 0.00015
2590 -0.006202228877141809 0.00726187695816443 0.00015
2591 -0.006752869776275205 0.00675286974438572 0.00015
2592 -0.00726187698440089 0.00620222884642286 0.00015
2593 -0.007726112306229905 0.005613349145696715 0.00015
2594 -0.008142713577909586 0.004989861279444356 0.00015
2595 -0.008509112312456718 0.004335609259835196 0.00015
2596 -0.008823049540020901 0.003654626768126691 0.00015
2597 -0.009082589733458442 0.002951112287536089 0.00015
2598 -0.009286132741378747 0.002229403218232368 0.00015
2599 -0.009432423653400171 0.001493949136600093 0.00015
2600 -0.009520560537338256 0.0007492843618071255 0.00015
2601 -0.0007610532302913858 0.009670098137074304 0.00015
2602 -0.001517414314406893 0.009580576903215066 0.00015
2603 -0.002264420035008151 0.009431988226510814 0.00015
2604 -0.0029974648532708 0.00922524820551681 0.00015
2605 -0.003712029304314109 0.00896163146106211 0.00015
2606 -0.004403707859278859 0.008642763278611215 0.00015
2607 -0.005068236091359547 0.008270609585890593 0.00015
2608 -0.005701516961923636 0.007847464834765552 0.00015
2609 -0.006299646084654415 0.007375937852780703 0.00015
2610 -0.006858935793721844 0.006858935761296073 0.00015
2611 -0.007375937879477481 0.0062996460533965 0.00015
2612 -0.00784746485554522 0.005701516933322876 0.00015
2613 -0.008270609602705335 0.005068236063920382 0.00015
2614 -0.00864276329120189 0.00440370783456827 0.00015
2615 -0.008961631469975705 0.003712029282794775 0.00015
2616 -0.009225248210951827 0.002997464836543533 0.00015
2617 -0.009431988229466016 0.002264420022698843 0.00015
2618 -0.009580576904502593 0.001517414306277749 0.00015
2619 -0.009670098137401995 0.0007610532261276836 0.00015
2620 -0.0007728220946750918 0.009819635737132392 0.00015
2621 -0.001540879484214509 0.009728730154296218 0.00015
2622 -0.002299436839662973 0.009577843714552165 0.00015
2623 -0.003043817402541355 0.009367906682923992 0.00015
2624 -0.003769431819334206 0.00910021339087037 0.00015
2625 -0.004471806434430587 0.008776414257142311 0.00015
2626 -0.005146610876303957 0.00839850561039852 0.00015
2627 -0.005789684750026673 0.00796881738373356 0.00015
2628 -0.006397063292166581 0.007489998747396458 0.00015
2629 -0.006965001811168004 0.00696500177820595 0.00015
2630 -0.007489998774553556 0.006397063260369704 0.00015
2631 -0.007968817404859992 0.00578968472094864 0.00015
2632 -0.008398505627500507 0.005146610848396052 0.00015
2633 -0.008776414269946457 0.004471806409301038 0.00015
2634 -0.009100213399929891 0.003769431797462601 0.00015
2635 -0.009367906688444569 0.003043817385550767 0.00015
2636 -0.009577843717552624 0.002299436827165161 0.00015
2637 -0.009728730155604347 0.001540879475955298 0.00015
2638 -0.00981963573746506 0.0007728220904481885 0.00015
2639 -0.007127958936089144 -0.000560982535768573 0.00015
2640 -0.007061971634837816 -0.001118506427677789 0.00015
2641 -0.006952444929810116 -0.001669134355876725 0.00015
2642 -0.006800054089596938 -0.002209471515672109 0.00015
2643 -0.006605738654323809 -0.002736186548973348 0.00015
2644 -0.006370696643584688 -0.00324603208170055 0.00015
2645 -0.00609637716925783 -0.003735864747305812 0.00015
2646 -0.005784471502311326 -0.004202664564173373 0.00015
2647 -0.005436902644314636 -0.004643553556949135 0.00015
2648 -0.005055813473829854 -0.005055813497138806 0.00015
2649 -0.004643553534853606 -0.005436902663185998 0.00015
2650 -0.004202664543686294 -0.00578447151719606 0.00015
2651 -0.003735864727835203 -0.006096377181189432 0.00015
2652 -0.003246032064112291 -0.006370696652546353 0.00015
2653 -0.00273618653344265 -0.006605738660756835 0.00015
2654 -0.00220947150342129 -0.00680005409357747 0.00015
2655 -0.001669134346771995 -0.006952444931995972 0.00015
2656 -0.001118506421759779 -0.007061971635775137 0.00015
2657 -0.0005609825326792863 -0.007127958936332276 0.00015
2658 -0.007277496536147605 -0.0005727514001523078 0.00015
2659 -0.007210124885919335 -0.001141971597485464 0.00015
2660 -0.007098300417851832 -0.001704151160531634 0.00015
2661 -0.006942712567004474 -0.002255824064942779 0.00015
2662 -0.006744320584132419 -0.002793589063993589 0.00015
2663 -0.006504347622116117 -0.003314130656852449 0.00015
2664 -0.006224273193766076 -0.003814239532250417 0.00015
2665 -0.005905824051279636 -0.004290832352276631 0.00015
2666 -0.005550963538930675 -0.004740970764461542 0.00015
2667 -0.005161879490739993 -0.005161879514585229 0.00015
2668 -0.00474097074182705 -0.005550963558262358 0.00015
2669 -0.004290832331312278 -0.005905824066511131 0.00015
2670 -0.00381423951231107 -0.006224273205984922 0.00015
2671 -0.003314130638845228 -0.006504347631291253 0.00015
2672 -0.002793589048110618 -0.00674432059071136 0.00015
2673 -0.002255824052428638 -0.006942712571070566 0.00015
2674 -0.001704151151238399 -0.007098300420082942 0.00015
2675 -0.001141971591437387 -0.007210124886877256 0.00015
2676 -0.0005727513969998204 -0.007277496536395712 0.00015
2677 -0.007427034136204411 -0.0005845202645359128 0.00015
2678 -0.007358278136999217 -0.001165436767292878 0.00015
2679 -0.007244155905891933 -0.001739167965186156 0.00015
2680 -0.007085371044410435 -0.002302176614212935 0.00015
2681 -0.006882902513939492 -0.002850991579013193 0.00015
2682 -0.006637998600646067 -0.003382229232003592 0.00015
2683 -0.006352169218272906 -0.003892614317194155 0.00015
2684 -0.006027176600246603 -0.004379000140378913 0.00015
2685 -0.005665024433545453 -0.004838387971972872 0.00015
2686 -0.005267945507648961 -0.005267945532030478 0.00015
2687 -0.004838387948799415 -0.005665024453337453 0.00015
2688 -0.004379000118937283 -0.006027176615824858 0.00015
2689 -0.003892614296786069 -0.006352169230778998 0.00015
2690 -0.003382229213577411 -0.006637998610034674 0.00015
2691 -0.002850991562777951 -0.006882902520664352 0.00015
2692 -0.002302176601435475 -0.007085371048562081 0.00015
2693 -0.001739167955704417 -0.007244155908168297 0.00015
2694 -0.001165436761114735 -0.007358278137977738 0.00015
2695 -0.0005845202613202243 -0.007427034136457491 0.00015
2696 -0.007576571736261014 -0.0005962891289195017 0.00015
2697 -0.007506431388078897 -0.001188901937100261 0.00015
2698 -0.007390011393931839 -0.00177418476984063 0.00015
2699 -0.0072280295218162 -0.002348529163483029 0.00015
2700 -0.00702148444374638 -0.002908394094032722 0.00015
2701 -0.006771649579175835 -0.003450327807154644 0.00015
2702 -0.006480065242779562 -0.003970989102137785 0.00015
2703 -0.006148529149213405 -0.004467167928481075 0.00015
2704 -0.005779085328160078 -0.00493580517948407 0.00015
2705 -0.005374011524557781 -0.005374011549475584 0.00015
2706 -0.00493580515577165 -0.005779085348412396 0.00015
2707 -0.00446716790656217 -0.006148529165138423 0.00015
2708 -0.003970989081260961 -0.006480065255572897 0.00015
2709 -0.003450327788309503 -0.006771649588777914 0.00015
2710 -0.002908394077445206 -0.007021484450617153 0.00015
2711 -0.002348529150442247 -0.007228029526053406 0.00015
2712 -0.001774184760170387 -0.007390011396253459 0.00015
2713 -0.001188901930792051 -0.007506431389078019 0.00015
2714 -0.0005962891256406121 -0.007576571736519069 0.00015
2715 -0.007726109336318124 -0.0006080579933031305 0.00015
2716 -0.007654584639159079 -0.001212367106907724 0.00015
2717 -0.007535866881972232 -0.001809201574495223 0.00015
2718 -0.007370687999222449 -0.002394881712753279 0.00015
2719 -0.007160066373553735 -0.002965796609052444 0.00015
2720 -0.006905300557706053 -0.003518426382305926 0.00015
2721 -0.006607961267286654 -0.004049363887081683 0.00015
2722 -0.00626988169818062 -0.004555335716583534 0.00015
2723 -0.005893146222775084 -0.005033222386995597 0.00015
2724 -0.005480077541466961 -0.005480077566921049 0.00015
2725 -0.005033222362744214 -0.005893146243487724 0.00015
2726 -0.004555335694187356 -0.006269881714452396 0.00015
2727 -0.004049363865736118 -0.006607961280367232 0.00015
2728 -0.003518426363041824 -0.006905300567521604 0.00015
2729 -0.002965796592112655 -0.007160066380570425 0.00015
2730 -0.002394881699449178 -0.007370688003545213 0.00015
2731 -0.001809201564636474 -0.007535866884339111 0.00015
2732 -0.001212367100469447 -0.007654584640178801 0.00015
2733 -0.0006080579899610401 -0.007726109336581152 0.00015
2734 -0.007875646936375741 -0.0006198268576867989 0.00015
2735 -0.007802737890239761 -0.001235832276715265 0.00015
2736 -0.007681722370013126 -0.001844218379149935 0.00015
2737 -0.007513346476629184 -0.002441234262023687 0.00015
2738 -0.007298648303361561 -0.003023199124072361 0.00015
2739 -0.007038951536236729 -0.00358652495745744 0.00015
2740 -0.006735857291794178 -0.004127738672025844 0.00015
2741 -0.006391234247148244 -0.004643503504686296 0.00015
2742 -0.006007207117390483 -0.005130639594507456 0.00015
2743 -0.005586143558376504 -0.005586143584366873 0.00015
2744 -0.005130639569717108 -0.00600720713856344 0.00015
2745 -0.004643503481812839 -0.006391234263766782 0.00015
2746 -0.004127738650211543 -0.006735857305161999 0.00015
2747 -0.003586524937774377 -0.00703895154626575 0.00015
2748 -0.003023199106780299 -0.007298648310524166 0.00015
2749 -0.002441234248456265 -0.007513346481037504 0.00015
2750 -0.001844218369102682 -0.007681722372425258 0.00015
2751 -0.001235832270146922 -0.007802737891280085 0.00015
2752 -0.0006198268542815077 -0.007875646936643745 0.00015
2753 -0.008025184536432346 -0.0006315957220703878 0.00015
2754 -0.007950891141319439 -0.001259297446522648 0.00015
2755 -0.00782757785805303 -0.00187923518380441 0.00015
2756 -0.007656004954034949 -0.00248758681129378 0.00015
2757 -0.007437230233168447 -0.003080601639091888 0.00015
2758 -0.007172602514766497 -0.003654623532608491 0.00015
2759 -0.006863753316300836 -0.004206113456969475 0.00015
2760 -0.006512586796115044 -0.004731671292788457 0.00015
2761 -0.006121268012005106 -0.005228056802018652 0.00015
2762 -0.005692209575285326 -0.005692209601811979 0.00015
2763 -0.00522805677668934 -0.006121268033638382 0.00015
2764 -0.004731671269437727 -0.006512586813080345 0.00015
2765 -0.004206113434686435 -0.0068637533299559 0.00015
2766 -0.003654623512506469 -0.00717260252500899 0.00015
2767 -0.003080601621447553 -0.007437230240476969 0.00015
2768 -0.002487586797463039 -0.007656004958528828 0.00015
2769 -0.001879235173568651 -0.007827577860510419 0.00015
2770 -0.001259297439824238 -0.007950891142380364 0.00015
2771 -0.0006315957186018955 -0.008025184536705317 0.00015
2772 -0.008174722136489624 -0.0006433645864540298 0.00015
2773 -0.008099044392399789 -0.001282762616330137 0.00015
2774 -0.00797343334609359 -0.001914251988459041 0.00015
2775 -0.007798663431441358 -0.002533939360564083 0.00015
2776 -0.007575812162975959 -0.003138004154111675 0.00015
2777 -0.007306253493296869 -0.003722722107759851 0.00015
2778 -0.00699164934080807 -0.004284488241913461 0.00015
2779 -0.006633939345082397 -0.004819839080891019 0.00015
2780 -0.006235328906620245 -0.005325474009530291 0.00015
2781 -0.005798275592194627 -0.005798275619257564 0.00015
2782 -0.005325473983662015 -0.006235328928713839 0.00015
2783 -0.004819839057063012 -0.006633939362394457 0.00015
2784 -0.004284488219161682 -0.006991649354750379 0.00015
2785 -0.003722722087238867 -0.007306253503752832 0.00015
2786 -0.003138004136115068 -0.007575812170430398 0.00015
2787 -0.002533939346470021 -0.007798663436020797 0.00015
2788 -0.001914251978034779 -0.007973433348596234 0.00015
2789 -0.00128276260950166 -0.008099044393481313 0.00015
2790 -0.0006433645829223367 -0.008174722136767572 0.00015
2791 -0.008324259736547445 -0.0006551334508377143 0.00015
2792 -0.008247197643480673 -0.001306227786137711 0.00015
2793 -0.008119288834134679 -0.0019492687931138 0.00015
2794 -0.007941321908848286 -0.002580291909834554 0.00015
2795 -0.007714394092783974 -0.003195406669131669 0.00015
2796 -0.007439904471827723 -0.003790820682911456 0.00015
2797 -0.007119545365315768 -0.004362863026857729 0.00015
2798 -0.006755291894050184 -0.004908006868993896 0.00015
2799 -0.006349389801235793 -0.005422891217042279 0.00015
2800 -0.005904341609104311 -0.005904341636703531 0.00015
2801 -0.00542289119063504 -0.006349389823789707 0.00015
2802 -0.004908006844688614 -0.006755291911709005 0.00015
2803 -0.004362863003637212 -0.007119545379545319 0.00015
2804 -0.003790820661971512 -0.007439904482497157 0.00015
2805 -0.003195406650782789 -0.007714394100384328 0.00015
2806 -0.002580291895477171 -0.007941321913513278 0.00015
2807 -0.001949268782501033 -0.00811928883668258 0.00015
2808 -0.001306227779179167 -0.008247197644582798 0.00015
2809 -0.0006551334472428204 -0.008324259736830365 0.00015
2810 -0.008473797336606206 -0.0006669023152214733 0.00015
2811 -0.008395350894562496 -0.001329692955945433 0.00015
2812 -0.008265144322176694 -0.001984285597768781 0.00015
2813 -0.008083980386256115 -0.002626644459105318 0.00015
2814 -0.007852976022592863 -0.003252809184152027 0.00015
2815 -0.007573555450359423 -0.003858919258063491 0.00015
2816 -0.007247441389824276 -0.004441237811802495 0.00015
2817 -0.006876644443018741 -0.004996174657097334 0.00015
2818 -0.006463450695852067 -0.005520308424554887 0.00015
2819 -0.006010407626014667 -0.00601040765415017 0.00015
2820 -0.005520308397608685 -0.006463450718866298 0.00015
2821 -0.004996174632314776 -0.006876644461024325 0.00015
2822 -0.004441237788113239 -0.007247441404341069 0.00015
2823 -0.003858919236704587 -0.007573555461242328 0.00015
2824 -0.003252809165450874 -0.007852976030339137 0.00015
2825 -0.002626644444484615 -0.008083980391006669 0.00015
2826 -0.00198428558696751 -0.008265144324769847 0.00015
2827 -0.001329692948856823 -0.008395350895685223 0.00015
2828 -0.0006669023115633784 -0.008473797336894105 0.00015
2829 -0.008623334936664973 -0.0006786711796052322 0.00015
2830 -0.008543504145644318 -0.001353158125753155 0.00015
2831 -0.008410999810218702 -0.002019302402423762 0.00015
2832 -0.00822663886366394 -0.002672997008376082 0.00015
2833 -0.007991557952401755 -0.003310211699172384 0.00015
2834 -0.007707206428891123 -0.003927017833215527 0.00015
2835 -0.007375337414332781 -0.004519612596747258 0.00015
2836 -0.006997996991987299 -0.005084342445200771 0.00015
2837 -0.00657751159046834 -0.005617725632067493 0.00015
2838 -0.006116473642925021 -0.006116473671596808 0.00015
2839 -0.005617725604582326 -0.006577511613942889 0.00015
2840 -0.005084342419940939 -0.006997997010339643 0.00015
2841 -0.004519612572589263 -0.007375337429136819 0.00015
2842 -0.003927017811437662 -0.007707206439987499 0.00015
2843 -0.003310211680118959 -0.007991557960293941 0.00015
2844 -0.002672996993492058 -0.008226638868500055 0.00015
2845 -0.002019302391433986 -0.008410999812857114 0.00015
2846 -0.001353158118534478 -0.008543504146787645 0.00015
2847 -0.0006786711758839364 -0.008623334936957845 0.00015
2848 -0.008772872536723738 -0.0006904400439889914 0.00015
2849 -0.00869165739672614 -0.001376623295560877 0.00015
2850 -0.008556855298260717 -0.002054319207078742 0.00015
2851 -0.008369297341071769 -0.002719349557646846 0.00015
2852 -0.008130139882210643 -0.003367614214192742 0.00015
2853 -0.007840857407422824 -0.003995116408367565 0.00015
2854 -0.007503233438841288 -0.004597987381692023 0.00015
2855 -0.007119349540955854 -0.005172510233304208 0.00015
2856 -0.006691572485084612 -0.005715142839580098 0.00015
2857 -0.006222539659835378 -0.006222539689043446 0.00015
2858 -0.005715142811555968 -0.00669157250901948 0.00015
2859 -0.0051725102075671 -0.007119349559654959 0.00015
2860 -0.004597987357065289 -0.00750323345393257 0.00015
2861 -0.003995116386170739 -0.007840857418732673 0.00015
2862 -0.003367614194787043 -0.008130139890248746 0.00015
2863 -0.002719349542499501 -0.00836929734599344 0.00015
2864 -0.002054319195900462 -0.008556855300944384 0.00015
2865 -0.001376623288212134 -0.008691657397890067 0.00015
2866 -0.0006904400402044946 -0.008772872537021584 0.00015
2867 -0.008922410136781826 -0.0007022089083726974 0.00015
2868 -0.008839810647807292 -0.001400088465368494 0.00015
2869 -0.008702710786302068 -0.002089336011733564 0.00015
2870 -0.008511955818478956 -0.0027657021069174 0.00015
2871 -0.00826872181201891 -0.003425016729212839 0.00015
2872 -0.007974508385953922 -0.004063214983519293 0.00015
2873 -0.007631129463349215 -0.004676362166636434 0.00015
2874 -0.007240702089923866 -0.005260678021407247 0.00015
2875 -0.006805633379700369 -0.005812560047092264 0.00015
2876 -0.006328605676745255 -0.006328605706489607 0.00015
2877 -0.00581256001852917 -0.006805633404095557 0.00015
2878 -0.005260677995192864 -0.007240702108969729 0.00015
2879 -0.004676362141540961 -0.007631129478727742 0.00015
2880 -0.004063214960903507 -0.00797450839747724 0.00015
2881 -0.00342501670945487 -0.00826872182020293 0.00015
2882 -0.002765702091506735 -0.008511955823486182 0.00015
2883 -0.00208933600036678 -0.008702710789030991 0.00015
2884 -0.001400088457889683 -0.008839810648991822 0.00015
2885 -0.0007022089045249996 -0.008922410137084648 0.00015
2886 -0.009071947736840596 -0.0007139777727564562 0.00015
2887 -0.008987963898889114 -0.001423553635176216 0.00015
2888 -0.008848566274344081 -0.002124352816388546 0.00015
2889 -0.008654614295886785 -0.002812054656188165 0.00015
2890 -0.008407303741827798 -0.003482419244233198 0.00015
2891 -0.008108159364485622 -0.00413131355867133 0.00015
2892 -0.007759025487857724 -0.004754736951581198 0.00015
2893 -0.007362054638892421 -0.005348845809510686 0.00015
2894 -0.006919694274316642 -0.005909977254604871 0.00015
2895 -0.006434671693655612 -0.006434671723936246 0.00015
2896 -0.005909977225502813 -0.006919694299172148 0.00015
2897 -0.005348845782819026 -0.007362054658285049 0.00015
2898 -0.004754736926016988 -0.007759025503523493 0.00015
2899 -0.004131313535636583 -0.008108159376222413 0.00015
2900 -0.003482419224122955 -0.008407303750157738 0.00015
2901 -0.002812054640514179 -0.008654614300979569 0.00015
2902 -0.002124352804833256 -0.008848566277118261 0.00015
2903 -0.001423553627567339 -0.008987963900094242 0.00015
2904 -0.0007139777688455577 -0.00907194773714839 0.00015
2905 -0.009221485336898684 -0.0007257466371401622 0.00015
2906 -0.009136117149970268 -0.001447018804983832 0.00015
2907 -0.008994421762385433 -0.002159369621043367 0.00015
2908 -0.008797272773293969 -0.002858407205458718 0.00015
2909 -0.008545885671636062 -0.003539821759253295 0.00015
2910 -0.008241810343016718 -0.004199412133823058 0.00015
2911 -0.007886921512365652 -0.004833111736525608 0.00015
2912 -0.00748340718786043 -0.005437013597613722 0.00015
2913 -0.007033755168932399 -0.006007394462117036 0.00015
2914 -0.006540737710565487 -0.006540737741382407 0.00015
2915 -0.006007394432476014 -0.007033755194248223 0.00015
2916 -0.005437013570444788 -0.007483407207599815 0.00015
2917 -0.004833111710492659 -0.007886921528318663 0.00015
2918 -0.00419941211036935 -0.008241810354966976 0.00015
2919 -0.003539821738790779 -0.008545885680111914 0.00015
2920 -0.002858407189521412 -0.008797272778472313 0.00015
2921 -0.002159369609299573 -0.008994421765204871 0.00015
2922 -0.001447018797244888 -0.009136117151195994 0.00015
2923 -0.0007257466331660623 -0.009221485337211451 0.00015
2924 -0.009371022936956772 -0.0007375155015238681 0.00015
2925 -0.00928427040105142 -0.001470483974791448 0.00015
2926 -0.009140277250426789 -0.00219438642569819 0.00015
2927 -0.008939931250701151 -0.002904759754729273 0.00015
2928 -0.008684467601444328 -0.003597224274273393 0.00015
2929 -0.008375461321547815 -0.004267510708974786 0.00015
2930 -0.008014817536873579 -0.004911486521470019 0.00015
2931 -0.007604759736828439 -0.005525181385716761 0.00015
2932 -0.007147816063548156 -0.006104811669629204 0.00015
2933 -0.006646803727475364 -0.006646803758828566 0.00015
2934 -0.006104811639449218 -0.007147816089324298 0.00015
2935 -0.005525181358070552 -0.007604759756914585 0.00015
2936 -0.00491148649496833 -0.008014817553113835 0.00015
2937 -0.00426751068510212 -0.008375461333711547 0.00015
2938 -0.003597224253458605 -0.008684467610066096 0.00015
2939 -0.002904759738528646 -0.008939931255965053 0.00015
2940 -0.002194386413765891 -0.009140277253291479 0.00015
2941 -0.001470483966922437 -0.009284270402297748 0.00015
2942 -0.0007375154974865675 -0.009371022937274515 0.00015
2943 -0.009520560537015541 -0.0007492843659076271 0.00015
2944 -0.00943242365213324 -0.001493949144599171 0.00015
2945 -0.009286132738468801 -0.00222940323035317 0.00015
2946 -0.009082589728108983 -0.002951112304000037 0.00015
2947 -0.008823049531253218 -0.003654626789293752 0.00015
2948 -0.008509112300079516 -0.004335609284126822 0.00015
2949 -0.008142713561382088 -0.004989861306414784 0.00015
2950 -0.007726112285796995 -0.005613349173820199 0.00015
2951 -0.00726187695816443 -0.006202228877141809 0.00015
2952 -0.00675286974438572 -0.006752869776275205 0.00015
2953 -0.00620222884642286 -0.00726187698440089 0.00015
2954 -0.005613349145696715 -0.007726112306229905 0.00015
2955 -0.004989861279444356 -0.008142713577909586 0.00015
2956 -0.004335609259835196 -0.008509112312456718 0.00015
2957 -0.003654626768126691 -0.008823049540020901 0.00015
2958 -0.002951112287536089 -0.009082589733458442 0.00015
2959 -0.002229403218232368 -0.009286132741378747 0.00015
2960 -0.001493949136600093 -0.009432423653400171 0.00015
2961 -0.0007492843618071255 -0.009520560537338256 0.00015
2962 -0.009670098137074304 -0.0007610532302913858 0.00015
2963 -0.009580576903215066 -0.001517414314406893 0.00015
2964 -0.009431988226510814 -0.002264420035008151 0.00015
2965 -0.00922524820551681 -0.0029974648532708 0.00015
2966 -0.00896163146106211 -0.003712029304314109 0.00015
2967 -0.008642763278611215 -0.004403707859278859 0.00015
2968 -0.008270609585890593 -0.005068236091359547 0.00015
2969 -0.007847464834765552 -0.005701516961923636 0.00015
2970 -0.007375937852780703 -0.006299646084654415 0.00015
2971 -0.006858935761296073 -0.006858935793721844 0.00015
2972 -0.0062996460533965 -0.007375937879477481 0.00015
2973 -0.005701516933322876 -0.00784746485554522 0.00015
2974 -0.005068236063920382 -0.008270609602705335 0.00015
2975 -0.00440370783456827 -0.00864276329120189 0.00015
2976 -0.003712029282794775 -0.008961631469975705 0.00015
2977 -0.002997464836543533 -0.009225248210951827 0.00015
2978 -0.002264420022698843 -0.009431988229466016 0.00015
2979 -0.001517414306277749 -0.009580576904502593 0.00015
2980 -0.0007610532261276836 -0.009670098137401995 0.00015
2981 -0.009819635737132392 -0.0007728220946750918 0.00015
2982 -0.009728730154296218 -0.001540879484214509 0.00015
2983 -0.009577843714552165 -0.002299436839662973 0.00015
2984 -0.009367906682923992 -0.003043817402541355 0.00015
2985 -0.00910021339087037 -0.003769431819334206 0.00015
2986 -0.008776414257142311 -0.004471806434430587 0.00015
2987 -0.00839850561039852 -0.005146610876303957 0.00015
2988 -0.00796881738373356 -0.005789684750026673 0.00015
2989 -0.007489998747396458 -0.006397063292166581 0.00015
2990 -0.00696500177820595 -0.006965001811168004 0.00015
2991 -0.006397063260369704 -0.007489998774553556 0.00015
2992 -0.00578968472094864 -0.007968817404859992 0.00015
2993 -0.005146610848396052 -0.008398505627500507 0.00015
2994 -0.004471806409301038 -0.008776414269946457 0.00015
2995 -0.003769431797462601 -0.009100213399929891 0.00015
2996 -0.003043817385550767 -0.009367906688444569 0.00015
2997 -0.002299436827165161 -0.009577843717552624 0.00015
2998 -0.001540879475955298 -0.009728730155604347 0.00015
2999 -0.0007728220904481885 -0.00981963573746506 0.00015
3000 0.000560982535768573 -0.007127958936089144 0.00015
3001 0.001118506427677789 -0.007061971634837816 0.00015
3002 0.001669134355876725 -0.006952444929810116 0.00015
3003 0.002209471515672109 -0.006800054089596938 0.00015
3004 0.002736186548973348 -0.006605738654323809 0.00015
3005 0.00324603208170055 -0.006370696643584688 0.00015
3006 0.003735864747305812 -0.00609637716925783 0.00015
3007 0.004202664564173373 -0.005784471502311326 0.00015
3008 0.004643553556949135 -0.005436902644314636 0.00015
3009 0.005055813497138806 -0.005055813473829854 0.00015
3010 0.005436902663185998 -0.004643553534853606 0.00015
3011 0.00578447151719606 -0.004202664543686294 0.00015
3012 0.006096377181189432 -0.003735864727835203 0.00015
3013 0.006370696652546353 -0.003246032064112291 0.00015
3014 0.006605738660756835 -0.00273618653344265 0.00015
3015 0.00680005409357747 -0.00220947150342129 0.00015
3016 0.006952444931995972 -0.001669134346771995 0.00015
3017 0.007061971635775137 -0.001118506421759779 0.00015
3018 0.007127958936332276 -0.0005609825326792863 0.00015
3019 0.0005727514001523078 -0.007277496536147605 0.00015
3020 0.001141971597485464 -0.007210124885919335 0.00015
3021 0.001704151160531634 -0.007098300417851832 0.00015
3022 0.002255824064942779 -0.006942712567004474 0.00015
3023 0.002793589063993589 -0.006744320584132419 0.00015
3024 0.003314130656852449 -0.006504347622116117 0.00015
3025 0.003814239532250417 -0.006224273193766076 0.00015
3026 0.004290832352276631 -0.005905824051279636 0.00015
3027 0.004740970764461542 -0.005550963538930675 0.00015
3028 0.005161879514585229 -0.005161879490739993 0.00015
3029 0.005550963558262358 -0.00474097074182705 0.00015
3030 0.005905824066511131 -0.004290832331312278 0.00015
3031 0.006224273205984922 -0.00381423951231107 0.00015
3032 0.006504347631291253 -0.003314130638845228 0.00015
3033 0.00674432059071136 -0.002793589048110618 0.00015
3034 0.006942712571070566 -0.002255824052428638 0.00015
3035 0.007098300420082942 -0.001704151151238399 0.00015
3036 0.007210124886877256 -0.001141971591437387 0.00015
3037 0.007277496536395712 -0.0005727513969998204 0.00015
3038 0.0005845202645359128 -0.007427034136204411 0.00015
3039 0.001165436767292878 -0.007358278136999217 0.00015
3040 0.001739167965186156 -0.007244155905891933 0.00015
3041 0.002302176614212935 -0.007085371044410435 0.00015
3042 0.002850991579013193 -0.006882902513939492 0.00015
3043 0.003382229232003592 -0.006637998600646067 0.00015
3044 0.003892614317194155 -0.006352169218272906 0.00015
3045 0.004379000140378913 -0.006027176600246603 0.00015
3046 0.004838387971972872 -0.005665024433545453 0.00015
3047 0.005267945532030478 -0.005267945507648961 0.00015
3048 0.005665024453337453 -0.004838387948799415 0.00015
3049 0.006027176615824858 -0.004379000118937283 0.00015
3050 0.006352169230778998 -0.003892614296786069 0.00015
3051 0.006637998610034674 -0.003382229213577411 0.00015
3052 0.006882902520664352 -0.002850991562777951 0.00015
3053 0.007085371048562081 -0.002302176601435475 0.00015
3054 0.007244155908168297 -0.001739167955704417 0.00015
3055 0.007358278137977738 -0.001165436761114735 0.00015
3056 0.007427034136457491 -0.0005845202613202243 0.00015
3057 0.0005962891289195017 -0.007576571736261014 0.00015
3058 0.001188901937100261 -0.007506431388078897 0.00015
3059 0.00177418476984063 -0.007390011393931839 0.00015
3060 0.002348529163483029 -0.0072280295218162 0.00015
3061 0.002908394094032722 -0.00702148444374638 0.00015
3062 0.003450327807154644 -0.006771649579175835 0.00015
3063 0.003970989102137785 -0.006480065242779562 0.00015
3064 0.004467167928481075 -0.006148529149213405 0.00015
3065 0.00493580517948407 -0.005779085328160078 0.00015
3066 0.005374011549475584 -0.005374011524557781 0.00015
3067 0.005779085348412396 -0.00493580515577165 0.00015
3068 0.006148529165138423 -0.00446716790656217 0.00015
3069 0.006480065255572897 -0.003970989081260961 0.00015
3070 0.006771649588777914 -0.003450327788309503 0.00015
3071 0.007021484450617153 -0.002908394077445206 0.00015
3072 0.007228029526053406 -0.002348529150442247 0.00015
3073 0.007390011396253459 -0.001774184760170387 0.00015
3074 0.007506431389078019 -0.001188901930792051 0.00015
3075 0.007576571736519069 -0.0005962891256406121 0.00015
3076 0.0006080579933031305 -0.007726109336318124 0.00015
3077 0.001212367106907724 -0.007654584639159079 0.00015
3078 0.001809201574495223 -0.007535866881972232 0.00015
3079 0.002394881712753279 -0.007370687999222449 0.00015
3080 0.002965796609052444 -0.007160066373553735 0.00015
3081 0.003518426382305926 -0.006905300557706053 0.00015
3082 0.004049363887081683 -0.006607961267286654 0.00015
3083 0.004555335716583534 -0.00626988169818062 0.00015
3084 0.005033222386995597 -0.005893146222775084 0.00015
3085 0.005480077566921049 -0.005480077541466961 0.00015
3086 0.005893146243487724 -0.005033222362744214 0.00015
3087 0.006269881714452396 -0.004555335694187356 0.00015
3088 0.006607961280367232 -0.004049363865736118 0.00015
3089 0.006905300567521604 -0.003518426363041824 0.00015
3090 0.007160066380570425 -0.002965796592112655 0.00015
3091 0.007370688003545213 -0.002394881699449178 0.00015
3092 0.007535866884339111 -0.001809201564636474 0.00015
3093 0.007654584640178801 -0.001212367100469447 0.00015
3094 0.007726109336581152 -0.0006080579899610401 0.00015
3095 0.0006198268576867989 -0.007875646936375741 0.00015
3096 0.001235832276715265 -0.007802737890239761 0.00015
3097 0.001844218379149935 -0.007681722370013126 0.00015
3098 0.002441234262023687 -0.007513346476629184 0.00015
3099 0.003023199124072361 -0.007298648303361561 0.00015
3100 0.00358652495745744 -0.007038951536236729 0.00015
3101 0.004127738672025844 -0.006735857291794178 0.00015
3102 0.004643503504686296 -0.006391234247148244 0.00015
3103 0.005130639594507456 -0.006007207117390483 0.00015
3104 0.005586143584366873 -0.005586143558376504 0.00015
3105 0.00600720713856344 -0.005130639569717108 0.00015
3106 0.006391234263766782 -0.004643503481812839 0.00015
3107 0.006735857305161999 -0.004127738650211543 0.00015
3108 0.00703895154626575 -0.003586524937774377 0.00015
3109 0.007298648310524166 -0.003023199106780299 0.00015
3110 0.007513346481037504 -0.002441234248456265 0.00015
3111 0.007681722372425258 -0.001844218369102682 0.00015
3112 0.007802737891280085 -0.001235832270146922 0.00015
3113 0.007875646936643745 -0.0006198268542815077 0.00015
3114 0.0006315957220703878 -0.008025184536432346 0.00015
3115 0.001259297446522648 -0.007950891141319439 0.00015
3116 0.00187923518380441 -0.00782757785805303 0.00015
3117 0.00248758681129378 -0.007656004954034949 0.00015
3118 0.003080601639091888 -0.007437230233168447 0.00015
3119 0.003654623532608491 -0.007172602514766497 0.00015
3120 0.004206113456969475 -0.006863753316300836 0.00015
3121 0.004731671292788457 -0.006512586796115044 0.00015
3122 0.005228056802018652 -0.006121268012005106 0.00015
3123 0.005692209601811979 -0.005692209575285326 0.00015
3124 0.006121268033638382 -0.00522805677668934 0.00015
3125 0.006512586813080345 -0.004731671269437727 0.00015
3126 0.0068637533299559 -0.004206113434686435 0.00015
3127 0.00717260252500899 -0.003654623512506469 0.00015
3128 0.007437230240476969 -0.003080601621447553 0.00015
3129 0.007656004958528828 -0.002487586797463039 0.00015
3130 0.007827577860510419 -0.001879235173568651 0.00015
3131 0.007950891142380364 -0.001259297439824238 0.00015
3132 0.008025184536705317 -0.0006315957186018955 0.00015
3133 0.0006433645864540298 -0.008174722136489624 0.00015
3134 0.001282762616330137 -0.008099044392399789 0.00015
3135 0.001914251988459041 -0.00797343334609359 0.00015
3136 0.002533939360564083 -0.007798663431441358 0.00015
3137 0.003138004154111675 -0.007575812162975959 0.00015
3138 0.003722722107759851 -0.007306253493296869 0.00015
3139 0.004284488241913461 -0.00699164934080807 0.00015
3140 0.004819839080891019 -0.006633939345082397 0.00015
3141 0.005325474009530291 -0.006235328906620245 0.00015
3142 0.005798275619257564 -0.005798275592194627 0.00015
3143 0.006235328928713839 -0.005325473983662015 0.00015
3144 0.006633939362394457 -0.004819839057063012 0.00015
3145 0.006991649354750379 -0.004284488219161682 0.00015
3146 0.007306253503752832 -0.003722722087238867 0.00015
3147 0.007575812170430398 -0.003138004136115068 0.00015
3148 0.007798663436020797 -0.002533939346470021 0.00015
3149 0.007973433348596234 -0.001914251978034779 0.00015
3150 0.008099044393481313 -0.00128276260950166 0.00015
3151 0.008174722136767572 -0.0006433645829223367 0.00015
3152 0.0006551334508377143 -0.008324259736547445 0.00015
3153 0.001306227786137711 -0.008247197643480673 0.00015
3154 0.0019492687931138 -0.008119288834134679 0.00015
3155 0.002580291909834554 -0.007941321908848286 0.00015
3156 0.003195406669131669 -0.007714394092783974 0.00015
3157 0.003790820682911456 -0.007439904471827723 0.00015
3158 0.004362863026857729 -0.007119545365315768 0.00015
3159 0.004908006868993896 -0.006755291894050184 0.00015
3160 0.005422891217042279 -0.006349389801235793 0.00015
3161 0.005904341636703531 -0.005904341609104311 0.00015
3162 0.006349389823789707 -0.00542289119063504 0.00015
3163 0.006755291911709005 -0.004908006844688614 0.00015
3164 0.007119545379545319 -0.004362863003637212 0.00015
3165 0.007439904482497157 -0.003790820661971512 0.00015
3166 0.007714394100384328 -0.003195406650782789 0.00015
3167 0.007941321913513278 -0.002580291895477171 0.00015
3168 0.00811928883668258 -0.001949268782501033 0.00015
3169 0.008247197644582798 -0.001306227779179167 0.00015
3170 0.008324259736830365 -0.0006551334472428204 0.00015
3171 0.0006669023152214733 -0.008473797336606206 0.00015
3172 0.001329692955945433 -0.008395350894562496 0.00015
3173 0.001984285597768781 -0.008265144322176694 0.00015
3174 0.002626644459105318 -0.008083980386256115 0.00015
3175 0.003252809184152027 -0.007852976022592863 0.00015
3176 0.003858919258063491 -0.007573555450359423 0.00015
3177 0.004441237811802495 -0.007247441389824276 0.00015
3178 0.004996174657097334 -0.006876644443018741 0.00015
3179 0.005520308424554887 -0.006463450695852067 0.00015
3180 0.00601040765415017 -0.006010407626014667 0.00015
3181 0.006463450718866298 -0.005520308397608685 0.00015
3182 0.006876644461024325 -0.004996174632314776 0.00015
3183 0.007247441404341069 -0.004441237788113239 0.00015
3184 0.007573555461242328 -0.003858919236704587 0.00015
3185 0.007852976030339137 -0.003252809165450874 0.00015
3186 0.008083980391006669 -0.002626644444484615 0.00015
3187 0.008265144324769847 -0.00198428558696751 0.00015
3188 0.008395350895685223 -0.001329692948856823 0.00015
3189 0.008473797336894105 -0.0006669023115633784 0.00015
3190 0.0006786711796052322 -0.008623334936664973 0.00015
3191 0.001353158125753155 -0.008543504145644318 0.00015
3192 0.002019302402423762 -0.008410999810218702 0.00015
3193 0.002672997008376082 -0.00822663886366394 0.00015
3194 0.003310211699172384 -0.007991557952401755 0.00015
3195 0.003927017833215527 -0.007707206428891123 0.00015
3196 0.004519612596747258 -0.007375337414332781 0.00015
3197 0.005084342445200771 -0.006997996991987299 0.00015
3198 0.005617725632067493 -0.00657751159046834 0.00015
3199 0.006116473671596808 -0.006116473642925021 0.00015
3200 0.006577511613942889 -0.005617725604582326 0.00015
3201 0.006997997010339643 -0.005084342419940939 0.00015
3202 0.007375337429136819 -0.004519612572589263 0.00015
3203 0.007707206439987499 -0.003927017811437662 0.00015
3204 0.007991557960293941 -0.003310211680118959 0.00015
3205 0.008226638868500055 -0.002672996993492058 0.00015
3206 0.008410999812857114 -0.002019302391433986 0.00015
3207 0.008543504146787645 -0.001353158118534478 0.00015
3208 0.008623334936957845 -0.0006786711758839364 0.00015
3209 0.0006904400439889914 -0.008772872536723738 0.00015
3210 0.001376623295560877 -0.00869165739672614 0.00015
3211 0.002054319207078742 -0.008556855298260717 0.00015
3212 0.002719349557646846 -0.008369297341071769 0.00015
3213 0.003367614214192742 -0.008130139882210643 0.00015
3214 0.003995116408367565 -0.007840857407422824 0.00015
3215 0.004597987381692023 -0.007503233438841288 0.00015
3216 0.005172510233304208 -0.007119349540955854 0.00015
3217 0.005715142839580098 -0.006691572485084612 0.00015
3218 0.006222539689043446 -0.006222539659835378 0.00015
3219 0.00669157250901948 -0.005715142811555968 0.00015
3220 0.007119349559654959 -0.0051725102075671 0.00015
3221 0.00750323345393257 -0.004597987357065289 0.00015
3222 0.007840857418732673 -0.003995116386170739 0.00015
3223 0.008130139890248746 -0.003367614194787043 0.00015
3224 0.00836929734599344 -0.002719349542499501 0.00015
3225 0.008556855300944384 -0.002054319195900462 0.00015
3226 0.008691657397890067 -0.001376623288212134 0.00015
3227 0.008772872537021584 -0.0006904400402044946 0.00015
3228 0.0007022089083726974 -0.008922410136781826 0.00015
3229 0.001400088465368494 -0.008839810647807292 0.00015
3230 0.002089336011733564 -0.008702710786302068 0.00015
3231 0.0027657021069174 -0.008511955818478956 0.00015
3232 0.003425016729212839 -0.00826872181201891 0.00015
3233 0.004063214983519293 -0.007974508385953922 0.00015
3234 0.004676362166636434 -0.007631129463349215 0.00015
3235 0.005260678021407247 -0.007240702089923866 0.00015
3236 0.005812560047092264 -0.006805633379700369 0.00015
3237 0.006328605706489607 -0.006328605676745255 0.00015
3238 0.006805633404095557 -0.00581256001852917 0.00015
3239 0.007240702108969729 -0.005260677995192864 0.00015
3240 0.007631129478727742 -0.004676362141540961 0.00015
3241 0.00797450839747724 -0.004063214960903507 0.00015
3242 0.00826872182020293 -0.00342501670945487 0.00015
3243 0.008511955823486182 -0.002765702091506735 0.00015
3244 0.008702710789030991 -0.00208933600036678 0.00015
3245 0.008839810648991822 -0.001400088457889683 0.00015
3246 0.008922410137084648 -0.0007022089045249996 0.00015
3247 0.0007139777727564562 -0.009071947736840596 0.00015
3248 0.001423553635176216 -0.008987963898889114 0.00015
3249 0.002124352816388546 -0.008848566274344081 0.00015
3250 0.002812054656188165 -0.008654614295886785 0.00015
3251 0.003482419244233198 -0.008407303741827798 0.00015
3252 0.00413131355867133 -0.008108159364485622 0.00015
3253 0.004754736951581198 -0.007759025487857724 0.00015
3254 0.005348845809510686 -0.007362054638892421 0.00015
3255 0.005909977254604871 -0.006919694274316642 0.00015
3256 0.006434671723936246 -0.006434671693655612 0.00015
3257 0.006919694299172148 -0.005909977225502813 0.00015
3258 0.007362054658285049 -0.005348845782819026 0.00015
3259 0.007759025503523493 -0.004754736926016988 0.00015
3260 0.008108159376222413 -0.004131313535636583 0.00015
3261 0.008407303750157738 -0.003482419224122955 0.00015
3262 0.008654614300979569 -0.002812054640514179 0.00015
3263 0.008848566277118261 -0.002124352804833256 0.00015
3264 0.008987963900094242 -0.001423553627567339 0.00015
3265 0.00907194773714839 -0.0007139777688455577 0.00015
3266 0.0007257466371401622 -0.009221485336898684 0.00015
3267 0.001447018804983832 -0.009136117149970268 0.00015
3268 0.002159369621043367 -0.008994421762385433 0.00015
3269 0.002858407205458718 -0.008797272773293969 0.00015
3270 0.003539821759253295 -0.008545885671636062 0.00015
3271 0.004199412133823058 -0.008241810343016718 0.00015
3272 0.004833111736525608 -0.007886921512365652 0.00015
3273 0.005437013597613722 -0.00748340718786043 0.00015
3274 0.006007394462117036 -0.007033755168932399 0.00015
3275 0.006540737741382407 -0.006540737710565487 0.00015
3276 0.007033755194248223 -0.006007394432476014 0.00015
3277 0.007483407207599815 -0.005437013570444788 0.00015
3278 0.007886921528318663 -0.004833111710492659 0.00015
3279 0.008241810354966976 -0.00419941211036935 0.00015
3280 0.008545885680111914 -0.003539821738790779 0.00015
3281 0.008797272778472313 -0.002858407189521412 0.00015
3282 0.008994421765204871 -0.002159369609299573 0.00015
3283 0.009136117151195994 -0.001447018797244888 0.00015
3284 0.009221485337211451 -0.0007257466331660623 0.00015
3285 0.0007375155015238681 -0.009371022936956772 0.00015
3286 0.001470483974791448 -0.00928427040105142 0.00015
3287 0.00219438642569819 -0.009140277250426789 0.00015
3288 0.002904759754729273 -0.008939931250701151 0.00015
3289 0.003597224274273393 -0.008684467601444328 0.00015
3290 0.004267510708974786 -0.008375461321547815 0.00015
3291 0.004911486521470019 -0.008014817536873579 0.00015
3292 0.005525181385716761 -0.007604759736828439 0.00015
3293 0.006104811669629204 -0.007147816063548156 0.00015
3294 0.006646803758828566 -0.006646803727475364 0.00015
3295 0.007147816089324298 -0.006104811639449218 0.00015
3296 0.007604759756914585 -0.005525181358070552 0.00015
3297 0.008014817553113835 -0.00491148649496833 0.00015
3298 0.008375461333711547 -0.00426751068510212 0.00015
3299 0.008684467610066096 -0.003597224253458605 0.00015
3300 0.008939931255965053 -0.002904759738528646 0.00015
3301 0.009140277253291479 -0.002194386413765891 0.00015
3302 0.009284270402297748 -0.001470483966922437 0.00015
3303 0.009371022937274515 -0.0007375154974865675 0.00015
3304 0.0007492843659076271 -0.009520560537015541 0.00015
3305 0.001493949144599171 -0.00943242365213324 0.00015
3306 0.00222940323035317 -0.009286132738468801 0.00015
3307 0.002951112304000037 -0.009082589728108983 0.00015
3308 0.003654626789293752 -0.008823049531253218 0.00015
3309 0.004335609284126822 -0.008509112300079516 0.00015
3310 0.004989861306414784 -0.008142713561382088 0.00015
3311 0.005613349173820199 -0.007726112285796995 0.00015
3312 0.006202228877141809 -0.00726187695816443 0.00015
3313 0.006752869776275205 -0.00675286974438572 0.00015
3314 0.00726187698440089 -0.00620222884642286 0.00015
3315 0.007726112306229905 -0.005613349145696715 0.00015
3316 0.008142713577909586 -0.004989861279444356 0.00015
3317 0.008509112312456718 -0.004335609259835196 0.00015
3318 0.008823049540020901 -0.003654626768126691 0.00015
3319 0.009082589733458442 -0.002951112287536089 0.00015
3320 0.009286132741378747 -0.002229403218232368 0.00015
3321 0.009432423653400171 -0.001493949136600093 0.00015
3322 0.009520560537338256 -0.0007492843618071255 0.00015
3323 0.0007610532302913858 -0.009670098137074304 0.00015
3324 0.001517414314406893 -0.009580576903215066 0.00015
3325 0.002264420035008151 -0.009431988226510814 0.00015
3326 0.0029974648532708 -0.00922524820551681 0.00015
3327 0.003712029304314109 -0.00896163146106211 0.00015
3328 0.004403707859278859 -0.008642763278611215 0.00015
3329 0.005068236091359547 -0.008270609585890593 0.00015
3330 0.005701516961923636 -0.007847464834765552 0.00015
3331 0.006299646084654415 -0.007375937852780703 0.00015
3332 0.006858935793721844 -0.006858935761296073 0.00015
3333 0.007375937879477481 -0.0062996460533965 0.00015
3334 0.00784746485554522 -0.005701516933322876 0.00015
3335 0.008270609602705335 -0.005068236063920382 0.00015
3336 0.00864276329120189 -0.00440370783456827 0.00015
3337 0.008961631469975705 -0.003712029282794775 0.00015
3338 0.009225248210951827 -0.002997464836543533 0.00015
3339 0.009431988229466016 -0.002264420022698843 0.00015
3340 0.009580576904502593 -0.001517414306277749 0.00015
3341 0.009670098137401995 -0.0007610532261276836 0.00015
3342 0.0007728220946750918 -0.009819635737132392 0.00015
3343 0.001540879484214509 -0.009728730154296218 0.00015
3344 0.002299436839662973 -0.009577843714552165 0.00015
3345 0.003043817402541355 -0.009367906682923992 0.00015
3346 0.003769431819334206 -0.00910021339087037 0.00015
3347 0.004471806434430587 -0.008776414257142311 0.00015
3348 0.005146610876303957 -0.00839850561039852 0.00015
3349 0.005789684750026673 -0.00796881738373356 0.00015
3350 0.006397063292166581 -0.007489998747396458 0.00015
3351 0.006965001811168004 -0.00696500177820595 0.00015
3352 0.007489998774553556 -0.006397063260369704 0.00015
3353 0.007968817404859992 -0.00578968472094864 0.00015
3354 0.008398505627500507 -0.005146610848396052 0.00015
3355 0.008776414269946457 -0.004471806409301038 0.00015
3356 0.009100213399929891 -0.003769431797462601 0.00015
3357 0.009367906688444569 -0.003043817385550767 0.00015
3358 0.009577843717552624 -0.002299436827165161 0.00015
3359 0.009728730155604347 -0.001540879475955298 0.00015
3360 0.00981963573746506 -0.0007728220904481885 0.00015
$EndNodes
$Elements
4960
1 3 2 3 1 1 169 473 17
2 3 2 3 1 17 473 474 18
3 3 2 3 1 18 474 475 19
4 3 2 3 1 19 475 476 20
5 3 2 3 1 20 476 477 21
6 3 2 3 1 21 477 478 22
7 3 2 3 1 22 478 479 23
8 3 2 3 1 23 479 480 24
9 3 2 3 1 24 480 481 25
10 3 2 3 1 25 481 482 26
11 3 2 3 1 26 482 483 27
12 3 2 3 1 27 483 484 28
13 3 2 3 1 28 484 485 29
14 3 2 3 1 29 485 486 30
15 3 2 3 1 30 486 487 31
16 3 2 3 1 31 487 488 32
17 3 2 3 1 32 488 489 33
18 3 2 3 1 33 489 490 34
19 3 2 3 1 34 490 491 35
20 3 2 3 1 35 491 188 2
21 3 2 3 1 169 170 492 473
22 3 2 3 1 473 492 493 474
23 3 2 3 1 474 493 494 475
24 3 2 3 1 475 494 495 476
25 3 2 3 1 476 495 496 477
26 3 2 3 1 477 496 497 478
27 3 2 3 1 478 497 498 479
28 3 2 3 1 479 498 499 480
29 3 2 3 1 480 499 500 481
30 3 2 3 1 481 500 501 482
31 3 2 3 1 482 501 502 483
32 3 2 3 1 483 502 503 484
33 3 2 3 1 484 503 504 485
34 3 2 3 1 485 504 505 486
35 3 2 3 1 486 505 506 487
36 3 2 3 1 487 506 507 488
37 3 2 3 1 488 507 508 489
38 3 2 3 1 489 508 509 490
39 3 2 3 1 490 509 510 491
40 3 2 3 1 491 510 189 188
41 3 2 3 1 170 171 511 492
42 3 2 3 1 492 511 512 493
43 3 2 3 1 493 512 513 494
44 3 2 3 1 494 513 514 495
45 3 2 3 1 495 514 515 496
46 3 2 3 1 496 515 516 497
47 3 2 3 1 497 516 517 498
48 3 2 3 1 498 517 518 499
49 3 2 3 1 499 518 519 500
50 3 2 3 1 500 519 520 501
51 3 2 3 1 501 520 521 502
52 3 2 3 1 502 521 522 503
53 3 2 3 1 503 522 523 504
54 3 2 3 1 504 523 524 505
55 3 2 3 1 505 524 525 506
56 3 2 3 1 506 525 526 507
57 3 2 3 1 507 526 527 508
58 3 2 3 1 508 527 528 509
59 3 2 3 1 509 528 529 510
60 3 2 3 1 510 529 190 189
61 3 2 3 1 171 172 530 511
62 3 2 3 1 511 530 531 512
63 3 2 3 1 512 531 532 513
64 3 2 3 1 513 532 533 514
65 3 2 3 1 514 533 534 515
66 3 2 3 1 515 534 535 516
67 3 2 3 1 516 535 536 517
68 3 2 3 1 517 536 537 518
69 3 2 3 1 518 537 538 519
70 3 2 3 1 519 538 539 520
71 3 2 3 1 520 539 540 521
72 3 2 3 1 521 540 541 522
73 3 2 3 1 522 541 542 523
74 3 2 3 1 523 542 543 524
75 3 2 3 1 524 543 544 525
76 3 2 3 1 525 544 545 526
77 3 2 3 1 526 545 546 527
78 3 2 3 1 527 546 547 528
79 3 2 3 1 528 547 548 529
80 3 2 3 1 529 548 191 190
81 3 2 3 1 172 173 549 530
82 3 2 3 1 530 549 550 531
83 3 2 3 1 531 550 551 532
84 3 2 3 1 532 551 552 533
85 3 2 3 1 533 552 553 534
86 3 2 3 1 534 553 554 535
87 3 2 3 1 535 554 555 536
88 3 2 3 1 536 555 556 537
89 3 2 3 1 537 556 557 538
90 3 2 3 1 538 557 558 539
91 3 2 3 1 539 558 559 540
92 3 2 3 1 540 559 560 541
93 3 2 3 1 541 560 561 542
94 3 2 3 1 542 561 562 543
95 3 2 3 1 543 562 563 544
96 3 2 3 1 544 563 564 545
97 3 2 3 1 545 564 565 546
98 3 2 3 1 546 565 566 547
99 3 2 3 1 547 566 567 548
100 3 2 3 1 548 567 192 191
101 3 2 3 1 173 174 568 549
102 3 2 3 1 549 568 569 550
103 3 2 3 1 550 569 570 551
104 3 2 3 1 551 570 571 552
105 3 2 3 1 552 571 572 553
106 3 2 3 1 553 572 573 554
107 3 2 3 1 554 573 574 555
108 3 2 3 1 555 574 575 556
109 3 2 3 1 556 575 576 557
110 3 2 3 1 557 576 577 558
111 3 2 3 1 558 577 578 559
112 3 2 3 1 559 578 579 560
113 3 2 3 1 560 579 580 561
114 3 2 3 1 561 580 581 562
115 3 2 3 1 562 581 582 563
116 3 2 3 1 563 582 583 564
117 3 2 3 1 564 583 584 565
118 3 2 3 1 565 584 585 566
119 3 2 3 1 566 585 586 567
120 3 2 3 1 567 586 193 192
121 3 2 3 1 174 175 587 568
122 3 2 3 1 568 587 588 569
123 3 2 3 1 569 588 589 570
124 3 2 3 1 570 589 590 571
125 3 2 3 1 571 590 591 572
126 3 2 3 1 572 591 592 573
127 3 2 3 1 573 592 593 574
128 3 2 3 1 574 593 594 575
129 3 2 3 1 575 594 595 576
130 3 2 3 1 576 595 596 577
131 3 2 3 1 577 596 597 578
132 3 2 3 1 578 597 598 579
133 3 2 3 1 579 598 599 580
134 3 2 3 1 580 599 600 581
135 3 2 3 1 581 600 601 582
136 3 2 3 1 582 601 602 583
137 3 2 3 1 583 602 603 584
138 3 2 3 1 584 603 604 585
139 3 2 3 1 585 604 605 586
140 3 2 3 1 586 605 194 193
141 3 2 3 1 175 176 606 587
142 3 2 3 1 587 606 607 588
143 3 2 3 1 588 607 608 589
144 3 2 3 1 589 608 609 590
145 3 2 3 1 590 609 610 591
146 3 2 3 1 591 610 611 592
147 3 2 3 1 592 611 612 593
148 3 2 3 1 593 612 613 594
149 3 2 3 1 594 613 614 595
150 3 2 3 1 595 614 615 596
151 3 2 3 1 596 615 616 597
152 3 2 3 1 597 616 617 598
153 3 2 3 1 598 617 618 599
154 3 2 3 1 599 618 619 600
155 3 2 3 1 600 619 620 601
156 3 2 3 1 601 620 621 602
157 3 2 3 1 602 621 622 603
158 3 2 3 1 603 622 623 604
159 3 2 3 1 604 623 624 605
160 3 2 3 1 605 624 195 194
161 3 2 3 1 176 177 625 606
162 3 2 3 1 606 625 626 607
163 3 2 3 1 607 626 627 608
164 3 2 3 1 608 627 628 609
165 3 2 3 1 609 628 629 610
166 3 2 3 1 610 629 630 611
167 3 2 3 1 611 630 631 612
168 3 2 3 1 612 631 632 613
169 3 2 3 1 613 632 633 614
170 3 2 3 1 614 633 634 615
171 3 2 3 1 615 634 635 616
172 3 2 3 1 616 635 636 617
173 3 2 3 1 617 636 637 618
174 3 2 3 1 618 637 638 619
175 3 2 3 1 619 638 639 620
176 3 2 3 1 620 639 640 621
177 3 2 3 1 621 640 641 622
178 3 2 3 1 622 641 642 623
179 3 2 3 1 623 642 643 624
180 3 2 3 1 624 643 196 195
181 3 2 3 1 177 178 644 625
182 3 2 3 1 625 644 645 626
183 3 2 3 1 626 645 646 627
184 3 2 3 1 627 646 647 628
185 3 2 3 1 628 647 648 629
186 3 2 3 1 629 648 649 630
187 3 2 3 1 630 649 650 631
188 3 2 3 1 631 650 651 632
189 3 2 3 1 632 651 652 633
190 3 2 3 1 633 652 653 634
191 3 2 3 1 634 653 654 635
192 3 2 3 1 635 654 655 636
193 3 2 3 1 636 655 656 637
194 3 2 3 1 637 656 657 638
195 3 2 3 1 638 657 658 639
196 3 2 3 1 639 658 659 640
197 3 2 3 1 640 659 660 641
198 3 2 3 1 641 660 661 642
199 3 2 3 1 642 661 662 643
200 3 2 3 1 643 662 197 196
201 3 2 3 1 178 179 663 644
202 3 2 3 1 644 663 664 645
203 3 2 3 1 645 664 665 646
204 3 2 3 1 646 665 666 647
205 3 2 3 1 647 666 667 648
206 3 2 3 1 648 667 668 649
207 3 2 3 1 649 668 669 650
208 3 2 3 1 650 669 670 651
209 3 2 3 1 651 670 671 652
210 3 2 3 1 652 671 672 653
211 3 2 3 1 653 672 673 654
212 3 2 3 1 654 673 674 655
213 3 2 3 1 655 674 675 656
214 3 2 3 1 656 675 676 657
215 3 2 3 1 657 676 677 658
216 3 2 3 1 658 677 678 659
217 3 2 3 1 659 678 679 660
218 3 2 3 1 660 679 680 661
219 3 2 3 1 661 680 681 662
220 3 2 3 1 662 681 198 197
221 3 2 3 1 179 180 682 663
222 3 2 3 1 663 682 683 664
223 3 2 3 1 664 683 684 665
224 3 2 3 1 665 684 685 666
225 3 2 3 1 666 685 686 667
226 3 2 3 1 667 686 687 668
227 3 2 3 1 668 687 688 669
228 3 2 3 1 669 688 689 670
229 3 2 3 1 670 689 690 671
230 3 2 3 1 671 690 691 672
231 3 2 3 1 672 691 692 673
232 3 2 3 1 673 692 693 674
233 3 2 3 1 674 693 694 675
234 3 2 3 1 675 694 695 676
235 3 2 3 1 676 695 696 677
236 3 2 3 1 677 696 697 678
237 3 2 3 1 678 697 698 679
238 3 2 3 1 679 698 699 680
239 3 2 3 1 680 699 700 681
240 3 2 3 1 681 700 199 198
241 3 2 3 1 180 181 701 682
242 3 2 3 1 682 701 702 683
243 3 2 3 1 683 702 703 684
244 3 2 3 1 684 703 704 685
245 3 2 3 1 685 704 705 686
246 3 2 3 1 686 705 706 687
247 3 2 3 1 687 706 707 688
248 3 2 3 1 688 707 708 689
249 3 2 3 1 689 708 709 690
250 3 2 3 1 690 709 710 691
251 3 2 3 1 691 710 711 692
252 3 2 3 1 692 711 712 693
253 3 2 3 1 693 712 713 694
254 3 2 3 1 694 713 714 695
255 3 2 3 1 695 714 715 696
256 3 2 3 1 696 715 716 697
257 3 2 3 1 697 716 717 698
258 3 2 3 1 698 717 718 699
259 3 2 3 1 699 718 719 700
260 3 2 3 1 700 719 200 199
261 3 2 3 1 181 182 720 701
262 3 2 3 1 701 720 721 702
263 3 2 3 1 702 721 722 703
264 3 2 3 1 703 722 723 704
265 3 2 3 1 704 723 724 705
266 3 2 3 1 705 724 725 706
267 3 2 3 1 706 725 726 707
268 3 2 3 1 707 726 727 708
269 3 2 3 1 708 727 728 709
270 3 2 3 1 709 728 729 710
271 3 2 3 1 710 729 730 711
272 3 2 3 1 711 730 731 712
273 3 2 3 1 712 731 732 713
274 3 2 3 1 713 732 733 714
275 3 2 3 1 714 733 734 715
276 3 2 3 1 715 734 735 716
277 3 2 3 1 716 735 736 717
278 3 2 3 1 717 736 737 718
279 3 2 3 1 718 737 738 719
280 3 2 3 1 719 738 201 200
281 3 2 3 1 182 183 739 720
282 3 2 3 1 720 739 740 721
283 3 2 3 1 721 740 741 722
284 3 2 3 1 722 741 742 723
285 3 2 3 1 723 742 743 724
286 3 2 3 1 724 743 744 725
287 3 2 3 1 725 744 745 726
288 3 2 3 1 726 745 746 727
289 3 2 3 1 727 746 747 728
290 3 2 3 1 728 747 748 729
291 3 2 3 1 729 748 749 730
292 3 2 3 1 730 749 750 731
293 3 2 3 1 731 750 751 732
294 3 2 3 1 732 751 752 733
295 3 2 3 1 733 752 753 734
296 3 2 3 1 734 753 754 735
297 3 2 3 1 735 754 755 736
298 3 2 3 1 736 755 756 737
299 3 2 3 1 737 756 757 738
300 3 2 3 1 738 757 202 201
301 3 2 3 1 183 184 758 739
302 3 2 3 1 739 758 759 740
303 3 2 3 1 740 759 760 741
304 3 2 3 1 741 760 761 742
305 3 2 3 1 742 761 762 743
306 3 2 3 1 743 762 763 744
307 3 2 3 1 744 763 764 745
308 3 2 3 1 745 764 765 746
309 3 2 3 1 746 765 766 747
310 3 2 3 1 747 766 767 748
311 3 2 3 1 748 767 768 749
312 3 2 3 1 749 768 769 750
313 3 2 3 1 750 769 770 751
314 3 2 3 1 751 770 771 752
315 3 2 3 1 752 771 772 753
316 3 2 3 1 753 772 773 754
317 3 2 3 1 754 773 774 755
318 3 2 3 1 755 774 775 756
319 3 2 3 1 756 775 776 757
320 3 2 3 1 757 776 203 202
321 3 2 3 1 184 185 777 758
322 3 2 3 1 758 777 778 759
323 3 2 3 1 759 778 779 760
324 3 2 3 1 760 779 780 761
325 3 2 3 1 761 780 781 762
326 3 2 3 1 762 781 782 763
327 3 2 3 1 763 782 783 764
328 3 2 3 1 764 783 784 765
329 3 2 3 1 765 784 785 766
330 3 2 3 1 766 785 786 767
331 3 2 3 1 767 786 787 768
332 3 2 3 1 768 787 788 769
333 3 2 3 1 769 788 789 770
334 3 2 3 1 770 789 790 771
335 3 2 3 1 771 790 791 772
336 3 2 3 1 772 791 792 773
337 3 2 3 1 773 792 793 774
338 3 2 3 1 774 793 794 775
339 3 2 3 1 775 794 795 776
340 3 2 3 1 776 795 204 203
341 3 2 3 1 185 186 796 777
342 3 2 3 1 777 796 797 778
343 3 2 3 1 778 797 798 779
344 3 2 3 1 779 798 799 780
345 3 2 3 1 780 799 800 781
346 3 2 3 1 781 800 801 782
347 3 2 3 1 782 801 802 783
348 3 2 3 1 783 802 803 784
349 3 2 3 1 784 803 804 785
350 3 2 3 1 785 804 805 786
351 3 2 3 1 786 805 806 787
352 3 2 3 1 787 806 807 788
353 3 2 3 1 788 807 808 789
354 3 2 3 1 789 808 809 790
355 3 2 3 1 790 809 810 791
356 3 2 3 1 791 810 811 792
357 3 2 3 1 792 811 812 793
358 3 2 3 1 793 812 813 794
359 3 2 3 1 794 813 814 795
360 3 2 3 1 795 814 205 204
361 3 2 3 1 186 187 815 796
362 3 2 3 1 796 815 816 797
363 3 2 3 1 797 816 817 798
364 3 2 3 1 798 817 818 799
365 3 2 3 1 799 818 819 800
366 3 2 3 1 800 819 820 801
367 3 2 3 1 801 820 821 802
368 3 2 3 1 802 821 822 803
369 3 2 3 1 803 822 823 804
370 3 2 3 1 804 823 824 805
371 3 2 3 1 805 824 825 806
372 3 2 3 1 806 825 826 807
373 3 2 3 1 807 826 827 808
374 3 2 3 1 808 827 828 809
375 3 2 3 1 809 828 829 810
376 3 2 3 1 810 829 830 811
377 3 2 3 1 811 830 831 812
378 3 2 3 1 812 831 832 813
379 3 2 3 1 813 832 833 814
380 3 2 3 1 814 833 206 205
381 3 2 3 1 187 5 93 815
382 3 2 3 1 815 93 94 816
383 3 2 3 1 816 94 95 817
384 3 2 3 1 817 95 96 818
385 3 2 3 1 818 96 97 819
386 3 2 3 1 819 97 98 820
387 3 2 3 1 820 98 99 821
388 3 2 3 1 821 99 100 822
389 3 2 3 1 822 100 101 823
390 3 2 3 1 823 101 102 824
391 3 2 3 1 824 102 103 825
392 3 2 3 1 825 103 104 826
393 3 2 3 1 826 104 105 827
394 3 2 3 1 827 105 106 828
395 3 2 3 1 828 106 107 829
396 3 2 3 1 829 107 108 830
397 3 2 3 1 830 108 109 831
398 3 2 3 1 831 109 110 832
399 3 2 3 1 832 110 111 833
400 3 2 3 1 833 111 6 206
401 3 2 3 2 2 188 834 36
402 3 2 3 2 36 834 835 37
403 3 2 3 2 37 835 836 38
404 3 2 3 2 38 836 837 39
405 3 2 3 2 39 837 838 40
406 3 2 3 2 40 838 839 41
407 3 2 3 2 41 839 840 42
408 3 2 3 2 42 840 841 43
409 3 2 3 2 43 841 842 44
410 3 2 3 2 44 842 843 45
411 3 2 3 2 45 843 844 46
412 3 2 3 2 46 844 845 47
413 3 2 3 2 47 845 846 48
414 3 2 3 2 48 846 847 49
415 3 2 3 2 49 847 848 50
416 3 2 3 2 50 848 849 51
417 3 2 3 2 51 849 850 52
418 3 2 3 2 52 850 851 53
419 3 2 3 2 53 851 852 54
420 3 2 3 2 54 852 207 3
421 3 2 3 2 188 189 853 834
422 3 2 3 2 834 853 854 835
423 3 2 3 2 835 854 855 836
424 3 2 3 2 836 855 856 837
425 3 2 3 2 837 856 857 838
426 3 2 3 2 838 857 858 839
427 3 2 3 2 839 858 859 840
428 3 2 3 2 840 859 860 841
429 3 2 3 2 841 860 861 842
430 3 2 3 2 842 861 862 843
431 3 2 3 2 843 862 863 844
432 3 2 3 2 844 863 864 845
433 3 2 3 2 845 864 865 846
434 3 2 3 2 846 865 866 847
435 3 2 3 2 847 866 867 848
436 3 2 3 2 848 867 868 849
437 3 2 3 2 849 868 869 850
438 3 2 3 2 850 869 870 851
439 3 2 3 2 851 870 871 852
440 3 2 3 2 852 871 208 207
441 3 2 3 2 189 190 872 853
442 3 2 3 2 853 872 873 854
443 3 2 3 2 854 873 874 855
444 3 2 3 2 855 874 875 856
445 3 2 3 2 856 875 876 857
446 3 2 3 2 857 876 877 858
447 3 2 3 2 858 877 878 859
448 3 2 3 2 859 878 879 860
449 3 2 3 2 860 879 880 861
450 3 2 3 2 861 880 881 862
451 3 2 3 2 862 881 882 863
452 3 2 3 2 863 882 883 864
453 3 2 3 2 864 883 884 865
454 3 2 3 2 865 884 885 866
455 3 2 3 2 866 885 886 867
456 3 2 3 2 867 886 887 868
457 3 2 3 2 868 887 888 869
458 3 2 3 2 869 888 889 870
459 3 2 3 2 870 889 890 871
460 3 2 3 2 871 890 209 208
461 3 2 3 2 190 191 891 872
462 3 2 3 2 872 891 892 873
463 3 2 3 2 873 892 893 874
464 3 2 3 2 874 893 894 875
465 3 2 3 2 875 894 895 876
466 3 2 3 2 876 895 896 877
467 3 2 3 2 877 896 897 878
468 3 2 3 2 878 897 898 879
469 3 2 3 2 879 898 899 880
470 3 2 3 2 880 899 900 881
471 3 2 3 2 881 900 901 882
472 3 2 3 2 882 901 902 883
473 3 2 3 2 883 902 903 884
474 3 2 3 2 884 903 904 885
475 3 2 3 2 885 904 905 886
476 3 2 3 2 886 905 906 887
477 3 2 3 2 887 906 907 888
478 3 2 3 2 888 907 908 889
479 3 2 3 2 889 908 909 890
480 3 2 3 2 890 909 210 209
481 3 2 3 2 191 192 910 891
482 3 2 3 2 891 910 911 892
483 3 2 3 2 892 911 912 893
484 3 2 3 2 893 912 913 894
485 3 2 3 2 894 913 914 895
486 3 2 3 2 895 914 915 896
487 3 2 3 2 896 915 916 897
488 3 2 3 2 897 916 917 898
489 3 2 3 2 898 917 918 899
490 3 2 3 2 899 918 919 900
491 3 2 3 2 900 919 920 901
492 3 2 3 2 901 920 921 902
493 3 2 3 2 902 921 922 903
494 3 2 3 2 903 922 923 904
495 3 2 3 2 904 923 924 905
496 3 2 3 2 905 924 925 906
497 3 2 3 2 906 925 926 907
498 3 2 3 2 907 926 927 908
499 3 2 3 2 908 927 928 909
500 3 2 3 2 909 928 211 210
501 3 2 3 2 192 193 929 910
502 3 2 3 2 910 929 930 911
503 3 2 3 2 911 930 931 912
504 3 2 3 2 912 931 932 913
505 3 2 3 2 913 932 933 914
506 3 2 3 2 914 933 934 915
507 3 2 3 2 915 934 935 916
508 3 2 3 2 916 935 936 917
509 3 2 3 2 917 936 937 918
510 3 2 3 2 918 937 938 919
511 3 2 3 2 919 938 939 920
512 3 2 3 2 920 939 940 921
513 3 2 3 2 921 940 941 922
514 3 2 3 2 922 941 942 923
515 3 2 3 2 923 942 943 924
516 3 2 3 2 924 943 944 925
517 3 2 3 2 925 944 945 926
518 3 2 3 2 926 945 946 927
519 3 2 3 2 927 946 947 928
520 3 2 3 2 928 947 212 211
521 3 2 3 2 193 194 948 929
522 3 2 3 2 929 948 949 930
523 3 2 3 2 930 949 950 931
524 3 2 3 2 931 950 951 932
525 3 2 3 2 932 951 952 933
526 3 2 3 2 933 952 953 934
527 3 2 3 2 934 953 954 935
528 3 2 3 2 935 954 955 936
529 3 2 3 2 936 955 956 937
530 3 2 3 2 937 956 957 938
531 3 2 3 2 938 957 958 939
532 3 2 3 2 939 958 959 940
533 3 2 3 2 940 959 960 941
534 3 2 3 2 941 960 961 942
535 3 2 3 2 942 961 962 943
536 3 2 3 2 943 962 963 944
537 3 2 3 2 944 963 964 945
538 3 2 3 2 945 964 965 946
539 3 2 3 2 946 965 966 947
540 3 2 3 2 947 966 213 212
541 3 2 3 2 194 195 967 948
542 3 2 3 2 948 967 968 949
543 3 2 3 2 949 968 969 950
544 3 2 3 2 950 969 970 951
545 3 2 3 2 951 970 971 952
546 3 2 3 2 952 971 972 953
547 3 2 3 2 953 972 973 954
548 3 2 3 2 954 973 974 955
549 3 2 3 2 955 974 975 956
550 3 2 3 2 956 975 976 957
551 3 2 3 2 957 976 977 958
552 3 2 3 2 958 977 978 959
553 3 2 3 2 959 978 979 960
554 3 2 3 2 960 979 980 961
555 3 2 3 2 961 980 981 962
556 3 2 3 2 962 981 982 963
557 3 2 3 2 963 982 983 964
558 3 2 3 2 964 983 984 965
559 3 2 3 2 965 984 985 966
560 3 2 3 2 966 985 214 213
561 3 2 3 2 195 196 986 967
562 3 2 3 2 967 986 987 968
563 3 2 3 2 968 987 988 969
564 3 2 3 2 969 988 989 970
565 3 2 3 2 970 989 990 971
566 3 2 3 2 971 990 991 972
567 3 2 3 2 972 991 992 973
568 3 2 3 2 973 992 993 974
569 3 2 3 2 974 993 994 975
570 3 2 3 2 975 994 995 976
571 3 2 3 2 976 995 996 977
572 3 2 3 2 977 996 997 978
573 3 2 3 2 978 997 998 979
574 3 2 3 2 979 998 999 980
575 3 2 3 2 980 999 1000 981
576 3 2 3 2 981 1000 1001 982
577 3 2 3 2 982 1001 1002 983
578 3 2 3 2 983 1002 1003 984
579 3 2 3 2 984 1003 1004 985
580 3 2 3 2 985 1004 215 214
581 3 2 3 2 196 197 1005 986
582 3 2 3 2 986 1005 1006 987
583 3 2 3 2 987 1006 1007 988
584 3 2 3 2 988 1007 1008 989
585 3 2 3 2 989 1008 1009 990
586 3 2 3 2 990 1009 1010 991
587 3 2 3 2 991 1010 1011 992
588 3 2 3 2 992 1011 1012 993
589 3 2 3 2 993 1012 1013 994
590 3 2 3 2 994 1013 1014 995
591 3 2 3 2 995 1014 1015 996
592 3 2 3 2 996 1015 1016 997
593 3 2 3 2 997 1016 1017 998
594 3 2 3 2 998 1017 1018 999
595 3 2 3 2 999 1018 1019 1000
596 3 2 3 2 1000 1019 1020 1001
597 3 2 3 2 1001 1020 1021 1002
598 3 2 3 2 1002 1021 1022 1003
599 3 2 3 2 1003 1022 1023 1004
600 3 2 3 2 1004 1023 216 215
601 3 2 3 2 197 198 1024 1005
602 3 2 3 2 1005 1024 1025 1006
603 3 2 3 2 1006 1025 1026 1007
604 3 2 3 2 1007 1026 1027 1008
605 3 2 3 2 1008 1027 1028 1009
606 3 2 3 2 1009 1028 1029 1010
607 3 2 3 2 1010 1029 1030 1011
608 3 2 3 2 1011 1030 1031 1012
609 3 2 3 2 1012 1031 1032 1013
610 3 2 3 2 1013 1032 1033 1014
611 3 2 3 2 1014 1033 1034 1015
612 3 2 3 2 1015 1034 1035 1016
613 3 2 3 2 1016 1035 1036 1017
614 3 2 3 2 1017 1036 1037 1018
615 3 2 3 2 1018 1037 1038 1019
616 3 2 3 2 1019 1038 1039 1020
617 3 2 3 2 1020 1039 1040 1021
618 3 2 3 2 1021 1040 1041 1022
619 3 2 3 2 1022 1041 1042 1023
620 3 2 3 2 1023 1042 217 216
621 3 2 3 2 198 199 1043 1024
622 3 2 3 2 1024 1043 1044 1025
623 3 2 3 2 1025 1044 1045 1026
624 3 2 3 2 1026 1045 1046 1027
625 3 2 3 2 1027 1046 1047 1028
626 3 2 3 2 1028 1047 1048 1029
627 3 2 3 2 1029 1048 1049 1030
628 3 2 3 2 1030 1049 1050 1031
629 3 2 3 2 1031 1050 1051 1032
630 3 2 3 2 1032 1051 1052 1033
631 3 2 3 2 1033 1052 1053 1034
632 3 2 3 2 1034 1053 1054 1035
633 3 2 3 2 1035 1054 1055 1036
634 3 2 3 2 1036 1055 1056 1037
635 3 2 3 2 1037 1056 1057 1038
636 3 2 3 2 1038 1057 1058 1039
637 3 2 3 2 1039 1058 1059 1040
638 3 2 3 2 1040 1059 1060 1041
639 3 2 3 2 1041 1060 1061 1042
640 3 2 3 2 1042 1061 218 217
641 3 2 3 2 199 200 1062 1043
642 3 2 3 2 1043 1062 1063 1044
643 3 2 3 2 1044 1063 1064 1045
644 3 2 3 2 1045 1064 1065 1046
645 3 2 3 2 1046 1065 1066 1047
646 3 2 3 2 1047 1066 1067 1048
647 3 2 3 2 1048 1067 1068 1049
648 3 2 3 2 1049 1068 1069 1050
649 3 2 3 2 1050 1069 1070 1051
650 3 2 3 2 1051 1070 1071 1052
651 3 2 3 2 1052 1071 1072 1053
652 3 2 3 2 1053 1072 1073 1054
653 3 2 3 2 1054 1073 1074 1055
654 3 2 3 2 1055 1074 1075 1056
655 3 2 3 2 1056 1075 1076 1057
656 3 2 3 2 1057 1076 1077 1058
657 3 2 3 2 1058 1077 1078 1059
658 3 2 3 2 1059 1078 1079 1060
659 3 2 3 2 1060 1079 1080 1061
660 3 2 3 2 1061 1080 219 218
661 3 2 3 2 200 201 1081 1062
662 3 2 3 2 1062 1081 1082 1063
663 3 2 3 2 1063 1082 1083 1064
664 3 2 3 2 1064 1083 1084 1065
665 3 2 3 2 1065 1084 1085 1066
666 3 2 3 2 1066 1085 1086 1067
667 3 2 3 2 1067 1086 1087 1068
668 3 2 3 2 1068 1087 1088 1069
669 3 2 3 2 1069 1088 1089 1070
670 3 2 3 2 1070 1089 1090 1071
671 3 2 3 2 1071 1090 1091 1072
672 3 2 3 2 1072 1091 1092 1073
673 3 2 3 2 1073 1092 1093 1074
674 3 2 3 2 1074 1093 1094 1075
675 3 2 3 2 1075 1094 1095 1076
676 3 2 3 2 1076 1095 1096 1077
677 3 2 3 2 1077 1096 1097 1078
678 3 2 3 2 1078 1097 1098 1079
679 3 2 3 2 1079 1098 1099 1080
680 3 2 3 2 1080 1099 220 219
681 3 2 3 2 201 202 1100 1081
682 3 2 3 2 1081 1100 1101 1082
683 3 2 3 2 1082 1101 1102 1083
684 3 2 3 2 1083 1102 1103 1084
685 3 2 3 2 1084 1103 1104 1085
686 3 2 3 2 1085 1104 1105 1086
687 3 2 3 2 1086 1105 1106 1087
688 3 2 3 2 1087 1106 1107 1088
689 3 2 3 2 1088 1107 1108 1089
690 3 2 3 2 1089 1108 1109 1090
691 3 2 3 2 1090 1109 1110 1091
692 3 2 3 2 1091 1110 1111 1092
693 3 2 3 2 1092 1111 1112 1093
694 3 2 3 2 1093 1112 1113 1094
695 3 2 3 2 1094 1113 1114 1095
696 3 2 3 2 1095 1114 1115 1096
697 3 2 3 2 1096 1115 1116 1097
698 3 2 3 2 1097 1116 1117 1098
699 3 2 3 2 1098 1117 1118 1099
700 3 2 3 2 1099 1118 221 220
701 3 2 3 2 202 203 1119 1100
702 3 2 3 2 1100 1119 1120 1101
703 3 2 3 2 1101 1120 1121 1102
704 3 2 3 2 1102 1121 1122 1103
705 3 2 3 2 1103 1122 1123 1104
706 3 2 3 2 1104 1123 1124 1105
707 3 2 3 2 1105 1124 1125 1106
708 3 2 3 2 1106 1125 1126 1107
709 3 2 3 2 1107 1126 1127 1108
710 3 2 3 2 1108 1127 1128 1109
711 3 2 3 2 1109 1128 1129 1110
712 3 2 3 2 1110 1129 1130 1111
713 3 2 3 2 1111 1130 1131 1112
714 3 2 3 2 1112 1131 1132 1113
715 3 2 3 2 1113 1132 1133 1114
716 3 2 3 2 1114 1133 1134 1115
717 3 2 3 2 1115 1134 1135 1116
718 3 2 3 2 1116 1135 1136 1117
719 3 2 3 2 1117 1136 1137 1118
720 3 2 3 2 1118 1137 222 221
721 3 2 3 2 203 204 1138 1119
722 3 2 3 2 1119 1138 1139 1120
723 3 2 3 2 1120 1139 1140 1121
724 3 2 3 2 1121 1140 1141 1122
725 3 2 3 2 1122 1141 1142 1123
726 3 2 3 2 1123 1142 1143 1124
727 3 2 3 2 1124 1143 1144 1125
728 3 2 3 2 1125 1144 1145 1126
729 3 2 3 2 1126 1145 1146 1127
730 3 2 3 2 1127 1146 1147 1128
731 3 2 3 2 1128 1147 1148 1129
732 3 2 3 2 1129 1148 1149 1130
733 3 2 3 2 1130 1149 1150 1131
734 3 2 3 2 1131 1150 1151 1132
735 3 2 3 2 1132 1151 1152 1133
736 3 2 3 2 1133 1152 1153 1134
737 3 2 3 2 1134 1153 1154 1135
738 3 2 3 2 1135 1154 1155 1136
739 3 2 3 2 1136 1155 1156 1137
740 3 2 3 2 1137 1156 223 222
741 3 2 3 2 204 205 1157 1138
742 3 2 3 2 1138 1157 1158 1139
743 3 2 3 2 1139 1158 1159 1140
744 3 2 3 2 1140 1159 1160 1141
745 3 2 3 2 1141 1160 1161 1142
746 3 2 3 2 1142 1161 1162 1143
747 3 2 3 2 1143 1162 1163 1144
748 3 2 3 2 1144 1163 1164 1145
749 3 2 3 2 1145 1164 1165 1146
750 3 2 3 2 1146 1165 1166 1147
751 3 2 3 2 1147 1166 1167 1148
752 3 2 3 2 1148 1167 1168 1149
753 3 2 3 2 1149 1168 1169 1150
754 3 2 3 2 1150 1169 1170 1151
755 3 2 3 2 1151 1170 1171 1152
756 3 2 3 2 1152 1171 1172 1153
757 3 2 3 2 1153 1172 1173 1154
758 3 2 3 2 1154 1173 1174 1155
759 3 2 3 2 1155 1174 1175 1156
760 3 2 3 2 1156 1175 224 223
761 3 2 3 2 205 206 1176 1157
762 3 2 3 2 1157 1176 1177 1158
763 3 2 3 2 1158 1177 1178 1159
764 3 2 3 2 1159 1178 1179 1160
765 3 2 3 2 1160 1179 1180 1161
766 3 2 3 2 1161 1180 1181 1162
767 3 2 3 2 1162 1181 1182 1163
768 3 2 3 2 1163 1182 1183 1164
769 3 2 3 2 1164 1183 1184 1165
770 3 2 3 2 1165 1184 1185 1166
771 3 2 3 2 1166 1185 1186 1167
772 3 2 3 2 1167 1186 1187 1168
773 3 2 3 2 1168 1187 1188 1169
774 3 2 3 2 1169 1188 1189 1170
775 3 2 3 2 1170 1189 1190 1171
776 3 2 3 2 1171 1190 1191 1172
777 3 2 3 2 1172 1191 1192 1173
778 3 2 3 2 1173 1192 1193 1174
779 3 2 3 2 1174 1193 1194 1175
780 3 2 3 2 1175 1194 225 224
781 3 2 3 2 206 6 112 1176
782 3 2 3 2 1176 112 113 1177
783 3 2 3 2 1177 113 114 1178
784 3 2 3 2 1178 114 115 1179
785 3 2 3 2 1179 115 116 1180
786 3 2 3 2 1180 116 117 1181
787 3 2 3 2 1181 117 118 1182
788 3 2 3 2 1182 118 119 1183
789 3 2 3 2 1183 119 120 1184
790 3 2 3 2 1184 120 121 1185
791 3 2 3 2 1185 121 122 1186
792 3 2 3 2 1186 122 123 1187
793 3 2 3 2 1187 123 124 1188
794 3 2 3 2 1188 124 125 1189
795 3 2 3 2 1189 125 126 1190
796 3 2 3 2 1190 126 127 1191
797 3 2 3 2 1191 127 128 1192
798 3 2 3 2 1192 128 129 1193
799 3 2 3 2 1193 129 130 1194
800 3 2 3 2 1194 130 7 225
801 3 2 3 3 3 207 1195 55
802 3 2 3 3 55 1195 1196 56
803 3 2 3 3 56 1196 1197 57
804 3 2 3 3 57 1197 1198 58
805 3 2 3 3 58 1198 1199 59
806 3 2 3 3 59 1199 1200 60
807 3 2 3 3 60 1200 1201 61
808 3 2 3 3 61 1201 1202 62
809 3 2 3 3 62 1202 1203 63
810 3 2 3 3 63 1203 1204 64
811 3 2 3 3 64 1204 1205 65
812 3 2 3 3 65 1205 1206 66
813 3 2 3 3 66 1206 1207 67
814 3 2 3 3 67 1207 1208 68
815 3 2 3 3 68 1208 1209 69
816 3 2 3 3 69 1209 1210 70
817 3 2 3 3 70 1210 1211 71
818 3 2 3 3 71 1211 1212 72
819 3 2 3 3 72 1212 1213 73
820 3 2 3 3 73 1213 226 4
821 3 2 3 3 207 208 1214 1195
822 3 2 3 3 1195 1214 1215 1196
823 3 2 3 3 1196 1215 1216 1197
824 3 2 3 3 1197 1216 1217 1198
825 3 2 3 3 1198 1217 1218 1199
826 3 2 3 3 1199 1218 1219 1200
827 3 2 3 3 1200 1219 1220 1201
828 3 2 3 3 1201 1220 1221 1202
829 3 2 3 3 1202 1221 1222 1203
830 3 2 3 3 1203 1222 1223 1204
831 3 2 3 3 1204 1223 1224 1205
832 3 2 3 3 1205 1224 1225 1206
833 3 2 3 3 1206 1225 1226 1207
834 3 2 3 3 1207 1226 1227 1208
835 3 2 3 3 1208 1227 1228 1209
836 3 2 3 3 1209 1228 1229 1210
837 3 2 3 3 1210 1229 1230 1211
838 3 2 3 3 1211 1230 1231 1212
839 3 2 3 3 1212 1231 1232 1213
840 3 2 3 3 1213 1232 227 226
841 3 2 3 3 208 209 1233 1214
842 3 2 3 3 1214 1233 1234 1215
843 3 2 3 3 1215 1234 1235 1216
844 3 2 3 3 1216 1235 1236 1217
845 3 2 3 3 1217 1236 1237 1218
846 3 2 3 3 1218 1237 1238 1219
847 3 2 3 3 1219 1238 1239 1220
848 3 2 3 3 1220 1239 1240 1221
849 3 2 3 3 1221 1240 1241 1222
850 3 2 3 3 1222 1241 1242 1223
851 3 2 3 3 1223 1242 1243 1224
852 3 2 3 3 1224 1243 1244 1225
853 3 2 3 3 1225 1244 1245 1226
854 3 2 3 3 1226 1245 1246 1227
855 3 2 3 3 1227 1246 1247 1228
856 3 2 3 3 1228 1247 1248 1229
857 3 2 3 3 1229 1248 1249 1230
858 3 2 3 3 1230 1249 1250 1231
859 3 2 3 3 1231 1250 1251 1232
860 3 2 3 3 1232 1251 228 227
861 3 2 3 3 209 210 1252 1233
862 3 2 3 3 1233 1252 1253 1234
863 3 2 3 3 1234 1253 1254 1235
864 3 2 3 3 1235 1254 1255 1236
865 3 2 3 3 1236 1255 1256 1237
866 3 2 3 3 1237 1256 1257 1238
867 3 2 3 3 1238 1257 1258 1239
868 3 2 3 3 1239 1258 1259 1240
869 3 2 3 3 1240 1259 1260 1241
870 3 2 3 3 1241 1260 1261 1242
871 3 2 3 3 1242 1261 1262 1243
872 3 2 3 3 1243 1262 1263 1244
873 3 2 3 3 1244 1263 1264 1245
874 3 2 3 3 1245 1264 1265 1246
875 3 2 3 3 1246 1265 1266 1247
876 3 2 3 3 1247 1266 1267 1248
877 3 2 3 3 1248 1267 1268 1249
878 3 2 3 3 1249 1268 1269 1250
879 3 2 3 3 1250 1269 1270 1251
880 3 2 3 3 1251 1270 229 228
881 3 2 3 3 210 211 1271 1252
882 3 2 3 3 1252 1271 1272 1253
883 3 2 3 3 1253 1272 1273 1254
884 3 2 3 3 1254 1273 1274 1255
885 3 2 3 3 1255 1274 1275 1256
886 3 2 3 3 1256 1275 1276 1257
887 3 2 3 3 1257 1276 1277 1258
888 3 2 3 3 1258 1277 1278 1259
889 3 2 3 3 1259 1278 1279 1260
890 3 2 3 3 1260 1279 1280 1261
891 3 2 3 3 1261 1280 1281 1262
892 3 2 3 3 1262 1281 1282 1263
893 3 2 3 3 1263 1282 1283 1264
894 3 2 3 3 1264 1283 1284 1265
895 3 2 3 3 1265 1284 1285 1266
896 3 2 3 3 1266 1285 1286 1267
897 3 2 3 3 1267 1286 1287 1268
898 3 2 3 3 1268 1287 1288 1269
899 3 2 3 3 1269 1288 1289 1270
900 3 2 3 3 1270 1289 230 229
901 3 2 3 3 211 212 1290 1271
902 3 2 3 3 1271 1290 1291 1272
903 3 2 3 3 1272 1291 1292 1273
904 3 2 3 3 1273 1292 1293 1274
905 3 2 3 3 1274 1293 1294 1275
906 3 2 3 3 1275 1294 1295 1276
907 3 2 3 3 1276 1295 1296 1277
908 3 2 3 3 1277 1296 1297 1278
909 3 2 3 3 1278 1297 1298 1279
910 3 2 3 3 1279 1298 1299 1280
911 3 2 3 3 1280 1299 1300 1281
912 3 2 3 3 1281 1300 1301 1282
913 3 2 3 3 1282 1301 1302 1283
914 3 2 3 3 1283 1302 1303 1284
915 3 2 3 3 1284 1303 1304 1285
916 3 2 3 3 1285 1304 1305 1286
917 3 2 3 3 1286 1305 1306 1287
918 3 2 3 3 1287 1306 1307 1288
919 3 2 3 3 1288 1307 1308 1289
920 3 2 3 3 1289 1308 231 230
921 3 2 3 3 212 213 1309 1290
922 3 2 3 3 1290 1309 1310 1291
923 3 2 3 3 1291 1310 1311 1292
924 3 2 3 3 1292 1311 1312 1293
925 3 2 3 3 1293 1312 1313 1294
926 3 2 3 3 1294 1313 1314 1295
927 3 2 3 3 1295 1314 1315 1296
928 3 2 3 3 1296 1315 1316 1297
929 3 2 3 3 1297 1316 1317 1298
930 3 2 3 3 1298 1317 1318 1299
931 3 2 3 3 1299 1318 1319 1300
932 3 2 3 3 1300 1319 1320 1301
933 3 2 3 3 1301 1320 1321 1302
934 3 2 3 3 1302 1321 1322 1303
935 3 2 3 3 1303 1322 1323 1304
936 3 2 3 3 1304 1323 1324 1305
937 3 2 3 3 1305 1324 1325 1306
938 3 2 3 3 1306 1325 1326 1307
939 3 2 3 3 1307 1326 1327 1308
940 3 2 3 3 1308 1327 232 231
941 3 2 3 3 213 214 1328 1309
942 3 2 3 3 1309 1328 1329 1310
943 3 2 3 3 1310 1329 1330 1311
944 3 2 3 3 1311 1330 1331 1312
945 3 2 3 3 1312 1331 1332 1313
946 3 2 3 3 1313 1332 1333 1314
947 3 2 3 3 1314 1333 1334 1315
948 3 2 3 3 1315 1334 1335 1316
949 3 2 3 3 1316 1335 1336 1317
950 3 2 3 3 1317 1336 1337 1318
951 3 2 3 3 1318 1337 1338 1319
952 3 2 3 3 1319 1338 1339 1320
953 3 2 3 3 1320 1339 1340 1321
954 3 2 3 3 1321 1340 1341 1322
955 3 2 3 3 1322 1341 1342 1323
956 3 2 3 3 1323 1342 1343 1324
957 3 2 3 3 1324 1343 1344 1325
958 3 2 3 3 1325 1344 1345 1326
959 3 2 3 3 1326 1345 1346 1327
960 3 2 3 3 1327 1346 233 232
961 3 2 3 3 214 215 1347 1328
962 3 2 3 3 1328 1347 1348 1329
963 3 2 3 3 1329 1348 1349 1330
964 3 2 3 3 1330 1349 1350 1331
965 3 2 3 3 1331 1350 1351 1332
966 3 2 3 3 1332 1351 1352 1333
967 3 2 3 3 1333 1352 1353 1334
968 3 2 3 3 1334 1353 1354 1335
969 3 2 3 3 1335 1354 1355 1336
970 3 2 3 3 1336 1355 1356 1337
971 3 2 3 3 1337 1356 1357 1338
972 3 2 3 3 1338 1357 1358 1339
973 3 2 3 3 1339 1358 1359 1340
974 3 2 3 3 1340 1359 1360 1341
975 3 2 3 3 1341 1360 1361 1342
976 3 2 3 3 1342 1361 1362 1343
977 3 2 3 3 1343 1362 1363 1344
978 3 2 3 3 1344 1363 1364 1345
979 3 2 3 3 1345 1364 1365 1346
980 3 2 3 3 1346 1365 234 233
981 3 2 3 3 215 216 1366 1347
982 3 2 3 3 1347 1366 1367 1348
983 3 2 3 3 1348 1367 1368 1349
984 3 2 3 3 1349 1368 1369 1350
985 3 2 3 3 1350 1369 1370 1351
986 3 2 3 3 1351 1370 1371 1352
987 3 2 3 3 1352 1371 1372 1353
988 3 2 3 3 1353 1372 1373 1354
989 3 2 3 3 1354 1373 1374 1355
990 3 2 3 3 1355 1374 1375 1356
991 3 2 3 3 1356 1375 1376 1357
992 3 2 3 3 1357 1376 1377 1358
993 3 2 3 3 1358 1377 1378 1359
994 3 2 3 3 1359 1378 1379 1360
995 3 2 3 3 1360 1379 1380 1361
996 3 2 3 3 1361 1380 1381 1362
997 3 2 3 3 1362 1381 1382 1363
998 3 2 3 3 1363 1382 1383 1364
999 3 2 3 3 1364 1383 1384 1365
1000 3 2 3 3 1365 1384 235 234
1001 3 2 3 3 216 217 1385 1366
1002 3 2 3 3 1366 1385 1386 1367
1003 3 2 3 3 1367 1386 1387 1368
1004 3 2 3 3 1368 1387 1388 1369
1005 3 2 3 3 1369 1388 1389 1370
1006 3 2 3 3 1370 1389 1390 1371
1007 3 2 3 3 1371 1390 1391 1372
1008 3 2 3 3 1372 1391 1392 1373
1009 3 2 3 3 1373 1392 1393 1374
1010 3 2 3 3 1374 1393 1394 1375
1011 3 2 3 3 1375 1394 1395 1376
1012 3 2 3 3 1376 1395 1396 1377
1013 3 2 3 3 1377 1396 1397 1378
1014 3 2 3 3 1378 1397 1398 1379
1015 3 2 3 3 1379 1398 1399 1380
1016 3 2 3 3 1380 1399 1400 1381
1017 3 2 3 3 1381 1400 1401 1382
1018 3 2 3 3 1382 1401 1402 1383
1019 3 2 3 3 1383 1402 1403 1384
1020 3 2 3 3 1384 1403 236 235
1021 3 2 3 3 217 218 1404 1385
1022 3 2 3 3 1385 1404 1405 1386
1023 3 2 3 3 1386 1405 1406 1387
1024 3 2 3 3 1387 1406 1407 1388
1025 3 2 3 3 1388 1407 1408 1389
1026 3 2 3 3 1389 1408 1409 1390
1027 3 2 3 3 1390 1409 1410 1391
1028 3 2 3 3 1391 1410 1411 1392
1029 3 2 3 3 1392 1411 1412 1393
1030 3 2 3 3 1393 1412 1413 1394
1031 3 2 3 3 1394 1413 1414 1395
1032 3 2 3 3 1395 1414 1415 1396
1033 3 2 3 3 1396 1415 1416 1397
1034 3 2 3 3 1397 1416 1417 1398
1035 3 2 3 3 1398 1417 1418 1399
1036 3 2 3 3 1399 1418 1419 1400
1037 3 2 3 3 1400 1419 1420 1401
1038 3 2 3 3 1401 1420 1421 1402
1039 3 2 3 3 1402 1421 1422 1403
1040 3 2 3 3 1403 1422 237 236
1041 3 2 3 3 218 219 1423 1404
1042 3 2 3 3 1404 1423 1424 1405
1043 3 2 3 3 1405 1424 1425 1406
1044 3 2 3 3 1406 1425 1426 1407
1045 3 2 3 3 1407 1426 1427 1408
1046 3 2 3 3 1408 1427 1428 1409
1047 3 2 3 3 1409 1428 1429 1410
1048 3 2 3 3 1410 1429 1430 1411
1049 3 2 3 3 1411 1430 1431 1412
1050 3 2 3 3 1412 1431 1432 1413
1051 3 2 3 3 1413 1432 1433 1414
1052 3 2 3 3 1414 1433 1434 1415
1053 3 2 3 3 1415 1434 1435 1416
1054 3 2 3 3 1416 1435 1436 1417
1055 3 2 3 3 1417 1436 1437 1418
1056 3 2 3 3 1418 1437 1438 1419
1057 3 2 3 3 1419 1438 1439 1420
1058 3 2 3 3 1420 1439 1440 1421
1059 3 2 3 3 1421 1440 1441 1422
1060 3 2 3 3 1422 1441 238 237
1061 3 2 3 3 219 220 1442 1423
1062 3 2 3 3 1423 1442 1443 1424
1063 3 2 3 3 1424 1443 1444 1425
1064 3 2 3 3 1425 1444 1445 1426
1065 3 2 3 3 1426 1445 1446 1427
1066 3 2 3 3 1427 1446 1447 1428
1067 3 2 3 3 1428 1447 1448 1429
1068 3 2 3 3 1429 1448 1449 1430
1069 3 2 3 3 1430 1449 1450 1431
1070 3 2 3 3 1431 1450 1451 1432
1071 3 2 3 3 1432 1451 1452 1433
1072 3 2 3 3 1433 1452 1453 1434
1073 3 2 3 3 1434 1453 1454 1435
1074 3 2 3 3 1435 1454 1455 1436
1075 3 2 3 3 1436 1455 1456 1437
1076 3 2 3 3 1437 1456 1457 1438
1077 3 2 3 3 1438 1457 1458 1439
1078 3 2 3 3 1439 1458 1459 1440
1079 3 2 3 3 1440 1459 1460 1441
1080 3 2 3 3 1441 1460 239 238
1081 3 2 3 3 220 221 1461 1442
1082 3 2 3 3 1442 1461 1462 1443
1083 3 2 3 3 1443 1462 1463 1444
1084 3 2 3 3 1444 1463 1464 1445
1085 3 2 3 3 1445 1464 1465 1446
1086 3 2 3 3 1446 1465 1466 1447
1087 3 2 3 3 1447 1466 1467 1448
1088 3 2 3 3 1448 1467 1468 1449
1089 3 2 3 3 1449 1468 1469 1450
1090 3 2 3 3 1450 1469 1470 1451
1091 3 2 3 3 1451 1470 1471 1452
1092 3 2 3 3 1452 1471 1472 1453
1093 3 2 3 3 1453 1472 1473 1454
1094 3 2 3 3 1454 1473 1474 1455
1095 3 2 3 3 1455 1474 1475 1456
1096 3 2 3 3 1456 1475 1476 1457
1097 3 2 3 3 1457 1476 1477 1458
1098 3 2 3 3 1458 1477 1478 1459
1099 3 2 3 3 1459 1478 1479 1460
1100 3 2 3 3 1460 1479 240 239
1101 3 2 3 3 221 222 1480 1461
1102 3 2 3 3 1461 1480 1481 1462
1103 3 2 3 3 1462 1481 1482 1463
1104 3 2 3 3 1463 1482 1483 1464
1105 3 2 3 3 1464 1483 1484 1465
1106 3 2 3 3 1465 1484 1485 1466
1107 3 2 3 3 1466 1485 1486 1467
1108 3 2 3 3 1467 1486 1487 1468
1109 3 2 3 3 1468 1487 1488 1469
1110 3 2 3 3 1469 1488 1489 1470
1111 3 2 3 3 1470 1489 1490 1471
1112 3 2 3 3 1471 1490 1491 1472
1113 3 2 3 3 1472 1491 1492 1473
1114 3 2 3 3 1473 1492 1493 1474
1115 3 2 3 3 1474 1493 1494 1475
1116 3 2 3 3 1475 1494 1495 1476
1117 3 2 3 3 1476 1495 1496 1477
1118 3 2 3 3 1477 1496 1497 1478
1119 3 2 3 3 1478 1497 1498 1479
1120 3 2 3 3 1479 1498 241 240
1121 3 2 3 3 222 223 1499 1480
1122 3 2 3 3 1480 1499 1500 1481
1123 3 2 3 3 1481 1500 1501 1482
1124 3 2 3 3 1482 1501 1502 1483
1125 3 2 3 3 1483 1502 1503 1484
1126 3 2 3 3 1484 1503 1504 1485
1127 3 2 3 3 1485 1504 1505 1486
1128 3 2 3 3 1486 1505 1506 1487
1129 3 2 3 3 1487 1506 1507 1488
1130 3 2 3 3 1488 1507 1508 1489
1131 3 2 3 3 1489 1508 1509 1490
1132 3 2 3 3 1490 1509 1510 1491
1133 3 2 3 3 1491 1510 1511 1492
1134 3 2 3 3 1492 1511 1512 1493
1135 3 2 3 3 1493 1512 1513 1494
1136 3 2 3 3 1494 1513 1514 1495
1137 3 2 3 3 1495 1514 1515 1496
1138 3 2 3 3 1496 1515 1516 1497
1139 3 2 3 3 1497 1516 1517 1498
1140 3 2 3 3 1498 1517 242 241
1141 3 2 3 3 223 224 1518 1499
1142 3 2 3 3 1499 1518 1519 1500
1143 3 2 3 3 1500 1519 1520 1501
1144 3 2 3 3 1501 1520 1521 1502
1145 3 2 3 3 1502 1521 1522 1503
1146 3 2 3 3 1503 1522 1523 1504
1147 3 2 3 3 1504 1523 1524 1505
1148 3 2 3 3 1505 1524 1525 1506
1149 3 2 3 3 1506 1525 1526 1507
1150 3 2 3 3 1507 1526 1527 1508
1151 3 2 3 3 1508 1527 1528 1509
1152 3 2 3 3 1509 1528 1529 1510
1153 3 2 3 3 1510 1529 1530 1511
1154 3 2 3 3 1511 1530 1531 1512
1155 3 2 3 3 1512 1531 1532 1513
1156 3 2 3 3 1513 1532 1533 1514
1157 3 2 3 3 1514 1533 1534 1515
1158 3 2 3 3 1515 1534 1535 1516
1159 3 2 3 3 1516 1535 1536 1517
1160 3 2 3 3 1517 1536 243 242
1161 3 2 3 3 224 225 1537 1518
1162 3 2 3 3 1518 1537 1538 1519
1163 3 2 3 3 1519 1538 1539 1520
1164 3 2 3 3 1520 1539 1540 1521
1165 3 2 3 3 1521 1540 1541 1522
1166 3 2 3 3 1522 1541 1542 1523
1167 3 2 3 3 1523 1542 1543 1524
1168 3 2 3 3 1524 1543 1544 1525
1169 3 2 3 3 1525 1544 1545 1526
1170 3 2 3 3 1526 1545 1546 1527
1171 3 2 3 3 1527 1546 1547 1528
1172 3 2 3 3 1528 1547 1548 1529
1173 3 2 3 3 1529 1548 1549 1530
1174 3 2 3 3 1530 1549 1550 1531
1175 3 2 3 3 1531 1550 1551 1532
1176 3 2 3 3 1532 1551 1552 1533
1177 3 2 3 3 1533 1552 1553 1534
1178 3 2 3 3 1534 1553 1554 1535
1179 3 2 3 3 1535 1554 1555 1536
1180 3 2 3 3 1536 1555 244 243
1181 3 2 3 3 225 7 131 1537
1182 3 2 3 3 1537 131 132 1538
1183 3 2 3 3 1538 132 133 1539
1184 3 2 3 3 1539 133 134 1540
1185 3 2 3 3 1540 134 135 1541
1186 3 2 3 3 1541 135 136 1542
1187 3 2 3 3 1542 136 137 1543
1188 3 2 3 3 1543 137 138 1544
1189 3 2 3 3 1544 138 139 1545
1190 3 2 3 3 1545 139 140 1546
1191 3 2 3 3 1546 140 141 1547
1192 3 2 3 3 1547 141 142 1548
1193 3 2 3 3 1548 142 143 1549
1194 3 2 3 3 1549 143 144 1550
1195 3 2 3 3 1550 144 145 1551
1196 3 2 3 3 1551 145 146 1552
1197 3 2 3 3 1552 146 147 1553
1198 3 2 3 3 1553 147 148 1554
1199 3 2 3 3 1554 148 149 1555
1200 3 2 3 3 1555 149 8 244
1201 3 2 3 4 4 226 1556 74
1202 3 2 3 4 74 1556 1557 75
1203 3 2 3 4 75 1557 1558 76
1204 3 2 3 4 76 1558 1559 77
1205 3 2 3 4 77 1559 1560 78
1206 3 2 3 4 78 1560 1561 79
1207 3 2 3 4 79 1561 1562 80
1208 3 2 3 4 80 1562 1563 81
1209 3 2 3 4 81 1563 1564 82
1210 3 2 3 4 82 1564 1565 83
1211 3 2 3 4 83 1565 1566 84
1212 3 2 3 4 84 1566 1567 85
1213 3 2 3 4 85 1567 1568 86
1214 3 2 3 4 86 1568 1569 87
1215 3 2 3 4 87 1569 1570 88
1216 3 2 3 4 88 1570 1571 89
1217 3 2 3 4 89 1571 1572 90
1218 3 2 3 4 90 1572 1573 91
1219 3 2 3 4 91 1573 1574 92
1220 3 2 3 4 92 1574 169 1
1221 3 2 3 4 226 227 1575 1556
1222 3 2 3 4 1556 1575 1576 1557
1223 3 2 3 4 1557 1576 1577 1558
1224 3 2 3 4 1558 1577 1578 1559
1225 3 2 3 4 1559 1578 1579 1560
1226 3 2 3 4 1560 1579 1580 1561
1227 3 2 3 4 1561 1580 1581 1562
1228 3 2 3 4 1562 1581 1582 1563
1229 3 2 3 4 1563 1582 1583 1564
1230 3 2 3 4 1564 1583 1584 1565
1231 3 2 3 4 1565 1584 1585 1566
1232 3 2 3 4 1566 1585 1586 1567
1233 3 2 3 4 1567 1586 1587 1568
1234 3 2 3 4 1568 1587 1588 1569
1235 3 2 3 4 1569 1588 1589 1570
1236 3 2 3 4 1570 1589 1590 1571
1237 3 2 3 4 1571 1590 1591 1572
1238 3 2 3 4 1572 1591 1592 1573
1239 3 2 3 4 1573 1592 1593 1574
1240 3 2 3 4 1574 1593 170 169
1241 3 2 3 4 227 228 1594 1575
1242 3 2 3 4 1575 1594 1595 1576
1243 3 2 3 4 1576 1595 1596 1577
1244 3 2 3 4 1577 1596 1597 1578
1245 3 2 3 4 1578 1597 1598 1579
1246 3 2 3 4 1579 1598 1599 1580
1247 3 2 3 4 1580 1599 1600 1581
1248 3 2 3 4 1581 1600 1601 1582
1249 3 2 3 4 1582 1601 1602 1583
1250 3 2 3 4 1583 1602 1603 1584
1251 3 2 3 4 1584 1603 1604 1585
1252 3 2 3 4 1585 1604 1605 1586
1253 3 2 3 4 1586 1605 1606 1587
1254 3 2 3 4 1587 1606 1607 1588
1255 3 2 3 4 1588 1607 1608 1589
1256 3 2 3 4 1589 1608 1609 1590
1257 3 2 3 4 1590 1609 1610 1591
1258 3 2 3 4 1591 1610 1611 1592
1259 3 2 3 4 1592 1611 1612 1593
1260 3 2 3 4 1593 1612 171 170
1261 3 2 3 4 228 229 1613 1594
1262 3 2 3 4 1594 1613 1614 1595
1263 3 2 3 4 1595 1614 1615 1596
1264 3 2 3 4 1596 1615 1616 1597
1265 3 2 3 4 1597 1616 1617 1598
1266 3 2 3 4 1598 1617 1618 1599
1267 3 2 3 4 1599 1618 1619 1600
1268 3 2 3 4 1600 1619 1620 1601
1269 3 2 3 4 1601 1620 1621 1602
1270 3 2 3 4 1602 1621 1622 1603
1271 3 2 3 4 1603 1622 1623 1604
1272 3 2 3 4 1604 1623 1624 1605
1273 3 2 3 4 1605 1624 1625 1606
1274 3 2 3 4 1606 1625 1626 1607
1275 3 2 3 4 1607 1626 1627 1608
1276 3 2 3 4 1608 1627 1628 1609
1277 3 2 3 4 1609 1628 1629 1610
1278 3 2 3 4 1610 1629 1630 1611
1279 3 2 3 4 1611 1630 1631 1612
1280 3 2 3 4 1612 1631 172 171
1281 3 2 3 4 229 230 1632 1613
1282 3 2 3 4 1613 1632 1633 1614
1283 3 2 3 4 1614 1633 1634 1615
1284 3 2 3 4 1615 1634 1635 1616
1285 3 2 3 4 1616 1635 1636 1617
1286 3 2 3 4 1617 1636 1637 1618
1287 3 2 3 4 1618 1637 1638 1619
1288 3 2 3 4 1619 1638 1639 1620
1289 3 2 3 4 1620 1639 1640 1621
1290 3 2 3 4 1621 1640 1641 1622
1291 3 2 3 4 1622 1641 1642 1623
1292 3 2 3 4 1623 1642 1643 1624
1293 3 2 3 4 1624 1643 1644 1625
1294 3 2 3 4 1625 1644 1645 1626
1295 3 2 3 4 1626 1645 1646 1627
1296 3 2 3 4 1627 1646 1647 1628
1297 3 2 3 4 1628 1647 1648 1629
1298 3 2 3 4 1629 1648 1649 1630
1299 3 2 3 4 1630 1649 1650 1631
1300 3 2 3 4 1631 1650 173 172
1301 3 2 3 4 230 231 1651 1632
1302 3 2 3 4 1632 1651 1652 1633
1303 3 2 3 4 1633 1652 1653 1634
1304 3 2 3 4 1634 1653 1654 1635
1305 3 2 3 4 1635 1654 1655 1636
1306 3 2 3 4 1636 1655 1656 1637
1307 3 2 3 4 1637 1656 1657 1638
1308 3 2 3 4 1638 1657 1658 1639
1309 3 2 3 4 1639 1658 1659 1640
1310 3 2 3 4 1640 1659 1660 1641
1311 3 2 3 4 1641 1660 1661 1642
1312 3 2 3 4 1642 1661 1662 1643
1313 3 2 3 4 1643 1662 1663 1644
1314 3 2 3 4 1644 1663 1664 1645
1315 3 2 3 4 1645 1664 1665 1646
1316 3 2 3 4 1646 1665 1666 1647
1317 3 2 3 4 1647 1666 1667 1648
1318 3 2 3 4 1648 1667 1668 1649
1319 3 2 3 4 1649 1668 1669 1650
1320 3 2 3 4 1650 1669 174 173
1321 3 2 3 4 231 232 1670 1651
1322 3 2 3 4 1651 1670 1671 1652
1323 3 2 3 4 1652 1671 1672 1653
1324 3 2 3 4 1653 1672 1673 1654
1325 3 2 3 4 1654 1673 1674 1655
1326 3 2 3 4 1655 1674 1675 1656
1327 3 2 3 4 1656 1675 1676 1657
1328 3 2 3 4 1657 1676 1677 1658
1329 3 2 3 4 1658 1677 1678 1659
1330 3 2 3 4 1659 1678 1679 1660
1331 3 2 3 4 1660 1679 1680 1661
1332 3 2 3 4 1661 1680 1681 1662
1333 3 2 3 4 1662 1681 1682 1663
1334 3 2 3 4 1663 1682 1683 1664
1335 3 2 3 4 1664 1683 1684 1665
1336 3 2 3 4 1665 1684 1685 1666
1337 3 2 3 4 1666 1685 1686 1667
1338 3 2 3 4 1667 1686 1687 1668
1339 3 2 3 4 1668 1687 1688 1669
1340 3 2 3 4 1669 1688 175 174
1341 3 2 3 4 232 233 1689 1670
1342 3 2 3 4 1670 1689 1690 1671
1343 3 2 3 4 1671 1690 1691 1672
1344 3 2 3 4 1672 1691 1692 1673
1345 3 2 3 4 1673 1692 1693 1674
1346 3 2 3 4 1674 1693 1694 1675
1347 3 2 3 4 1675 1694 1695 1676
1348 3 2 3 4 1676 1695 1696 1677
1349 3 2 3 4 1677 1696 1697 1678
1350 3 2 3 4 1678 1697 1698 1679
1351 3 2 3 4 1679 1698 1699 1680
1352 3 2 3 4 1680 1699 1700 1681
1353 3 2 3 4 1681 1700 1701 1682
1354 3 2 3 4 1682 1701 1702 1683
1355 3 2 3 4 1683 1702 1703 1684
1356 3 2 3 4 1684 1703 1704 1685
1357 3 2 3 4 1685 1704 1705 1686
1358 3 2 3 4 1686 1705 1706 1687
1359 3 2 3 4 1687 1706 1707 1688
1360 3 2 3 4 1688 1707 176 175
1361 3 2 3 4 233 234 1708 1689
1362 3 2 3 4 1689 1708 1709 1690
1363 3 2 3 4 1690 1709 1710 1691
1364 3 2 3 4 1691 1710 1711 1692
1365 3 2 3 4 1692 1711 1712 1693
1366 3 2 3 4 1693 1712 1713 1694
1367 3 2 3 4 1694 1713 1714 1695
1368 3 2 3 4 1695 1714 1715 1696
1369 3 2 3 4 1696 1715 1716 1697
1370 3 2 3 4 1697 1716 1717 1698
1371 3 2 3 4 1698 1717 1718 1699
1372 3 2 3 4 1699 1718 1719 1700
1373 3 2 3 4 1700 1719 1720 1701
1374 3 2 3 4 1701 1720 1721 1702
1375 3 2 3 4 1702 1721 1722 1703
1376 3 2 3 4 1703 1722 1723 1704
1377 3 2 3 4 1704 1723 1724 1705
1378 3 2 3 4 1705 1724 1725 1706
1379 3 2 3 4 1706 1725 1726 1707
1380 3 2 3 4 1707 1726 177 176
1381 3 2 3 4 234 235 1727 1708
1382 3 2 3 4 1708 1727 1728 1709
1383 3 2 3 4 1709 1728 1729 1710
1384 3 2 3 4 1710 1729 1730 1711
1385 3 2 3 4 1711 1730 1731 1712
1386 3 2 3 4 1712 1731 1732 1713
1387 3 2 3 4 1713 1732 1733 1714
1388 3 2 3 4 1714 1733 1734 1715
1389 3 2 3 4 1715 1734 1735 1716
1390 3 2 3 4 1716 1735 1736 1717
1391 3 2 3 4 1717 1736 1737 1718
1392 3 2 3 4 1718 1737 1738 1719
1393 3 2 3 4 1719 1738 1739 1720
1394 3 2 3 4 1720 1739 1740 1721
1395 3 2 3 4 1721 1740 1741 1722
1396 3 2 3 4 1722 1741 1742 1723
1397 3 2 3 4 1723 1742 1743 1724
1398 3 2 3 4 1724 1743 1744 1725
1399 3 2 3 4 1725 1744 1745 1726
1400 3 2 3 4 1726 1745 178 177
1401 3 2 3 4 235 236 1746 1727
1402 3 2 3 4 1727 1746 1747 1728
1403 3 2 3 4 1728 1747 1748 1729
1404 3 2 3 4 1729 1748 1749 1730
1405 3 2 3 4 1730 1749 1750 1731
1406 3 2 3 4 1731 1750 1751 1732
1407 3 2 3 4 1732 1751 1752 1733
1408 3 2 3 4 1733 1752 1753 1734
1409 3 2 3 4 1734 1753 1754 1735
1410 3 2 3 4 1735 1754 1755 1736
1411 3 2 3 4 1736 1755 1756 1737
1412 3 2 3 4 1737 1756 1757 1738
1413 3 2 3 4 1738 1757 1758 1739
1414 3 2 3 4 1739 1758 1759 1740
1415 3 2 3 4 1740 1759 1760 1741
1416 3 2 3 4 1741 1760 1761 1742
1417 3 2 3 4 1742 1761 1762 1743
1418 3 2 3 4 1743 1762 1763 1744
1419 3 2 3 4 1744 1763 1764 1745
1420 3 2 3 4 1745 1764 179 178
1421 3 2 3 4 236 237 1765 1746
1422 3 2 3 4 1746 1765 1766 1747
1423 3 2 3 4 1747 1766 1767 1748
1424 3 2 3 4 1748 1767 1768 1749
1425 3 2 3 4 1749 1768 1769 1750
1426 3 2 3 4 1750 1769 1770 1751
1427 3 2 3 4 1751 1770 1771 1752
1428 3 2 3 4 1752 1771 1772 1753
1429 3 2 3 4 1753 1772 1773 1754
1430 3 2 3 4 1754 1773 1774 1755
1431 3 2 3 4 1755 1774 1775 1756
1432 3 2 3 4 1756 1775 1776 1757
1433 3 2 3 4 1757 1776 1777 1758
1434 3 2 3 4 1758 1777 1778 1759
1435 3 2 3 4 1759 1778 1779 1760
1436 3 2 3 4 1760 1779 1780 1761
1437 3 2 3 4 1761 1780 1781 1762
1438 3 2 3 4 1762 1781 1782 1763
1439 3 2 3 4 1763 1782 1783 1764
1440 3 2 3 4 1764 1783 180 179
1441 3 2 3 4 237 238 1784 1765
1442 3 2 3 4 1765 1784 1785 1766
1443 3 2 3 4 1766 1785 1786 1767
1444 3 2 3 4 1767 1786 1787 1768
1445 3 2 3 4 1768 1787 1788 1769
1446 3 2 3 4 1769 1788 1789 1770
1447 3 2 3 4 1770 1789 1790 1771
1448 3 2 3 4 1771 1790 1791 1772
1449 3 2 3 4 1772 1791 1792 1773
1450 3 2 3 4 1773 1792 1793 1774
1451 3 2 3 4 1774 1793 1794 1775
1452 3 2 3 4 1775 1794 1795 1776
1453 3 2 3 4 1776 1795 1796 1777
1454 3 2 3 4 1777 1796 1797 1778
1455 3 2 3 4 1778 1797 1798 1779
1456 3 2 3 4 1779 1798 1799 1780
1457 3 2 3 4 1780 1799 1800 1781
1458 3 2 3 4 1781 1800 1801 1782
1459 3 2 3 4 1782 1801 1802 1783
1460 3 2 3 4 1783 1802 181 180
1461 3 2 3 4 238 239 1803 1784
1462 3 2 3 4 1784 1803 1804 1785
1463 3 2 3 4 1785 1804 1805 1786
1464 3 2 3 4 1786 1805 1806 1787
1465 3 2 3 4 1787 1806 1807 1788
1466 3 2 3 4 1788 1807 1808 1789
1467 3 2 3 4 1789 1808 1809 1790
1468 3 2 3 4 1790 1809 1810 1791
1469 3 2 3 4 1791 1810 1811 1792
1470 3 2 3 4 1792 1811 1812 1793
1471 3 2 3 4 1793 1812 1813 1794
1472 3 2 3 4 1794 1813 1814 1795
1473 3 2 3 4 1795 1814 1815 1796
1474 3 2 3 4 1796 1815 1816 1797
1475 3 2 3 4 1797 1816 1817 1798
1476 3 2 3 4 1798 1817 1818 1799
1477 3 2 3 4 1799 1818 1819 1800
1478 3 2 3 4 1800 1819 1820 1801
1479 3 2 3 4 1801 1820 1821 1802
1480 3 2 3 4 1802 1821 182 181
1481 3 2 3 4 239 240 1822 1803
1482 3 2 3 4 1803 1822 1823 1804
1483 3 2 3 4 1804 1823 1824 1805
1484 3 2 3 4 1805 1824 1825 1806
1485 3 2 3 4 1806 1825 1826 1807
1486 3 2 3 4 1807 1826 1827 1808
1487 3 2 3 4 1808 1827 1828 1809
1488 3 2 3 4 1809 1828 1829 1810
1489 3 2 3 4 1810 1829 1830 1811
1490 3 2 3 4 1811 1830 1831 1812
1491 3 2 3 4 1812 1831 1832 1813
1492 3 2 3 4 1813 1832 1833 1814
1493 3 2 3 4 1814 1833 1834 1815
1494 3 2 3 4 1815 1834 1835 1816
1495 3 2 3 4 1816 1835 1836 1817
1496 3 2 3 4 1817 1836 1837 1818
1497 3 2 3 4 1818 1837 1838 1819
1498 3 2 3 4 1819 1838 1839 1820
1499 3 2 3 4 1820 1839 1840 1821
1500 3 2 3 4 1821 1840 183 182
1501 3 2 3 4 240 241 1841 1822
1502 3 2 3 4 1822 1841 1842 1823
1503 3 2 3 4 1823 1842 1843 1824
1504 3 2 3 4 1824 1843 1844 1825
1505 3 2 3 4 1825 1844 1845 1826
1506 3 2 3 4 1826 1845 1846 1827
1507 3 2 3 4 1827 1846 1847 1828
1508 3 2 3 4 1828 1847 1848 1829
1509 3 2 3 4 1829 1848 1849 1830
1510 3 2 3 4 1830 1849 1850 1831
1511 3 2 3 4 1831 1850 1851 1832
1512 3 2 3 4 1832 1851 1852 1833
1513 3 2 3 4 1833 1852 1853 1834
1514 3 2 3 4 1834 1853 1854 1835
1515 3 2 3 4 1835 1854 1855 1836
1516 3 2 3 4 1836 1855 1856 1837
1517 3 2 3 4 1837 1856 1857 1838
1518 3 2 3 4 1838 1857 1858 1839
1519 3 2 3 4 1839 1858 1859 1840
1520 3 2 3 4 1840 1859 184 183
1521 3 2 3 4 241 242 1860 1841
1522 3 2 3 4 1841 1860 1861 1842
1523 3 2 3 4 1842 1861 1862 1843
1524 3 2 3 4 1843 1862 1863 1844
1525 3 2 3 4 1844 1863 1864 1845
1526 3 2 3 4 1845 1864 1865 1846
1527 3 2 3 4 1846 1865 1866 1847
1528 3 2 3 4 1847 1866 1867 1848
1529 3 2 3 4 1848 1867 1868 1849
1530 3 2 3 4 1849 1868 1869 1850
1531 3 2 3 4 1850 1869 1870 1851
1532 3 2 3 4 1851 1870 1871 1852
1533 3 2 3 4 1852 1871 1872 1853
1534 3 2 3 4 1853 1872 1873 1854
1535 3 2 3 4 1854 1873 1874 1855
1536 3 2 3 4 1855 1874 1875 1856
1537 3 2 3 4 1856 1875 1876 1857
1538 3 2 3 4 1857 1876 1877 1858
1539 3 2 3 4 1858 1877 1878 1859
1540 3 2 3 4 1859 1878 185 184
1541 3 2 3 4 242 243 1879 1860
1542 3 2 3 4 1860 1879 1880 1861
1543 3 2 3 4 1861 1880 1881 1862
1544 3 2 3 4 1862 1881 1882 1863
1545 3 2 3 4 1863 1882 1883 1864
1546 3 2 3 4 1864 1883 1884 1865
1547 3 2 3 4 1865 1884 1885 1866
1548 3 2 3 4 1866 1885 1886 1867
1549 3 2 3 4 1867 1886 1887 1868
1550 3 2 3 4 1868 1887 1888 1869
1551 3 2 3 4 1869 1888 1889 1870
1552 3 2 3 4 1870 1889 1890 1871
1553 3 2 3 4 1871 1890 1891 1872
1554 3 2 3 4 1872 1891 1892 1873
1555 3 2 3 4 1873 1892 1893 1874
1556 3 2 3 4 1874 1893 1894 1875
1557 3 2 3 4 1875 1894 1895 1876
1558 3 2 3 4 1876 1895 1896 1877
1559 3 2 3 4 1877 1896 1897 1878
1560 3 2 3 4 1878 1897 186 185
1561 3 2 3 4 243 244 1898 1879
1562 3 2 3 4 1879 1898 1899 1880
1563 3 2 3 4 1880 1899 1900 1881
1564 3 2 3 4 1881 1900 1901 1882
1565 3 2 3 4 1882 1901 1902 1883
1566 3 2 3 4 1883 1902 1903 1884
1567 3 2 3 4 1884 1903 1904 1885
1568 3 2 3 4 1885 1904 1905 1886
1569 3 2 3 4 1886 1905 1906 1887
1570 3 2 3 4 1887 1906 1907 1888
1571 3 2 3 4 1888 1907 1908 1889
1572 3 2 3 4 1889 1908 1909 1890
1573 3 2 3 4 1890 1909 1910 1891
1574 3 2 3 4 1891 1910 1911 1892
1575 3 2 3 4 1892 1911 1912 1893
1576 3 2 3 4 1893 1912 1913 1894
1577 3 2 3 4 1894 1913 1914 1895
1578 3 2 3 4 1895 1914 1915 1896
1579 3 2 3 4 1896 1915 1916 1897
1580 3 2 3 4 1897 1916 187 186
1581 3 2 3 4 244 8 150 1898
1582 3 2 3 4 1898 150 151 1899
1583 3 2 3 4 1899 151 152 1900
1584 3 2 3 4 1900 152 153 1901
1585 3 2 3 4 1901 153 154 1902
1586 3 2 3 4 1902 154 155 1903
1587 3 2 3 4 1903 155 156 1904
1588 3 2 3 4 1904 156 157 1905
1589 3 2 3 4 1905 157 158 1906
1590 3 2 3 4 1906 158 159 1907
1591 3 2 3 4 1907 159 160 1908
1592 3 2 3 4 1908 160 161 1909
1593 3 2 3 4 1909 161 162 1910
1594 3 2 3 4 1910 162 163 1911
1595 3 2 3 4 1911 163 164 1912
1596 3 2 3 4 1912 164 165 1913
1597 3 2 3 4 1913 165 166 1914
1598 3 2 3 4 1914 166 167 1915
1599 3 2 3 4 1915 167 168 1916
1600 3 2 3 4 1916 168 5 187
1601 3 2 2 25 5 93 264 10
1602 3 2 2 25 93 94 265 264
1603 3 2 2 25 94 95 266 265
1604 3 2 2 25 95 96 267 266
1605 3 2 2 25 96 97 268 267
1606 3 2 2 25 97 98 269 268
1607 3 2 2 25 98 99 270 269
1608 3 2 2 25 99 100 271 270
1609 3 2 2 25 100 101 272 271
1610 3 2 2 25 101 102 273 272
1611 3 2 2 25 102 103 274 273
1612 3 2 2 25 103 104 275 274
1613 3 2 2 25 104 105 276 275
1614 3 2 2 25 105 106 277 276
1615 3 2 2 25 106 107 278 277
1616 3 2 2 25 107 108 279 278
1617 3 2 2 25 108 109 280 279
1618 3 2 2 25 109 110 281 280
1619 3 2 2 25 110 111 282 281
1620 3 2 2 25 111 6 11 282
1621 3 2 1 33 1 9 320 17
1622 3 2 1 33 17 320 319 18
1623 3 2 1 33 18 319 318 19
1624 3 2 1 33 19 318 317 20
1625 3 2 1 33 20 317 316 21
1626 3 2 1 33 21 316 315 22
1627 3 2 1 33 22 315 314 23
1628 3 2 1 33 23 314 313 24
1629 3 2 1 33 24 313 312 25
1630 3 2 1 33 25 312 311 26
1631 3 2 1 33 26 311 310 27
1632 3 2 1 33 27 310 309 28
1633 3 2 1 33 28 309 308 29
1634 3 2 1 33 29 308 307 30
1635 3 2 1 33 30 307 306 31
1636 3 2 1 33 31 306 305 32
1637 3 2 1 33 32 305 304 33
1638 3 2 1 33 33 304 303 34
1639 3 2 1 33 34 303 302 35
1640 3 2 1 33 35 302 12 2
1641 3 2 3 34 9 245 1917 320
1642 3 2 3 34 320 1917 1918 319
1643 3 2 3 34 319 1918 1919 318
1644 3 2 3 34 318 1919 1920 317
1645 3 2 3 34 317 1920 1921 316
1646 3 2 3 34 316 1921 1922 315
1647 3 2 3 34 315 1922 1923 314
1648 3 2 3 34 314 1923 1924 313
1649 3 2 3 34 313 1924 1925 312
1650 3 2 3 34 312 1925 1926 311
1651 3 2 3 34 311 1926 1927 310
1652 3 2 3 34 310 1927 1928 309
1653 3 2 3 34 309 1928 1929 308
1654 3 2 3 34 308 1929 1930 307
1655 3 2 3 34 307 1930 1931 306
1656 3 2 3 34 306 1931 1932 305
1657 3 2 3 34 305 1932 1933 304
1658 3 2 3 34 304 1933 1934 303
1659 3 2 3 34 303 1934 1935 302
1660 3 2 3 34 302 1935 301 12
1661 3 2 3 34 245 246 1936 1917
1662 3 2 3 34 1917 1936 1937 1918
1663 3 2 3 34 1918 1937 1938 1919
1664 3 2 3 34 1919 1938 1939 1920
1665 3 2 3 34 1920 1939 1940 1921
1666 3 2 3 34 1921 1940 1941 1922
1667 3 2 3 34 1922 1941 1942 1923
1668 3 2 3 34 1923 1942 1943 1924
1669 3 2 3 34 1924 1943 1944 1925
1670 3 2 3 34 1925 1944 1945 1926
1671 3 2 3 34 1926 1945 1946 1927
1672 3 2 3 34 1927 1946 1947 1928
1673 3 2 3 34 1928 1947 1948 1929
1674 3 2 3 34 1929 1948 1949 1930
1675 3 2 3 34 1930 1949 1950 1931
1676 3 2 3 34 1931 1950 1951 1932
1677 3 2 3 34 1932 1951 1952 1933
1678 3 2 3 34 1933 1952 1953 1934
1679 3 2 3 34 1934 1953 1954 1935
1680 3 2 3 34 1935 1954 300 301
1681 3 2 3 34 246 247 1955 1936
1682 3 2 3 34 1936 1955 1956 1937
1683 3 2 3 34 1937 1956 1957 1938
1684 3 2 3 34 1938 1957 1958 1939
1685 3 2 3 34 1939 1958 1959 1940
1686 3 2 3 34 1940 1959 1960 1941
1687 3 2 3 34 1941 1960 1961 1942
1688 3 2 3 34 1942 1961 1962 1943
1689 3 2 3 34 1943 1962 1963 1944
1690 3 2 3 34 1944 1963 1964 1945
1691 3 2 3 34 1945 1964 1965 1946
1692 3 2 3 34 1946 1965 1966 1947
1693 3 2 3 34 1947 1966 1967 1948
1694 3 2 3 34 1948 1967 1968 1949
1695 3 2 3 34 1949 1968 1969 1950
1696 3 2 3 34 1950 1969 1970 1951
1697 3 2 3 34 1951 1970 1971 1952
1698 3 2 3 34 1952 1971 1972 1953
1699 3 2 3 34 1953 1972 1973 1954
1700 3 2 3 34 1954 1973 299 300
1701 3 2 3 34 247 248 1974 1955
1702 3 2 3 34 1955 1974 1975 1956
1703 3 2 3 34 1956 1975 1976 1957
1704 3 2 3 34 1957 1976 1977 1958
1705 3 2 3 34 1958 1977 1978 1959
1706 3 2 3 34 1959 1978 1979 1960
1707 3 2 3 34 1960 1979 1980 1961
1708 3 2 3 34 1961 1980 1981 1962
1709 3 2 3 34 1962 1981 1982 1963
1710 3 2 3 34 1963 1982 1983 1964
1711 3 2 3 34 1964 1983 1984 1965
1712 3 2 3 34 1965 1984 1985 1966
1713 3 2 3 34 1966 1985 1986 1967
1714 3 2 3 34 1967 1986 1987 1968
1715 3 2 3 34 1968 1987 1988 1969
1716 3 2 3 34 1969 1988 1989 1970
1717 3 2 3 34 1970 1989 1990 1971
1718 3 2 3 34 1971 1990 1991 1972
1719 3 2 3 34 1972 1991 1992 1973
1720 3 2 3 34 1973 1992 298 299
1721 3 2 3 34 248 249 1993 1974
1722 3 2 3 34 1974 1993 1994 1975
1723 3 2 3 34 1975 1994 1995 1976
1724 3 2 3 34 1976 1995 1996 1977
1725 3 2 3 34 1977 1996 1997 1978
1726 3 2 3 34 1978 1997 1998 1979
1727 3 2 3 34 1979 1998 1999 1980
1728 3 2 3 34 1980 1999 2000 1981
1729 3 2 3 34 1981 2000 2001 1982
1730 3 2 3 34 1982 2001 2002 1983
1731 3 2 3 34 1983 2002 2003 1984
1732 3 2 3 34 1984 2003 2004 1985
1733 3 2 3 34 1985 2004 2005 1986
1734 3 2 3 34 1986 2005 2006 1987
1735 3 2 3 34 1987 2006 2007 1988
1736 3 2 3 34 1988 2007 2008 1989
1737 3 2 3 34 1989 2008 2009 1990
1738 3 2 3 34 1990 2009 2010 1991
1739 3 2 3 34 1991 2010 2011 1992
1740 3 2 3 34 1992 2011 297 298
1741 3 2 3 34 249 250 2012 1993
1742 3 2 3 34 1993 2012 2013 1994
1743 3 2 3 34 1994 2013 2014 1995
1744 3 2 3 34 1995 2014 2015 1996
1745 3 2 3 34 1996 2015 2016 1997
1746 3 2 3 34 1997 2016 2017 1998
1747 3 2 3 34 1998 2017 2018 1999
1748 3 2 3 34 1999 2018 2019 2000
1749 3 2 3 34 2000 2019 2020 2001
1750 3 2 3 34 2001 2020 2021 2002
1751 3 2 3 34 2002 2021 2022 2003
1752 3 2 3 34 2003 2022 2023 2004
1753 3 2 3 34 2004 2023 2024 2005
1754 3 2 3 34 2005 2024 2025 2006
1755 3 2 3 34 2006 2025 2026 2007
1756 3 2 3 34 2007 2026 2027 2008
1757 3 2 3 34 2008 2027 2028 2009
1758 3 2 3 34 2009 2028 2029 2010
1759 3 2 3 34 2010 2029 2030 2011
1760 3 2 3 34 2011 2030 296 297
1761 3 2 3 34 250 251 2031 2012
1762 3 2 3 34 2012 2031 2032 2013
1763 3 2 3 34 2013 2032 2033 2014
1764 3 2 3 34 2014 2033 2034 2015
1765 3 2 3 34 2015 2034 2035 2016
1766 3 2 3 34 2016 2035 2036 2017
1767 3 2 3 34 2017 2036 2037 2018
1768 3 2 3 34 2018 2037 2038 2019
1769 3 2 3 34 2019 2038 2039 2020
1770 3 2 3 34 2020 2039 2040 2021
1771 3 2 3 34 2021 2040 2041 2022
1772 3 2 3 34 2022 2041 2042 2023
1773 3 2 3 34 2023 2042 2043 2024
1774 3 2 3 34 2024 2043 2044 2025
1775 3 2 3 34 2025 2044 2045 2026
1776 3 2 3 34 2026 2045 2046 2027
1777 3 2 3 34 2027 2046 2047 2028
1778 3 2 3 34 2028 2047 2048 2029
1779 3 2 3 34 2029 2048 2049 2030
1780 3 2 3 34 2030 2049 295 296
1781 3 2 3 34 251 252 2050 2031
1782 3 2 3 34 2031 2050 2051 2032
1783 3 2 3 34 2032 2051 2052 2033
1784 3 2 3 34 2033 2052 2053 2034
1785 3 2 3 34 2034 2053 2054 2035
1786 3 2 3 34 2035 2054 2055 2036
1787 3 2 3 34 2036 2055 2056 2037
1788 3 2 3 34 2037 2056 2057 2038
1789 3 2 3 34 2038 2057 2058 2039
1790 3 2 3 34 2039 2058 2059 2040
1791 3 2 3 34 2040 2059 2060 2041
1792 3 2 3 34 2041 2060 2061 2042
1793 3 2 3 34 2042 2061 2062 2043
1794 3 2 3 34 2043 2062 2063 2044
1795 3 2 3 34 2044 2063 2064 2045
1796 3 2 3 34 2045 2064 2065 2046
1797 3 2 3 34 2046 2065 2066 2047
1798 3 2 3 34 2047 2066 2067 2048
1799 3 2 3 34 2048 2067 2068 2049
1800 3 2 3 34 2049 2068 294 295
1801 3 2 3 34 252 253 2069 2050
1802 3 2 3 34 2050 2069 2070 2051
1803 3 2 3 34 2051 2070 2071 2052
1804 3 2 3 34 2052 2071 2072 2053
1805 3 2 3 34 2053 2072 2073 2054
1806 3 2 3 34 2054 2073 2074 2055
1807 3 2 3 34 2055 2074 2075 2056
1808 3 2 3 34 2056 2075 2076 2057
1809 3 2 3 34 2057 2076 2077 2058
1810 3 2 3 34 2058 2077 2078 2059
1811 3 2 3 34 2059 2078 2079 2060
1812 3 2 3 34 2060 2079 2080 2061
1813 3 2 3 34 2061 2080 2081 2062
1814 3 2 3 34 2062 2081 2082 2063
1815 3 2 3 34 2063 2082 2083 2064
1816 3 2 3 34 2064 2083 2084 2065
1817 3 2 3 34 2065 2084 2085 2066
1818 3 2 3 34 2066 2085 2086 2067
1819 3 2 3 34 2067 2086 2087 2068
1820 3 2 3 34 2068 2087 293 294
1821 3 2 3 34 253 254 2088 2069
1822 3 2 3 34 2069 2088 2089 2070
1823 3 2 3 34 2070 2089 2090 2071
1824 3 2 3 34 2071 2090 2091 2072
1825 3 2 3 34 2072 2091 2092 2073
1826 3 2 3 34 2073 2092 2093 2074
1827 3 2 3 34 2074 2093 2094 2075
1828 3 2 3 34 2075 2094 2095 2076
1829 3 2 3 34 2076 2095 2096 2077
1830 3 2 3 34 2077 2096 2097 2078
1831 3 2 3 34 2078 2097 2098 2079
1832 3 2 3 34 2079 2098 2099 2080
1833 3 2 3 34 2080 2099 2100 2081
1834 3 2 3 34 2081 2100 2101 2082
1835 3 2 3 34 2082 2101 2102 2083
1836 3 2 3 34 2083 2102 2103 2084
1837 3 2 3 34 2084 2103 2104 2085
1838 3 2 3 34 2085 2104 2105 2086
1839 3 2 3 34 2086 2105 2106 2087
1840 3 2 3 34 2087 2106 292 293
1841 3 2 3 34 254 255 2107 2088
1842 3 2 3 34 2088 2107 2108 2089
1843 3 2 3 34 2089 2108 2109 2090
1844 3 2 3 34 2090 2109 2110 2091
1845 3 2 3 34 2091 2110 2111 2092
1846 3 2 3 34 2092 2111 2112 2093
1847 3 2 3 34 2093 2112 2113 2094
1848 3 2 3 34 2094 2113 2114 2095
1849 3 2 3 34 2095 2114 2115 2096
1850 3 2 3 34 2096 2115 2116 2097
1851 3 2 3 34 2097 2116 2117 2098
1852 3 2 3 34 2098 2117 2118 2099
1853 3 2 3 34 2099 2118 2119 2100
1854 3 2 3 34 2100 2119 2120 2101
1855 3 2 3 34 2101 2120 2121 2102
1856 3 2 3 34 2102 2121 2122 2103
1857 3 2 3 34 2103 2122 2123 2104
1858 3 2 3 34 2104 2123 2124 2105
1859 3 2 3 34 2105 2124 2125 2106
1860 3 2 3 34 2106 2125 291 292
1861 3 2 3 34 255 256 2126 2107
1862 3 2 3 34 2107 2126 2127 2108
1863 3 2 3 34 2108 2127 2128 2109
1864 3 2 3 34 2109 2128 2129 2110
1865 3 2 3 34 2110 2129 2130 2111
1866 3 2 3 34 2111 2130 2131 2112
1867 3 2 3 34 2112 2131 2132 2113
1868 3 2 3 34 2113 2132 2133 2114
1869 3 2 3 34 2114 2133 2134 2115
1870 3 2 3 34 2115 2134 2135 2116
1871 3 2 3 34 2116 2135 2136 2117
1872 3 2 3 34 2117 2136 2137 2118
1873 3 2 3 34 2118 2137 2138 2119
1874 3 2 3 34 2119 2138 2139 2120
1875 3 2 3 34 2120 2139 2140 2121
1876 3 2 3 34 2121 2140 2141 2122
1877 3 2 3 34 2122 2141 2142 2123
1878 3 2 3 34 2123 2142 2143 2124
1879 3 2 3 34 2124 2143 2144 2125
1880 3 2 3 34 2125 2144 290 291
1881 3 2 3 34 256 257 2145 2126
1882 3 2 3 34 2126 2145 2146 2127
1883 3 2 3 34 2127 2146 2147 2128
1884 3 2 3 34 2128 2147 2148 2129
1885 3 2 3 34 2129 2148 2149 2130
1886 3 2 3 34 2130 2149 2150 2131
1887 3 2 3 34 2131 2150 2151 2132
1888 3 2 3 34 2132 2151 2152 2133
1889 3 2 3 34 2133 2152 2153 2134
1890 3 2 3 34 2134 2153 2154 2135
1891 3 2 3 34 2135 2154 2155 2136
1892 3 2 3 34 2136 2155 2156 2137
1893 3 2 3 34 2137 2156 2157 2138
1894 3 2 3 34 2138 2157 2158 2139
1895 3 2 3 34 2139 2158 2159 2140
1896 3 2 3 34 2140 2159 2160 2141
1897 3 2 3 34 2141 2160 2161 2142
1898 3 2 3 34 2142 2161 2162 2143
1899 3 2 3 34 2143 2162 2163 2144
1900 3 2 3 34 2144 2163 289 290
1901 3 2 3 34 257 258 2164 2145
1902 3 2 3 34 2145 2164 2165 2146
1903 3 2 3 34 2146 2165 2166 2147
1904 3 2 3 34 2147 2166 2167 2148
1905 3 2 3 34 2148 2167 2168 2149
1906 3 2 3 34 2149 2168 2169 2150
1907 3 2 3 34 2150 2169 2170 2151
1908 3 2 3 34 2151 2170 2171 2152
1909 3 2 3 34 2152 2171 2172 2153
1910 3 2 3 34 2153 2172 2173 2154
1911 3 2 3 34 2154 2173 2174 2155
1912 3 2 3 34 2155 2174 2175 2156
1913 3 2 3 34 2156 2175 2176 2157
1914 3 2 3 34 2157 2176 2177 2158
1915 3 2 3 34 2158 2177 2178 2159
1916 3 2 3 34 2159 2178 2179 2160
1917 3 2 3 34 2160 2179 2180 2161
1918 3 2 3 34 2161 2180 2181 2162
1919 3 2 3 34 2162 2181 2182 2163
1920 3 2 3 34 2163 2182 288 289
1921 3 2 3 34 258 259 2183 2164
1922 3 2 3 34 2164 2183 2184 2165
1923 3 2 3 34 2165 2184 2185 2166
1924 3 2 3 34 2166 2185 2186 2167
1925 3 2 3 34 2167 2186 2187 2168
1926 3 2 3 34 2168 2187 2188 2169
1927 3 2 3 34 2169 2188 2189 2170
1928 3 2 3 34 2170 2189 2190 2171
1929 3 2 3 34 2171 2190 2191 2172
1930 3 2 3 34 2172 2191 2192 2173
1931 3 2 3 34 2173 2192 2193 2174
1932 3 2 3 34 2174 2193 2194 2175
1933 3 2 3 34 2175 2194 2195 2176
1934 3 2 3 34 2176 2195 2196 2177
1935 3 2 3 34 2177 2196 2197 2178
1936 3 2 3 34 2178 2197 2198 2179
1937 3 2 3 34 2179 2198 2199 2180
1938 3 2 3 34 2180 2199 2200 2181
1939 3 2 3 34 2181 2200 2201 2182
1940 3 2 3 34 2182 2201 287 288
1941 3 2 3 34 259 260 2202 2183
1942 3 2 3 34 2183 2202 2203 2184
1943 3 2 3 34 2184 2203 2204 2185
1944 3 2 3 34 2185 2204 2205 2186
1945 3 2 3 34 2186 2205 2206 2187
1946 3 2 3 34 2187 2206 2207 2188
1947 3 2 3 34 2188 2207 2208 2189
1948 3 2 3 34 2189 2208 2209 2190
1949 3 2 3 34 2190 2209 2210 2191
1950 3 2 3 34 2191 2210 2211 2192
1951 3 2 3 34 2192 2211 2212 2193
1952 3 2 3 34 2193 2212 2213 2194
1953 3 2 3 34 2194 2213 2214 2195
1954 3 2 3 34 2195 2214 2215 2196
1955 3 2 3 34 2196 2215 2216 2197
1956 3 2 3 34 2197 2216 2217 2198
1957 3 2 3 34 2198 2217 2218 2199
1958 3 2 3 34 2199 2218 2219 2200
1959 3 2 3 34 2200 2219 2220 2201
1960 3 2 3 34 2201 2220 286 287
1961 3 2 3 34 260 261 2221 2202
1962 3 2 3 34 2202 2221 2222 2203
1963 3 2 3 34 2203 2222 2223 2204
1964 3 2 3 34 2204 2223 2224 2205
1965 3 2 3 34 2205 2224 2225 2206
1966 3 2 3 34 2206 2225 2226 2207
1967 3 2 3 34 2207 2226 2227 2208
1968 3 2 3 34 2208 2227 2228 2209
1969 3 2 3 34 2209 2228 2229 2210
1970 3 2 3 34 2210 2229 2230 2211
1971 3 2 3 34 2211 2230 2231 2212
1972 3 2 3 34 2212 2231 2232 2213
1973 3 2 3 34 2213 2232 2233 2214
1974 3 2 3 34 2214 2233 2234 2215
1975 3 2 3 34 2215 2234 2235 2216
1976 3 2 3 34 2216 2235 2236 2217
1977 3 2 3 34 2217 2236 2237 2218
1978 3 2 3 34 2218 2237 2238 2219
1979 3 2 3 34 2219 2238 2239 2220
1980 3 2 3 34 2220 2239 285 286
1981 3 2 3 34 261 262 2240 2221
1982 3 2 3 34 2221 2240 2241 2222
1983 3 2 3 34 2222 2241 2242 2223
1984 3 2 3 34 2223 2242 2243 2224
1985 3 2 3 34 2224 2243 2244 2225
1986 3 2 3 34 2225 2244 2245 2226
1987 3 2 3 34 2226 2245 2246 2227
1988 3 2 3 34 2227 2246 2247 2228
1989 3 2 3 34 2228 2247 2248 2229
1990 3 2 3 34 2229 2248 2249 2230
1991 3 2 3 34 2230 2249 2250 2231
1992 3 2 3 34 2231 2250 2251 2232
1993 3 2 3 34 2232 2251 2252 2233
1994 3 2 3 34 2233 2252 2253 2234
1995 3 2 3 34 2234 2253 2254 2235
1996 3 2 3 34 2235 2254 2255 2236
1997 3 2 3 34 2236 2255 2256 2237
1998 3 2 3 34 2237 2256 2257 2238
1999 3 2 3 34 2238 2257 2258 2239
2000 3 2 3 34 2239 2258 284 285
2001 3 2 3 34 262 263 2259 2240
2002 3 2 3 34 2240 2259 2260 2241
2003 3 2 3 34 2241 2260 2261 2242
2004 3 2 3 34 2242 2261 2262 2243
2005 3 2 3 34 2243 2262 2263 2244
2006 3 2 3 34 2244 2263 2264 2245
2007 3 2 3 34 2245 2264 2265 2246
2008 3 2 3 34 2246 2265 2266 2247
2009 3 2 3 34 2247 2266 2267 2248
2010 3 2 3 34 2248 2267 2268 2249
2011 3 2 3 34 2249 2268 2269 2250
2012 3 2 3 34 2250 2269 2270 2251
2013 3 2 3 34 2251 2270 2271 2252
2014 3 2 3 34 2252 2271 2272 2253
2015 3 2 3 34 2253 2272 2273 2254
2016 3 2 3 34 2254 2273 2274 2255
2017 3 2 3 34 2255 2274 2275 2256
2018 3 2 3 34 2256 2275 2276 2257
2019 3 2 3 34 2257 2276 2277 2258
2020 3 2 3 34 2258 2277 283 284
2021 3 2 3 34 263 10 264 2259
2022 3 2 3 34 2259 264 265 2260
2023 3 2 3 34 2260 265 266 2261
2024 3 2 3 34 2261 266 267 2262
2025 3 2 3 34 2262 267 268 2263
2026 3 2 3 34 2263 268 269 2264
2027 3 2 3 34 2264 269 270 2265
2028 3 2 3 34 2265 270 271 2266
2029 3 2 3 34 2266 271 272 2267
2030 3 2 3 34 2267 272 273 2268
2031 3 2 3 34 2268 273 274 2269
2032 3 2 3 34 2269 274 275 2270
2033 3 2 3 34 2270 275 276 2271
2034 3 2 3 34 2271 276 277 2272
2035 3 2 3 34 2272 277 278 2273
2036 3 2 3 34 2273 278 279 2274
2037 3 2 3 34 2274 279 280 2275
2038 3 2 3 34 2275 280 281 2276
2039 3 2 3 34 2276 281 282 2277
2040 3 2 3 34 2277 282 11 283
2041 3 2 2 47 6 112 321 11
2042 3 2 2 47 112 113 322 321
2043 3 2 2 47 113 114 323 322
2044 3 2 2 47 114 115 324 323
2045 3 2 2 47 115 116 325 324
2046 3 2 2 47 116 117 326 325
2047 3 2 2 47 117 118 327 326
2048 3 2 2 47 118 119 328 327
2049 3 2 2 47 119 120 329 328
2050 3 2 2 47 120 121 330 329
2051 3 2 2 47 121 122 331 330
2052 3 2 2 47 122 123 332 331
2053 3 2 2 47 123 124 333 332
2054 3 2 2 47 124 125 334 333
2055 3 2 2 47 125 126 335 334
2056 3 2 2 47 126 127 336 335
2057 3 2 2 47 127 128 337 336
2058 3 2 2 47 128 129 338 337
2059 3 2 2 47 129 130 339 338
2060 3 2 2 47 130 7 13 339
2061 3 2 1 55 2 12 377 36
2062 3 2 1 55 36 377 376 37
2063 3 2 1 55 37 376 375 38
2064 3 2 1 55 38 375 374 39
2065 3 2 1 55 39 374 373 40
2066 3 2 1 55 40 373 372 41
2067 3 2 1 55 41 372 371 42
2068 3 2 1 55 42 371 370 43
2069 3 2 1 55 43 370 369 44
2070 3 2 1 55 44 369 368 45
2071 3 2 1 55 45 368 367 46
2072 3 2 1 55 46 367 366 47
2073 3 2 1 55 47 366 365 48
2074 3 2 1 55 48 365 364 49
2075 3 2 1 55 49 364 363 50
2076 3 2 1 55 50 363 362 51
2077 3 2 1 55 51 362 361 52
2078 3 2 1 55 52 361 360 53
2079 3 2 1 55 53 360 359 54
2080 3 2 1 55 54 359 14 3
2081 3 2 3 56 12 301 2278 377
2082 3 2 3 56 377 2278 2279 376
2083 3 2 3 56 376 2279 2280 375
2084 3 2 3 56 375 2280 2281 374
2085 3 2 3 56 374 2281 2282 373
2086 3 2 3 56 373 2282 2283 372
2087 3 2 3 56 372 2283 2284 371
2088 3 2 3 56 371 2284 2285 370
2089 3 2 3 56 370 2285 2286 369
2090 3 2 3 56 369 2286 2287 368
2091 3 2 3 56 368 2287 2288 367
2092 3 2 3 56 367 2288 2289 366
2093 3 2 3 56 366 2289 2290 365
2094 3 2 3 56 365 2290 2291 364
2095 3 2 3 56 364 2291 2292 363
2096 3 2 3 56 363 2292 2293 362
2097 3 2 3 56 362 2293 2294 361
2098 3 2 3 56 361 2294 2295 360
2099 3 2 3 56 360 2295 2296 359
2100 3 2 3 56 359 2296 358 14
2101 3 2 3 56 301 300 2297 2278
2102 3 2 3 56 2278 2297 2298 2279
2103 3 2 3 56 2279 2298 2299 2280
2104 3 2 3 56 2280 2299 2300 2281
2105 3 2 3 56 2281 2300 2301 2282
2106 3 2 3 56 2282 2301 2302 2283
2107 3 2 3 56 2283 2302 2303 2284
2108 3 2 3 56 2284 2303 2304 2285
2109 3 2 3 56 2285 2304 2305 2286
2110 3 2 3 56 2286 2305 2306 2287
2111 3 2 3 56 2287 2306 2307 2288
2112 3 2 3 56 2288 2307 2308 2289
2113 3 2 3 56 2289 2308 2309 2290
2114 3 2 3 56 2290 2309 2310 2291
2115 3 2 3 56 2291 2310 2311 2292
2116 3 2 3 56 2292 2311 2312 2293
2117 3 2 3 56 2293 2312 2313 2294
2118 3 2 3 56 2294 2313 2314 2295
2119 3 2 3 56 2295 2314 2315 2296
2120 3 2 3 56 2296 2315 357 358
2121 3 2 3 56 300 299 2316 2297
2122 3 2 3 56 2297 2316 2317 2298
2123 3 2 3 56 2298 2317 2318 2299
2124 3 2 3 56 2299 2318 2319 2300
2125 3 2 3 56 2300 2319 2320 2301
2126 3 2 3 56 2301 2320 2321 2302
2127 3 2 3 56 2302 2321 2322 2303
2128 3 2 3 56 2303 2322 2323 2304
2129 3 2 3 56 2304 2323 2324 2305
2130 3 2 3 56 2305 2324 2325 2306
2131 3 2 3 56 2306 2325 2326 2307
2132 3 2 3 56 2307 2326 2327 2308
2133 3 2 3 56 2308 2327 2328 2309
2134 3 2 3 56 2309 2328 2329 2310
2135 3 2 3 56 2310 2329 2330 2311
2136 3 2 3 56 2311 2330 2331 2312
2137 3 2 3 56 2312 2331 2332 2313
2138 3 2 3 56 2313 2332 2333 2314
2139 3 2 3 56 2314 2333 2334 2315
2140 3 2 3 56 2315 2334 356 357
2141 3 2 3 56 299 298 2335 2316
2142 3 2 3 56 2316 2335 2336 2317
2143 3 2 3 56 2317 2336 2337 2318
2144 3 2 3 56 2318 2337 2338 2319
2145 3 2 3 56 2319 2338 2339 2320
2146 3 2 3 56 2320 2339 2340 2321
2147 3 2 3 56 2321 2340 2341 2322
2148 3 2 3 56 2322 2341 2342 2323
2149 3 2 3 56 2323 2342 2343 2324
2150 3 2 3 56 2324 2343 2344 2325
2151 3 2 3 56 2325 2344 2345 2326
2152 3 2 3 56 2326 2345 2346 2327
2153 3 2 3 56 2327 2346 2347 2328
2154 3 2 3 56 2328 2347 2348 2329
2155 3 2 3 56 2329 2348 2349 2330
2156 3 2 3 56 2330 2349 2350 2331
2157 3 2 3 56 2331 2350 2351 2332
2158 3 2 3 56 2332 2351 2352 2333
2159 3 2 3 56 2333 2352 2353 2334
2160 3 2 3 56 2334 2353 355 356
2161 3 2 3 56 298 297 2354 2335
2162 3 2 3 56 2335 2354 2355 2336
2163 3 2 3 56 2336 2355 2356 2337
2164 3 2 3 56 2337 2356 2357 2338
2165 3 2 3 56 2338 2357 2358 2339
2166 3 2 3 56 2339 2358 2359 2340
2167 3 2 3 56 2340 2359 2360 2341
2168 3 2 3 56 2341 2360 2361 2342
2169 3 2 3 56 2342 2361 2362 2343
2170 3 2 3 56 2343 2362 2363 2344
2171 3 2 3 56 2344 2363 2364 2345
2172 3 2 3 56 2345 2364 2365 2346
2173 3 2 3 56 2346 2365 2366 2347
2174 3 2 3 56 2347 2366 2367 2348
2175 3 2 3 56 2348 2367 2368 2349
2176 3 2 3 56 2349 2368 2369 2350
2177 3 2 3 56 2350 2369 2370 2351
2178 3 2 3 56 2351 2370 2371 2352
2179 3 2 3 56 2352 2371 2372 2353
2180 3 2 3 56 2353 2372 354 355
2181 3 2 3 56 297 296 2373 2354
2182 3 2 3 56 2354 2373 2374 2355
2183 3 2 3 56 2355 2374 2375 2356
2184 3 2 3 56 2356 2375 2376 2357
2185 3 2 3 56 2357 2376 2377 2358
2186 3 2 3 56 2358 2377 2378 2359
2187 3 2 3 56 2359 2378 2379 2360
2188 3 2 3 56 2360 2379 2380 2361
2189 3 2 3 56 2361 2380 2381 2362
2190 3 2 3 56 2362 2381 2382 2363
2191 3 2 3 56 2363 2382 2383 2364
2192 3 2 3 56 2364 2383 2384 2365
2193 3 2 3 56 2365 2384 2385 2366
2194 3 2 3 56 2366 2385 2386 2367
2195 3 2 3 56 2367 2386 2387 2368
2196 3 2 3 56 2368 2387 2388 2369
2197 3 2 3 56 2369 2388 2389 2370
2198 3 2 3 56 2370 2389 2390 2371
2199 3 2 3 56 2371 2390 2391 2372
2200 3 2 3 56 2372 2391 353 354
2201 3 2 3 56 296 295 2392 2373
2202 3 2 3 56 2373 2392 2393 2374
2203 3 2 3 56 2374 2393 2394 2375
2204 3 2 3 56 2375 2394 2395 2376
2205 3 2 3 56 2376 2395 2396 2377
2206 3 2 3 56 2377 2396 2397 2378
2207 3 2 3 56 2378 2397 2398 2379
2208 3 2 3 56 2379 2398 2399 2380
2209 3 2 3 56 2380 2399 2400 2381
2210 3 2 3 56 2381 2400 2401 2382
2211 3 2 3 56 2382 2401 2402 2383
2212 3 2 3 56 2383 2402 2403 2384
2213 3 2 3 56 2384 2403 2404 2385
2214 3 2 3 56 2385 2404 2405 2386
2215 3 2 3 56 2386 2405 2406 2387
2216 3 2 3 56 2387 2406 2407 2388
2217 3 2 3 56 2388 2407 2408 2389
2218 3 2 3 56 2389 2408 2409 2390
2219 3 2 3 56 2390 2409 2410 2391
2220 3 2 3 56 2391 2410 352 353
2221 3 2 3 56 295 294 2411 2392
2222 3 2 3 56 2392 2411 2412 2393
2223 3 2 3 56 2393 2412 2413 2394
2224 3 2 3 56 2394 2413 2414 2395
2225 3 2 3 56 2395 2414 2415 2396
2226 3 2 3 56 2396 2415 2416 2397
2227 3 2 3 56 2397 2416 2417 2398
2228 3 2 3 56 2398 2417 2418 2399
2229 3 2 3 56 2399 2418 2419 2400
2230 3 2 3 56 2400 2419 2420 2401
2231 3 2 3 56 2401 2420 2421 2402
2232 3 2 3 56 2402 2421 2422 2403
2233 3 2 3 56 2403 2422 2423 2404
2234 3 2 3 56 2404 2423 2424 2405
2235 3 2 3 56 2405 2424 2425 2406
2236 3 2 3 56 2406 2425 2426 2407
2237 3 2 3 56 2407 2426 2427 2408
2238 3 2 3 56 2408 2427 2428 2409
2239 3 2 3 56 2409 2428 2429 2410
2240 3 2 3 56 2410 2429 351 352
2241 3 2 3 56 294 293 2430 2411
2242 3 2 3 56 2411 2430 2431 2412
2243 3 2 3 56 2412 2431 2432 2413
2244 3 2 3 56 2413 2432 2433 2414
2245 3 2 3 56 2414 2433 2434 2415
2246 3 2 3 56 2415 2434 2435 2416
2247 3 2 3 56 2416 2435 2436 2417
2248 3 2 3 56 2417 2436 2437 2418
2249 3 2 3 56 2418 2437 2438 2419
2250 3 2 3 56 2419 2438 2439 2420
2251 3 2 3 56 2420 2439 2440 2421
2252 3 2 3 56 2421 2440 2441 2422
2253 3 2 3 56 2422 2441 2442 2423
2254 3 2 3 56 2423 2442 2443 2424
2255 3 2 3 56 2424 2443 2444 2425
2256 3 2 3 56 2425 2444 2445 2426
2257 3 2 3 56 2426 2445 2446 2427
2258 3 2 3 56 2427 2446 2447 2428
2259 3 2 3 56 2428 2447 2448 2429
2260 3 2 3 56 2429 2448 350 351
2261 3 2 3 56 293 292 2449 2430
2262 3 2 3 56 2430 2449 2450 2431
2263 3 2 3 56 2431 2450 2451 2432
2264 3 2 3 56 2432 2451 2452 2433
2265 3 2 3 56 2433 2452 2453 2434
2266 3 2 3 56 2434 2453 2454 2435
2267 3 2 3 56 2435 2454 2455 2436
2268 3 2 3 56 2436 2455 2456 2437
2269 3 2 3 56 2437 2456 2457 2438
2270 3 2 3 56 2438 2457 2458 2439
2271 3 2 3 56 2439 2458 2459 2440
2272 3 2 3 56 2440 2459 2460 2441
2273 3 2 3 56 2441 2460 2461 2442
2274 3 2 3 56 2442 2461 2462 2443
2275 3 2 3 56 2443 2462 2463 2444
2276 3 2 3 56 2444 2463 2464 2445
2277 3 2 3 56 2445 2464 2465 2446
2278 3 2 3 56 2446 2465 2466 2447
2279 3 2 3 56 2447 2466 2467 2448
2280 3 2 3 56 2448 2467 349 350
2281 3 2 3 56 292 291 2468 2449
2282 3 2 3 56 2449 2468 2469 2450
2283 3 2 3 56 2450 2469 2470 2451
2284 3 2 3 56 2451 2470 2471 2452
2285 3 2 3 56 2452 2471 2472 2453
2286 3 2 3 56 2453 2472 2473 2454
2287 3 2 3 56 2454 2473 2474 2455
2288 3 2 3 56 2455 2474 2475 2456
2289 3 2 3 56 2456 2475 2476 2457
2290 3 2 3 56 2457 2476 2477 2458
2291 3 2 3 56 2458 2477 2478 2459
2292 3 2 3 56 2459 2478 2479 2460
2293 3 2 3 56 2460 2479 2480 2461
2294 3 2 3 56 2461 2480 2481 2462
2295 3 2 3 56 2462 2481 2482 2463
2296 3 2 3 56 2463 2482 2483 2464
2297 3 2 3 56 2464 2483 2484 2465
2298 3 2 3 56 2465 2484 2485 2466
2299 3 2 3 56 2466 2485 2486 2467
2300 3 2 3 56 2467 2486 348 349
2301 3 2 3 56 291 290 2487 2468
2302 3 2 3 56 2468 2487 2488 2469
2303 3 2 3 56 2469 2488 2489 2470
2304 3 2 3 56 2470 2489 2490 2471
2305 3 2 3 56 2471 2490 2491 2472
2306 3 2 3 56 2472 2491 2492 2473
2307 3 2 3 56 2473 2492 2493 2474
2308 3 2 3 56 2474 2493 2494 2475
2309 3 2 3 56 2475 2494 2495 2476
2310 3 2 3 56 2476 2495 2496 2477
2311 3 2 3 56 2477 2496 2497 2478
2312 3 2 3 56 2478 2497 2498 2479
2313 3 2 3 56 2479 2498 2499 2480
2314 3 2 3 56 2480 2499 2500 2481
2315 3 2 3 56 2481 2500 2501 2482
2316 3 2 3 56 2482 2501 2502 2483
2317 3 2 3 56 2483 2502 2503 2484
2318 3 2 3 56 2484 2503 2504 2485
2319 3 2 3 56 2485 2504 2505 2486
2320 3 2 3 56 2486 2505 347 348
2321 3 2 3 56 290 289 2506 2487
2322 3 2 3 56 2487 2506 2507 2488
2323 3 2 3 56 2488 2507 2508 2489
2324 3 2 3 56 2489 2508 2509 2490
2325 3 2 3 56 2490 2509 2510 2491
2326 3 2 3 56 2491 2510 2511 2492
2327 3 2 3 56 2492 2511 2512 2493
2328 3 2 3 56 2493 2512 2513 2494
2329 3 2 3 56 2494 2513 2514 2495
2330 3 2 3 56 2495 2514 2515 2496
2331 3 2 3 56 2496 2515 2516 2497
2332 3 2 3 56 2497 2516 2517 2498
2333 3 2 3 56 2498 2517 2518 2499
2334 3 2 3 56 2499 2518 2519 2500
2335 3 2 3 56 2500 2519 2520 2501
2336 3 2 3 56 2501 2520 2521 2502
2337 3 2 3 56 2502 2521 2522 2503
2338 3 2 3 56 2503 2522 2523 2504
2339 3 2 3 56 2504 2523 2524 2505
2340 3 2 3 56 2505 2524 346 347
2341 3 2 3 56 289 288 2525 2506
2342 3 2 3 56 2506 2525 2526 2507
2343 3 2 3 56 2507 2526 2527 2508
2344 3 2 3 56 2508 2527 2528 2509
2345 3 2 3 56 2509 2528 2529 2510
2346 3 2 3 56 2510 2529 2530 2511
2347 3 2 3 56 2511 2530 2531 2512
2348 3 2 3 56 2512 2531 2532 2513
2349 3 2 3 56 2513 2532 2533 2514
2350 3 2 3 56 2514 2533 2534 2515
2351 3 2 3 56 2515 2534 2535 2516
2352 3 2 3 56 2516 2535 2536 2517
2353 3 2 3 56 2517 2536 2537 2518
2354 3 2 3 56 2518 2537 2538 2519
2355 3 2 3 56 2519 2538 2539 2520
2356 3 2 3 56 2520 2539 2540 2521
2357 3 2 3 56 2521 2540 2541 2522
2358 3 2 3 56 2522 2541 2542 2523
2359 3 2 3 56 2523 2542 2543 2524
2360 3 2 3 56 2524 2543 345 346
2361 3 2 3 56 288 287 2544 2525
2362 3 2 3 56 2525 2544 2545 2526
2363 3 2 3 56 2526 2545 2546 2527
2364 3 2 3 56 2527 2546 2547 2528
2365 3 2 3 56 2528 2547 2548 2529
2366 3 2 3 56 2529 2548 2549 2530
2367 3 2 3 56 2530 2549 2550 2531
2368 3 2 3 56 2531 2550 2551 2532
2369 3 2 3 56 2532 2551 2552 2533
2370 3 2 3 56 2533 2552 2553 2534
2371 3 2 3 56 2534 2553 2554 2535
2372 3 2 3 56 2535 2554 2555 2536
2373 3 2 3 56 2536 2555 2556 2537
2374 3 2 3 56 2537 2556 2557 2538
2375 3 2 3 56 2538 2557 2558 2539
2376 3 2 3 56 2539 2558 2559 2540
2377 3 2 3 56 2540 2559 2560 2541
2378 3 2 3 56 2541 2560 2561 2542
2379 3 2 3 56 2542 2561 2562 2543
2380 3 2 3 56 2543 2562 344 345
2381 3 2 3 56 287 286 2563 2544
2382 3 2 3 56 2544 2563 2564 2545
2383 3 2 3 56 2545 2564 2565 2546
2384 3 2 3 56 2546 2565 2566 2547
2385 3 2 3 56 2547 2566 2567 2548
2386 3 2 3 56 2548 2567 2568 2549
2387 3 2 3 56 2549 2568 2569 2550
2388 3 2 3 56 2550 2569 2570 2551
2389 3 2 3 56 2551 2570 2571 2552
2390 3 2 3 56 2552 2571 2572 2553
2391 3 2 3 56 2553 2572 2573 2554
2392 3 2 3 56 2554 2573 2574 2555
2393 3 2 3 56 2555 2574 2575 2556
2394 3 2 3 56 2556 2575 2576 2557
2395 3 2 3 56 2557 2576 2577 2558
2396 3 2 3 56 2558 2577 2578 2559
2397 3 2 3 56 2559 2578 2579 2560
2398 3 2 3 56 2560 2579 2580 2561
2399 3 2 3 56 2561 2580 2581 2562
2400 3 2 3 56 2562 2581 343 344
2401 3 2 3 56 286 285 2582 2563
2402 3 2 3 56 2563 2582 2583 2564
2403 3 2 3 56 2564 2583 2584 2565
2404 3 2 3 56 2565 2584 2585 2566
2405 3 2 3 56 2566 2585 2586 2567
2406 3 2 3 56 2567 2586 2587 2568
2407 3 2 3 56 2568 2587 2588 2569
2408 3 2 3 56 2569 2588 2589 2570
2409 3 2 3 56 2570 2589 2590 2571
2410 3 2 3 56 2571 2590 2591 2572
2411 3 2 3 56 2572 2591 2592 2573
2412 3 2 3 56 2573 2592 2593 2574
2413 3 2 3 56 2574 2593 2594 2575
2414 3 2 3 56 2575 2594 2595 2576
2415 3 2 3 56 2576 2595 2596 2577
2416 3 2 3 56 2577 2596 2597 2578
2417 3 2 3 56 2578 2597 2598 2579
2418 3 2 3 56 2579 2598 2599 2580
2419 3 2 3 56 2580 2599 2600 2581
2420 3 2 3 56 2581 2600 342 343
2421 3 2 3 56 285 284 2601 2582
2422 3 2 3 56 2582 2601 2602 2583
2423 3 2 3 56 2583 2602 2603 2584
2424 3 2 3 56 2584 2603 2604 2585
2425 3 2 3 56 2585 2604 2605 2586
2426 3 2 3 56 2586 2605 2606 2587
2427 3 2 3 56 2587 2606 2607 2588
2428 3 2 3 56 2588 2607 2608 2589
2429 3 2 3 56 2589 2608 2609 2590
2430 3 2 3 56 2590 2609 2610 2591
2431 3 2 3 56 2591 2610 2611 2592
2432 3 2 3 56 2592 2611 2612 2593
2433 3 2 3 56 2593 2612 2613 2594
2434 3 2 3 56 2594 2613 2614 2595
2435 3 2 3 56 2595 2614 2615 2596
2436 3 2 3 56 2596 2615 2616 2597
2437 3 2 3 56 2597 2616 2617 2598
2438 3 2 3 56 2598 2617 2618 2599
2439 3 2 3 56 2599 2618 2619 2600
2440 3 2 3 56 2600 2619 341 342
2441 3 2 3 56 284 283 2620 2601
2442 3 2 3 56 2601 2620 2621 2602
2443 3 2 3 56 2602 2621 2622 2603
2444 3 2 3 56 2603 2622 2623 2604
2445 3 2 3 56 2604 2623 2624 2605
2446 3 2 3 56 2605 2624 2625 2606
2447 3 2 3 56 2606 2625 2626 2607
2448 3 2 3 56 2607 2626 2627 2608
2449 3 2 3 56 2608 2627 2628 2609
2450 3 2 3 56 2609 2628 2629 2610
2451 3 2 3 56 2610 2629 2630 2611
2452 3 2 3 56 2611 2630 2631 2612
2453 3 2 3 56 2612 2631 2632 2613
2454 3 2 3 56 2613 2632 2633 2614
2455 3 2 3 56 2614 2633 2634 2615
2456 3 2 3 56 2615 2634 2635 2616
2457 3 2 3 56 2616 2635 2636 2617
2458 3 2 3 56 2617 2636 2637 2618
2459 3 2 3 56 2618 2637 2638 2619
2460 3 2 3 56 2619 2638 340 341
2461 3 2 3 56 283 11 321 2620
2462 3 2 3 56 2620 321 322 2621
2463 3 2 3 56 2621 322 323 2622
2464 3 2 3 56 2622 323 324 2623
2465 3 2 3 56 2623 324 325 2624
2466 3 2 3 56 2624 325 326 2625
2467 3 2 3 56 2625 326 327 2626
2468 3 2 3 56 2626 327 328 2627
2469 3 2 3 56 2627 328 329 2628
2470 3 2 3 56 2628 329 330 2629
2471 3 2 3 56 2629 330 331 2630
2472 3 2 3 56 2630 331 332 2631
2473 3 2 3 56 2631 332 333 2632
2474 3 2 3 56 2632 333 334 2633
2475 3 2 3 56 2633 334 335 2634
2476 3 2 3 56 2634 335 336 2635
2477 3 2 3 56 2635 336 337 2636
2478 3 2 3 56 2636 337 338 2637
2479 3 2 3 56 2637 338 339 2638
2480 3 2 3 56 2638 339 13 340
2481 3 2 2 69 7 131 378 13
2482 3 2 2 69 131 132 379 378
2483 3 2 2 69 132 133 380 379
2484 3 2 2 69 133 134 381 380
2485 3 2 2 69 134 135 382 381
2486 3 2 2 69 135 136 383 382
2487 3 2 2 69 136 137 384 383
2488 3 2 2 69 137 138 385 384
2489 3 2 2 69 138 139 386 385
2490 3 2 2 69 139 140 387 386
2491 3 2 2 69 140 141 388 387
2492 3 2 2 69 141 142 389 388
2493 3 2 2 69 142 143 390 389
2494 3 2 2 69 143 144 391 390
2495 3 2 2 69 144 145 392 391
2496 3 2 2 69 145 146 393 392
2497 3 2 2 69 146 147 394 393
2498 3 2 2 69 147 148 395 394
2499 3 2 2 69 148 149 396 395
2500 3 2 2 69 149 8 15 396
2501 3 2 1 77 3 14 434 55
2502 3 2 1 77 55 434 433 56
2503 3 2 1 77 56 433 432 57
2504 3 2 1 77 57 432 431 58
2505 3 2 1 77 58 431 430 59
2506 3 2 1 77 59 430 429 60
2507 3 2 1 77 60 429 428 61
2508 3 2 1 77 61 428 427 62
2509 3 2 1 77 62 427 426 63
2510 3 2 1 77 63 426 425 64
2511 3 2 1 77 64 425 424 65
2512 3 2 1 77 65 424 423 66
2513 3 2 1 77 66 423 422 67
2514 3 2 1 77 67 422 421 68
2515 3 2 1 77 68 421 420 69
2516 3 2 1 77 69 420 419 70
2517 3 2 1 77 70 419 418 71
2518 3 2 1 77 71 418 417 72
2519 3 2 1 77 72 417 416 73
2520 3 2 1 77 73 416 16 4
2521 3 2 3 78 14 358 2639 434
2522 3 2 3 78 434 2639 2640 433
2523 3 2 3 78 433 2640 2641 432
2524 3 2 3 78 432 2641 2642 431
2525 3 2 3 78 431 2642 2643 430
2526 3 2 3 78 430 2643 2644 429
2527 3 2 3 78 429 2644 2645 428
2528 3 2 3 78 428 2645 2646 427
2529 3 2 3 78 427 2646 2647 426
2530 3 2 3 78 426 2647 2648 425
2531 3 2 3 78 425 2648 2649 424
2532 3 2 3 78 424 2649 2650 423
2533 3 2 3 78 423 2650 2651 422
2534 3 2 3 78 422 2651 2652 421
2535 3 2 3 78 421 2652 2653 420
2536 3 2 3 78 420 2653 2654 419
2537 3 2 3 78 419 2654 2655 418
2538 3 2 3 78 418 2655 2656 417
2539 3 2 3 78 417 2656 2657 416
2540 3 2 3 78 416 2657 415 16
2541 3 2 3 78 358 357 2658 2639
2542 3 2 3 78 2639 2658 2659 2640
2543 3 2 3 78 2640 2659 2660 2641
2544 3 2 3 78 2641 2660 2661 2642
2545 3 2 3 78 2642 2661 2662 2643
2546 3 2 3 78 2643 2662 2663 2644
2547 3 2 3 78 2644 2663 2664 2645
2548 3 2 3 78 2645 2664 2665 2646
2549 3 2 3 78 2646 2665 2666 2647
2550 3 2 3 78 2647 2666 2667 2648
2551 3 2 3 78 2648 2667 2668 2649
2552 3 2 3 78 2649 2668 2669 2650
2553 3 2 3 78 2650 2669 2670 2651
2554 3 2 3 78 2651 2670 2671 2652
2555 3 2 3 78 2652 2671 2672 2653
2556 3 2 3 78 2653 2672 2673 2654
2557 3 2 3 78 2654 2673 2674 2655
2558 3 2 3 78 2655 2674 2675 2656
2559 3 2 3 78 2656 2675 2676 2657
2560 3 2 3 78 2657 2676 414 415
2561 3 2 3 78 357 356 2677 2658
2562 3 2 3 78 2658 2677 2678 2659
2563 3 2 3 78 2659 2678 2679 2660
2564 3 2 3 78 2660 2679 2680 2661
2565 3 2 3 78 2661 2680 2681 2662
2566 3 2 3 78 2662 2681 2682 2663
2567 3 2 3 78 2663 2682 2683 2664
2568 3 2 3 78 2664 2683 2684 2665
2569 3 2 3 78 2665 2684 2685 2666
2570 3 2 3 78 2666 2685 2686 2667
2571 3 2 3 78 2667 2686 2687 2668
2572 3 2 3 78 2668 2687 2688 2669
2573 3 2 3 78 2669 2688 2689 2670
2574 3 2 3 78 2670 2689 2690 2671
2575 3 2 3 78 2671 2690 2691 2672
2576 3 2 3 78 2672 2691 2692 2673
2577 3 2 3 78 2673 2692 2693 2674
2578 3 2 3 78 2674 2693 2694 2675
2579 3 2 3 78 2675 2694 2695 2676
2580 3 2 3 78 2676 2695 413 414
2581 3 2 3 78 356 355 2696 2677
2582 3 2 3 78 2677 2696 2697 2678
2583 3 2 3 78 2678 2697 2698 2679
2584 3 2 3 78 2679 2698 2699 2680
2585 3 2 3 78 2680 2699 2700 2681
2586 3 2 3 78 2681 2700 2701 2682
2587 3 2 3 78 2682 2701 2702 2683
2588 3 2 3 78 2683 2702 2703 2684
2589 3 2 3 78 2684 2703 2704 2685
2590 3 2 3 78 2685 2704 2705 2686
2591 3 2 3 78 2686 2705 2706 2687
2592 3 2 3 78 2687 2706 2707 2688
2593 3 2 3 78 2688 2707 2708 2689
2594 3 2 3 78 2689 2708 2709 2690
2595 3 2 3 78 2690 2709 2710 2691
2596 3 2 3 78 2691 2710 2711 2692
2597 3 2 3 78 2692 2711 2712 2693
2598 3 2 3 78 2693 2712 2713 2694
2599 3 2 3 78 2694 2713 2714 2695
2600 3 2 3 78 2695 2714 412 413
2601 3 2 3 78 355 354 2715 2696
2602 3 2 3 78 2696 2715 2716 2697
2603 3 2 3 78 2697 2716 2717 2698
2604 3 2 3 78 2698 2717 2718 2699
2605 3 2 3 78 2699 2718 2719 2700
2606 3 2 3 78 2700 2719 2720 2701
2607 3 2 3 78 2701 2720 2721 2702
2608 3 2 3 78 2702 2721 2722 2703
2609 3 2 3 78 2703 2722 2723 2704
2610 3 2 3 78 2704 2723 2724 2705
2611 3 2 3 78 2705 2724 2725 2706
2612 3 2 3 78 2706 2725 2726 2707
2613 3 2 3 78 2707 2726 2727 2708
2614 3 2 3 78 2708 2727 2728 2709
2615 3 2 3 78 2709 2728 2729 2710
2616 3 2 3 78 2710 2729 2730 2711
2617 3 2 3 78 2711 2730 2731 2712
2618 3 2 3 78 2712 2731 2732 2713
2619 3 2 3 78 2713 2732 2733 2714
2620 3 2 3 78 2714 2733 411 412
2621 3 2 3 78 354 353 2734 2715
2622 3 2 3 78 2715 2734 2735 2716
2623 3 2 3 78 2716 2735 2736 2717
2624 3 2 3 78 2717 2736 2737 2718
2625 3 2 3 78 2718 2737 2738 2719
2626 3 2 3 78 2719 2738 2739 2720
2627 3 2 3 78 2720 2739 2740 2721
2628 3 2 3 78 2721 2740 2741 2722
2629 3 2 3 78 2722 2741 2742 2723
2630 3 2 3 78 2723 2742 2743 2724
2631 3 2 3 78 2724 2743 2744 2725
2632 3 2 3 78 2725 2744 2745 2726
2633 3 2 3 78 2726 2745 2746 2727
2634 3 2 3 78 2727 2746 2747 2728
2635 3 2 3 78 2728 2747 2748 2729
2636 3 2 3 78 2729 2748 2749 2730
2637 3 2 3 78 2730 2749 2750 2731
2638 3 2 3 78 2731 2750 2751 2732
2639 3 2 3 78 2732 2751 2752 2733
2640 3 2 3 78 2733 2752 410 411
2641 3 2 3 78 353 352 2753 2734
2642 3 2 3 78 2734 2753 2754 2735
2643 3 2 3 78 2735 2754 2755 2736
2644 3 2 3 78 2736 2755 2756 2737
2645 3 2 3 78 2737 2756 2757 2738
2646 3 2 3 78 2738 2757 2758 2739
2647 3 2 3 78 2739 2758 2759 2740
2648 3 2 3 78 2740 2759 2760 2741
2649 3 2 3 78 2741 2760 2761 2742
2650 3 2 3 78 2742 2761 2762 2743
2651 3 2 3 78 2743 2762 2763 2744
2652 3 2 3 78 2744 2763 2764 2745
2653 3 2 3 78 2745 2764 2765 2746
2654 3 2 3 78 2746 2765 2766 2747
2655 3 2 3 78 2747 2766 2767 2748
2656 3 2 3 78 2748 2767 2768 2749
2657 3 2 3 78 2749 2768 2769 2750
2658 3 2 3 78 2750 2769 2770 2751
2659 3 2 3 78 2751 2770 2771 2752
2660 3 2 3 78 2752 2771 409 410
2661 3 2 3 78 352 351 2772 2753
2662 3 2 3 78 2753 2772 2773 2754
2663 3 2 3 78 2754 2773 2774 2755
2664 3 2 3 78 2755 2774 2775 2756
2665 3 2 3 78 2756 2775 2776 2757
2666 3 2 3 78 2757 2776 2777 2758
2667 3 2 3 78 2758 2777 2778 2759
2668 3 2 3 78 2759 2778 2779 2760
2669 3 2 3 78 2760 2779 2780 2761
2670 3 2 3 78 2761 2780 2781 2762
2671 3 2 3 78 2762 2781 2782 2763
2672 3 2 3 78 2763 2782 2783 2764
2673 3 2 3 78 2764 2783 2784 2765
2674 3 2 3 78 2765 2784 2785 2766
2675 3 2 3 78 2766 2785 2786 2767
2676 3 2 3 78 2767 2786 2787 2768
2677 3 2 3 78 2768 2787 2788 2769
2678 3 2 3 78 2769 2788 2789 2770
2679 3 2 3 78 2770 2789 2790 2771
2680 3 2 3 78 2771 2790 408 409
2681 3 2 3 78 351 350 2791 2772
2682 3 2 3 78 2772 2791 2792 2773
2683 3 2 3 78 2773 2792 2793 2774
2684 3 2 3 78 2774 2793 2794 2775
2685 3 2 3 78 2775 2794 2795 2776
2686 3 2 3 78 2776 2795 2796 2777
2687 3 2 3 78 2777 2796 2797 2778
2688 3 2 3 78 2778 2797 2798 2779
2689 3 2 3 78 2779 2798 2799 2780
2690 3 2 3 78 2780 2799 2800 2781
2691 3 2 3 78 2781 2800 2801 2782
2692 3 2 3 78 2782 2801 2802 2783
2693 3 2 3 78 2783 2802 2803 2784
2694 3 2 3 78 2784 2803 2804 2785
2695 3 2 3 78 2785 2804 2805 2786
2696 3 2 3 78 2786 2805 2806 2787
2697 3 2 3 78 2787 2806 2807 2788
2698 3 2 3 78 2788 2807 2808 2789
2699 3 2 3 78 2789 2808 2809 2790
2700 3 2 3 78 2790 2809 407 408
2701 3 2 3 78 350 349 2810 2791
2702 3 2 3 78 2791 2810 2811 2792
2703 3 2 3 78 2792 2811 2812 2793
2704 3 2 3 78 2793 2812 2813 2794
2705 3 2 3 78 2794 2813 2814 2795
2706 3 2 3 78 2795 2814 2815 2796
2707 3 2 3 78 2796 2815 2816 2797
2708 3 2 3 78 2797 2816 2817 2798
2709 3 2 3 78 2798 2817 2818 2799
2710 3 2 3 78 2799 2818 2819 2800
2711 3 2 3 78 2800 2819 2820 2801
2712 3 2 3 78 2801 2820 2821 2802
2713 3 2 3 78 2802 2821 2822 2803
2714 3 2 3 78 2803 2822 2823 2804
2715 3 2 3 78 2804 2823 2824 2805
2716 3 2 3 78 2805 2824 2825 2806
2717 3 2 3 78 2806 2825 2826 2807
2718 3 2 3 78 2807 2826 2827 2808
2719 3 2 3 78 2808 2827 2828 2809
2720 3 2 3 78 2809 2828 406 407
2721 3 2 3 78 349 348 2829 2810
2722 3 2 3 78 2810 2829 2830 2811
2723 3 2 3 78 2811 2830 2831 2812
2724 3 2 3 78 2812 2831 2832 2813
2725 3 2 3 78 2813 2832 2833 2814
2726 3 2 3 78 2814 2833 2834 2815
2727 3 2 3 78 2815 2834 2835 2816
2728 3 2 3 78 2816 2835 2836 2817
2729 3 2 3 78 2817 2836 2837 2818
2730 3 2 3 78 2818 2837 2838 2819
2731 3 2 3 78 2819 2838 2839 2820
2732 3 2 3 78 2820 2839 2840 2821
2733 3 2 3 78 2821 2840 2841 2822
2734 3 2 3 78 2822 2841 2842 2823
2735 3 2 3 78 2823 2842 2843 2824
2736 3 2 3 78 2824 2843 2844 2825
2737 3 2 3 78 2825 2844 2845 2826
2738 3 2 3 78 2826 2845 2846 2827
2739 3 2 3 78 2827 2846 2847 2828
2740 3 2 3 78 2828 2847 405 406
2741 3 2 3 78 348 347 2848 2829
2742 3 2 3 78 2829 2848 2849 2830
2743 3 2 3 78 2830 2849 2850 2831
2744 3 2 3 78 2831 2850 2851 2832
2745 3 2 3 78 2832 2851 2852 2833
2746 3 2 3 78 2833 2852 2853 2834
2747 3 2 3 78 2834 2853 2854 2835
2748 3 2 3 78 2835 2854 2855 2836
2749 3 2 3 78 2836 2855 2856 2837
2750 3 2 3 78 2837 2856 2857 2838
2751 3 2 3 78 2838 2857 2858 2839
2752 3 2 3 78 2839 2858 2859 2840
2753 3 2 3 78 2840 2859 2860 2841
2754 3 2 3 78 2841 2860 2861 2842
2755 3 2 3 78 2842 2861 2862 2843
2756 3 2 3 78 2843 2862 2863 2844
2757 3 2 3 78 2844 2863 2864 2845
2758 3 2 3 78 2845 2864 2865 2846
2759 3 2 3 78 2846 2865 2866 2847
2760 3 2 3 78 2847 2866 404 405
2761 3 2 3 78 347 346 2867 2848
2762 3 2 3 78 2848 2867 2868 2849
2763 3 2 3 78 2849 2868 2869 2850
2764 3 2 3 78 2850 2869 2870 2851
2765 3 2 3 78 2851 2870 2871 2852
2766 3 2 3 78 2852 2871 2872 2853
2767 3 2 3 78 2853 2872 2873 2854
2768 3 2 3 78 2854 2873 2874 2855
2769 3 2 3 78 2855 2874 2875 2856
2770 3 2 3 78 2856 2875 2876 2857
2771 3 2 3 78 2857 2876 2877 2858
2772 3 2 3 78 2858 2877 2878 2859
2773 3 2 3 78 2859 2878 2879 2860
2774 3 2 3 78 2860 2879 2880 2861
2775 3 2 3 78 2861 2880 2881 2862
2776 3 2 3 78 2862 2881 2882 2863
2777 3 2 3 78 2863 2882 2883 2864
2778 3 2 3 78 2864 2883 2884 2865
2779 3 2 3 78 2865 2884 2885 2866
2780 3 2 3 78 2866 2885 403 404
2781 3 2 3 78 346 345 2886 2867
2782 3 2 3 78 2867 2886 2887 2868
2783 3 2 3 78 2868 2887 2888 2869
2784 3 2 3 78 2869 2888 2889 2870
2785 3 2 3 78 2870 2889 2890 2871
2786 3 2 3 78 2871 2890 2891 2872
2787 3 2 3 78 2872 2891 2892 2873
2788 3 2 3 78 2873 2892 2893 2874
2789 3 2 3 78 2874 2893 2894 2875
2790 3 2 3 78 2875 2894 2895 2876
2791 3 2 3 78 2876 2895 2896 2877
2792 3 2 3 78 2877 2896 2897 2878
2793 3 2 3 78 2878 2897 2898 2879
2794 3 2 3 78 2879 2898 2899 2880
2795 3 2 3 78 2880 2899 2900 2881
2796 3 2 3 78 2881 2900 2901 2882
2797 3 2 3 78 2882 2901 2902 2883
2798 3 2 3 78 2883 2902 2903 2884
2799 3 2 3 78 2884 2903 2904 2885
2800 3 2 3 78 2885 2904 402 403
2801 3 2 3 78 345 344 2905 2886
2802 3 2 3 78 2886 2905 2906 2887
2803 3 2 3 78 2887 2906 2907 2888
2804 3 2 3 78 2888 2907 2908 2889
2805 3 2 3 78 2889 2908 2909 2890
2806 3 2 3 78 2890 2909 2910 2891
2807 3 2 3 78 2891 2910 2911 2892
2808 3 2 3 78 2892 2911 2912 2893
2809 3 2 3 78 2893 2912 2913 2894
2810 3 2 3 78 2894 2913 2914 2895
2811 3 2 3 78 2895 2914 2915 2896
2812 3 2 3 78 2896 2915 2916 2897
2813 3 2 3 78 2897 2916 2917 2898
2814 3 2 3 78 2898 2917 2918 2899
2815 3 2 3 78 2899 2918 2919 2900
2816 3 2 3 78 2900 2919 2920 2901
2817 3 2 3 78 2901 2920 2921 2902
2818 3 2 3 78 2902 2921 2922 2903
2819 3 2 3 78 2903 2922 2923 2904
2820 3 2 3 78 2904 2923 401 402
2821 3 2 3 78 344 343 2924 2905
2822 3 2 3 78 2905 2924 2925 2906
2823 3 2 3 78 2906 2925 2926 2907
2824 3 2 3 78 2907 2926 2927 2908
2825 3 2 3 78 2908 2927 2928 2909
2826 3 2 3 78 2909 2928 2929 2910
2827 3 2 3 78 2910 2929 2930 2911
2828 3 2 3 78 2911 2930 2931 2912
2829 3 2 3 78 2912 2931 2932 2913
2830 3 2 3 78 2913 2932 2933 2914
2831 3 2 3 78 2914 2933 2934 2915
2832 3 2 3 78 2915 2934 2935 2916
2833 3 2 3 78 2916 2935 2936 2917
2834 3 2 3 78 2917 2936 2937 2918
2835 3 2 3 78 2918 2937 2938 2919
2836 3 2 3 78 2919 2938 2939 2920
2837 3 2 3 78 2920 2939 2940 2921
2838 3 2 3 78 2921 2940 2941 2922
2839 3 2 3 78 2922 2941 2942 2923
2840 3 2 3 78 2923 2942 400 401
2841 3 2 3 78 343 342 2943 2924
2842 3 2 3 78 2924 2943 2944 2925
2843 3 2 3 78 2925 2944 2945 2926
2844 3 2 3 78 2926 2945 2946 2927
2845 3 2 3 78 2927 2946 2947 2928
2846 3 2 3 78 2928 2947 2948 2929
2847 3 2 3 78 2929 2948 2949 2930
2848 3 2 3 78 2930 2949 2950 2931
2849 3 2 3 78 2931 2950 2951 2932
2850 3 2 3 78 2932 2951 2952 2933
2851 3 2 3 78 2933 2952 2953 2934
2852 3 2 3 78 2934 2953 2954 2935
2853 3 2 3 78 2935 2954 2955 2936
2854 3 2 3 78 2936 2955 2956 2937
2855 3 2 3 78 2937 2956 2957 2938
2856 3 2 3 78 2938 2957 2958 2939
2857 3 2 3 78 2939 2958 2959 2940
2858 3 2 3 78 2940 2959 2960 2941
2859 3 2 3 78 2941 2960 2961 2942
2860 3 2 3 78 2942 2961 399 400
2861 3 2 3 78 342 341 2962 2943
2862 3 2 3 78 2943 2962 2963 2944
2863 3 2 3 78 2944 2963 2964 2945
2864 3 2 3 78 2945 2964 2965 2946
2865 3 2 3 78 2946 2965 2966 2947
2866 3 2 3 78 2947 2966 2967 2948
2867 3 2 3 78 2948 2967 2968 2949
2868 3 2 3 78 2949 2968 2969 2950
2869 3 2 3 78 2950 2969 2970 2951
2870 3 2 3 78 2951 2970 2971 2952
2871 3 2 3 78 2952 2971 2972 2953
2872 3 2 3 78 2953 2972 2973 2954
2873 3 2 3 78 2954 2973 2974 2955
2874 3 2 3 78 2955 2974 2975 2956
2875 3 2 3 78 2956 2975 2976 2957
2876 3 2 3 78 2957 2976 2977 2958
2877 3 2 3 78 2958 2977 2978 2959
2878 3 2 3 78 2959 2978 2979 2960
2879 3 2 3 78 2960 2979 2980 2961
2880 3 2 3 78 2961 2980 398 399
2881 3 2 3 78 341 340 2981 2962
2882 3 2 3 78 2962 2981 2982 2963
2883 3 2 3 78 2963 2982 2983 2964
2884 3 2 3 78 2964 2983 2984 2965
2885 3 2 3 78 2965 2984 2985 2966
2886 3 2 3 78 2966 2985 2986 2967
2887 3 2 3 78 2967 2986 2987 2968
2888 3 2 3 78 2968 2987 2988 2969
2889 3 2 3 78 2969 2988 2989 2970
2890 3 2 3 78 2970 2989 2990 2971
2891 3 2 3 78 2971 2990 2991 2972
2892 3 2 3 78 2972 2991 2992 2973
2893 3 2 3 78 2973 2992 2993 2974
2894 3 2 3 78 2974 2993 2994 2975
2895 3 2 3 78 2975 2994 2995 2976
2896 3 2 3 78 2976 2995 2996 2977
2897 3 2 3 78 2977 2996 2997 2978
2898 3 2 3 78 2978 2997 2998 2979
2899 3 2 3 78 2979 2998 2999 2980
2900 3 2 3 78 2980 2999 397 398
2901 3 2 3 78 340 13 378 2981
2902 3 2 3 78 2981 378 379 2982
2903 3 2 3 78 2982 379 380 2983
2904 3 2 3 78 2983 380 381 2984
2905 3 2 3 78 2984 381 382 2985
2906 3 2 3 78 2985 382 383 2986
2907 3 2 3 78 2986 383 384 2987
2908 3 2 3 78 2987 384 385 2988
2909 3 2 3 78 2988 385 386 2989
2910 3 2 3 78 2989 386 387 2990
2911 3 2 3 78 2990 387 388 2991
2912 3 2 3 78 2991 388 389 2992
2913 3 2 3 78 2992 389 390 2993
2914 3 2 3 78 2993 390 391 2994
2915 3 2 3 78 2994 391 392 2995
2916 3 2 3 78 2995 392 393 2996
2917 3 2 3 78 2996 393 394 2997
2918 3 2 3 78 2997 394 395 2998
2919 3 2 3 78 2998 395 396 2999
2920 3 2 3 78 2999 396 15 397
2921 3 2 2 91 8 150 435 15
2922 3 2 2 91 150 151 436 435
2923 3 2 2 91 151 152 437 436
2924 3 2 2 91 152 153 438 437
2925 3 2 2 91 153 154 439 438
2926 3 2 2 91 154 155 440 439
2927 3 2 2 91 155 156 441 440
2928 3 2 2 91 156 157 442 441
2929 3 2 2 91 157 158 443 442
2930 3 2 2 91 158 159 444 443
2931 3 2 2 91 159 160 445 444
2932 3 2 2 91 160 161 446 445
2933 3 2 2 91 161 162 447 446
2934 3 2 2 91 162 163 448 447
2935 3 2 2 91 163 164 449 448
2936 3 2 2 91 164 165 450 449
2937 3 2 2 91 165 166 451 450
2938 3 2 2 91 166 167 452 451
2939 3 2 2 91 167 168 453 452
2940 3 2 2 91 168 5 10 453
2941 3 2 1 99 4 16 472 74
2942 3 2 1 99 74 472 471 75
2943 3 2 1 99 75 471 470 76
2944 3 2 1 99 76 470 469 77
2945 3 2 1 99 77 469 468 78
2946 3 2 1 99 78 468 467 79
2947 3 2 1 99 79 467 466 80
2948 3 2 1 99 80 466 465 81
2949 3 2 1 99 81 465 464 82
2950 3 2 1 99 82 464 463 83
2951 3 2 1 99 83 463 462 84
2952 3 2 1 99 84 462 461 85
2953 3 2 1 99 85 461 460 86
2954 3 2 1 99 86 460 459 87
2955 3 2 1 99 87 459 458 88
2956 3 2 1 99 88 458 457 89
2957 3 2 1 99 89 457 456 90
2958 3 2 1 99 90 456 455 91
2959 3 2 1 99 91 455 454 92
2960 3 2 1 99 92 454 9 1
2961 3 2 3 100 16 415 3000 472
2962 3 2 3 100 472 3000 3001 471
2963 3 2 3 100 471 3001 3002 470
2964 3 2 3 100 470 3002 3003 469
2965 3 2 3 100 469 3003 3004 468
2966 3 2 3 100 468 3004 3005 467
2967 3 2 3 100 467 3005 3006 466
2968 3 2 3 100 466 3006 3007 465
2969 3 2 3 100 465 3007 3008 464
2970 3 2 3 100 464 3008 3009 463
2971 3 2 3 100 463 3009 3010 462
2972 3 2 3 100 462 3010 3011 461
2973 3 2 3 100 461 3011 3012 460
2974 3 2 3 100 460 3012 3013 459
2975 3 2 3 100 459 3013 3014 458
2976 3 2 3 100 458 3014 3015 457
2977 3 2 3 100 457 3015 3016 456
2978 3 2 3 100 456 3016 3017 455
2979 3 2 3 100 455 3017 3018 454
2980 3 2 3 100 454 3018 245 9
2981 3 2 3 100 415 414 3019 3000
2982 3 2 3 100 3000 3019 3020 3001
2983 3 2 3 100 3001 3020 3021 3002
2984 3 2 3 100 3002 3021 3022 3003
2985 3 2 3 100 3003 3022 3023 3004
2986 3 2 3 100 3004 3023 3024 3005
2987 3 2 3 100 3005 3024 3025 3006
2988 3 2 3 100 3006 3025 3026 3007
2989 3 2 3 100 3007 3026 3027 3008
2990 3 2 3 100 3008 3027 3028 3009
2991 3 2 3 100 3009 3028 3029 3010
2992 3 2 3 100 3010 3029 3030 3011
2993 3 2 3 100 3011 3030 3031 3012
2994 3 2 3 100 3012 3031 3032 3013
2995 3 2 3 100 3013 3032 3033 3014
2996 3 2 3 100 3014 3033 3034 3015
2997 3 2 3 100 3015 3034 3035 3016
2998 3 2 3 100 3016 3035 3036 3017
2999 3 2 3 100 3017 3036 3037 3018
3000 3 2 3 100 3018 3037 246 245
3001 3 2 3 100 414 413 3038 3019
3002 3 2 3 100 3019 3038 3039 3020
3003 3 2 3 100 3020 3039 3040 3021
3004 3 2 3 100 3021 3040 3041 3022
3005 3 2 3 100 3022 3041 3042 3023
3006 3 2 3 100 3023 3042 3043 3024
3007 3 2 3 100 3024 3043 3044 3025
3008 3 2 3 100 3025 3044 3045 3026
3009 3 2 3 100 3026 3045 3046 3027
3010 3 2 3 100 3027 3046 3047 3028
3011 3 2 3 100 3028 3047 3048 3029
3012 3 2 3 100 3029 3048 3049 3030
3013 3 2 3 100 3030 3049 3050 3031
3014 3 2 3 100 3031 3050 3051 3032
3015 3 2 3 100 3032 3051 3052 3033
3016 3 2 3 100 3033 3052 3053 3034
3017 3 2 3 100 3034 3053 3054 3035
3018 3 2 3 100 3035 3054 3055 3036
3019 3 2 3 100 3036 3055 3056 3037
3020 3 2 3 100 3037 3056 247 246
3021 3 2 3 100 413 412 3057 3038
3022 3 2 3 100 3038 3057 3058 3039
3023 3 2 3 100 3039 3058 3059 3040
3024 3 2 3 100 3040 3059 3060 3041
3025 3 2 3 100 3041 3060 3061 3042
3026 3 2 3 100 3042 3061 3062 3043
3027 3 2 3 100 3043 3062 3063 3044
3028 3 2 3 100 3044 3063 3064 3045
3029 3 2 3 100 3045 3064 3065 3046
3030 3 2 3 100 3046 3065 3066 3047
3031 3 2 3 100 3047 3066 3067 3048
3032 3 2 3 100 3048 3067 3068 3049
3033 3 2 3 100 3049 3068 3069 3050
3034 3 2 3 100 3050 3069 3070 3051
3035 3 2 3 100 3051 3070 3071 3052
3036 3 2 3 100 3052 3071 3072 3053
3037 3 2 3 100 3053 3072 3073 3054
3038 3 2 3 100 3054 3073 3074 3055
3039 3 2 3 100 3055 3074 3075 3056
3040 3 2 3 100 3056 3075 248 247
3041 3 2 3 100 412 411 3076 3057
3042 3 2 3 100 3057 3076 3077 3058
3043 3 2 3 100 3058 3077 3078 3059
3044 3 2 3 100 3059 3078 3079 3060
3045 3 2 3 100 3060 3079 3080 3061
3046 3 2 3 100 3061 3080 3081 3062
3047 3 2 3 100 3062 3081 3082 3063
3048 3 2 3 100 3063 3082 3083 3064
3049 3 2 3 100 3064 3083 3084 3065
3050 3 2 3 100 3065 3084 3085 3066
3051 3 2 3 100 3066 3085 3086 3067
3052 3 2 3 100 3067 3086 3087 3068
3053 3 2 3 100 3068 3087 3088 3069
3054 3 2 3 100 3069 3088 3089 3070
3055 3 2 3 100 3070 3089 3090 3071
3056 3 2 3 100 3071 3090 3091 3072
3057 3 2 3 100 3072 3091 3092 3073
3058 3 2 3 100 3073 3092 3093 3074
3059 3 2 3 100 3074 3093 3094 3075
3060 3 2 3 100 3075 3094 249 248
3061 3 2 3 100 411 410 3095 3076
3062 3 2 3 100 3076 3095 3096 3077
3063 3 2 3 100 3077 3096 3097 3078
3064 3 2 3 100 3078 3097 3098 3079
3065 3 2 3 100 3079 3098 3099 3080
3066 3 2 3 100 3080 3099 3100 3081
3067 3 2 3 100 3081 3100 3101 3082
3068 3 2 3 100 3082 3101 3102 3083
3069 3 2 3 100 3083 3102 3103 3084
3070 3 2 3 100 3084 3103 3104 3085
3071 3 2 3 100 3085 3104 3105 3086
3072 3 2 3 100 3086 3105 3106 3087
3073 3 2 3 100 3087 3106 3107 3088
3074 3 2 3 100 3088 3107 3108 3089
3075 3 2 3 100 3089 3108 3109 3090
3076 3 2 3 100 3090 3109 3110 3091
3077 3 2 3 100 3091 3110 3111 3092
3078 3 2 3 100 3092 3111 3112 3093
3079 3 2 3 100 3093 3112 3113 3094
3080 3 2 3 100 3094 3113 250 249
3081 3 2 3 100 410 409 3114 3095
3082 3 2 3 100 3095 3114 3115 3096
3083 3 2 3 100 3096 3115 3116 3097
3084 3 2 3 100 3097 3116 3117 3098
3085 3 2 3 100 3098 3117 3118 3099
3086 3 2 3 100 3099 3118 3119 3100
3087 3 2 3 100 3100 3119 3120 3101
3088 3 2 3 100 3101 3120 3121 3102
3089 3 2 3 100 3102 3121 3122 3103
3090 3 2 3 100 3103 3122 3123 3104
3091 3 2 3 100 3104 3123 3124 3105
3092 3 2 3 100 3105 3124 3125 3106
3093 3 2 3 100 3106 3125 3126 3107
3094 3 2 3 100 3107 3126 3127 3108
3095 3 2 3 100 3108 3127 3128 3109
3096 3 2 3 100 3109 3128 3129 3110
3097 3 2 3 100 3110 3129 3130 3111
3098 3 2 3 100 3111 3130 3131 3112
3099 3 2 3 100 3112 3131 3132 3113
3100 3 2 3 100 3113 3132 251 250
3101 3 2 3 100 409 408 3133 3114
3102 3 2 3 100 3114 3133 3134 3115
3103 3 2 3 100 3115 3134 3135 3116
3104 3 2 3 100 3116 3135 3136 3117
3105 3 2 3 100 3117 3136 3137 3118
3106 3 2 3 100 3118 3137 3138 3119
3107 3 2 3 100 3119 3138 3139 3120
3108 3 2 3 100 3120 3139 3140 3121
3109 3 2 3 100 3121 3140 3141 3122
3110 3 2 3 100 3122 3141 3142 3123
3111 3 2 3 100 3123 3142 3143 3124
3112 3 2 3 100 3124 3143 3144 3125
3113 3 2 3 100 3125 3144 3145 3126
3114 3 2 3 100 3126 3145 3146 3127
3115 3 2 3 100 3127 3146 3147 3128
3116 3 2 3 100 3128 3147 3148 3129
3117 3 2 3 100 3129 3148 3149 3130
3118 3 2 3 100 3130 3149 3150 3131
3119 3 2 3 100 3131 3150 3151 3132
3120 3 2 3 100 3132 3151 252 251
3121 3 2 3 100 408 407 3152 3133
3122 3 2 3 100 3133 3152 3153 3134
3123 3 2 3 100 3134 3153 3154 3135
3124 3 2 3 100 3135 3154 3155 3136
3125 3 2 3 100 3136 3155 3156 3137
3126 3 2 3 100 3137 3156 3157 3138
3127 3 2 3 100 3138 3157 3158 3139
3128 3 2 3 100 3139 3158 3159 3140
3129 3 2 3 100 3140 3159 3160 3141
3130 3 2 3 100 3141 3160 3161 3142
3131 3 2 3 100 3142 3161 3162 3143
3132 3 2 3 100 3143 3162 3163 3144
3133 3 2 3 100 3144 3163 3164 3145
3134 3 2 3 100 3145 3164 3165 3146
3135 3 2 3 100 3146 3165 3166 3147
3136 3 2 3 100 3147 3166 3167 3148
3137 3 2 3 100 3148 3167 3168 3149
3138 3 2 3 100 3149 3168 3169 3150
3139 3 2 3 100 3150 3169 3170 3151
3140 3 2 3 100 3151 3170 253 252
3141 3 2 3 100 407 406 3171 3152
3142 3 2 3 100 3152 3171 3172 3153
3143 3 2 3 100 3153 3172 3173 3154
3144 3 2 3 100 3154 3173 3174 3155
3145 3 2 3 100 3155 3174 3175 3156
3146 3 2 3 100 3156 3175 3176 3157
3147 3 2 3 100 3157 3176 3177 3158
3148 3 2 3 100 3158 3177 3178 3159
3149 3 2 3 100 3159 3178 3179 3160
3150 3 2 3 100 3160 3179 3180 3161
3151 3 2 3 100 3161 3180 3181 3162
3152 3 2 3 100 3162 3181 3182 3163
3153 3 2 3 100 3163 3182 3183 3164
3154 3 2 3 100 3164 3183 3184 3165
3155 3 2 3 100 3165 3184 3185 3166
3156 3 2 3 100 3166 3185 3186 3167
3157 3 2 3 100 3167 3186 3187 3168
3158 3 2 3 100 3168 3187 3188 3169
3159 3 2 3 100 3169 3188 3189 3170
3160 3 2 3 100 3170 3189 254 253
3161 3 2 3 100 406 405 3190 3171
3162 3 2 3 100 3171 3190 3191 3172
3163 3 2 3 100 3172 3191 3192 3173
3164 3 2 3 100 3173 3192 3193 3174
3165 3 2 3 100 3174 3193 3194 3175
3166 3 2 3 100 3175 3194 3195 3176
3167 3 2 3 100 3176 3195 3196 3177
3168 3 2 3 100 3177 3196 3197 3178
3169 3 2 3 100 3178 3197 3198 3179
3170 3 2 3 100 3179 3198 3199 3180
3171 3 2 3 100 3180 3199 3200 3181
3172 3 2 3 100 3181 3200 3201 3182
3173 3 2 3 100 3182 3201 3202 3183
3174 3 2 3 100 3183 3202 3203 3184
3175 3 2 3 100 3184 3203 3204 3185
3176 3 2 3 100 3185 3204 3205 3186
3177 3 2 3 100 3186 3205 3206 3187
3178 3 2 3 100 3187 3206 3207 3188
3179 3 2 3 100 3188 3207 3208 3189
3180 3 2 3 100 3189 3208 255 254
3181 3 2 3 100 405 404 3209 3190
3182 3 2 3 100 3190 3209 3210 3191
3183 3 2 3 100 3191 3210 3211 3192
3184 3 2 3 100 3192 3211 3212 3193
3185 3 2 3 100 3193 3212 3213 3194
3186 3 2 3 100 3194 3213 3214 3195
3187 3 2 3 100 3195 3214 3215 3196
3188 3 2 3 100 3196 3215 3216 3197
3189 3 2 3 100 3197 3216 3217 3198
3190 3 2 3 100 3198 3217 3218 3199
3191 3 2 3 100 3199 3218 3219 3200
3192 3 2 3 100 3200 3219 3220 3201
3193 3 2 3 100 3201 3220 3221 3202
3194 3 2 3 100 3202 3221 3222 3203
3195 3 2 3 100 3203 3222 3223 3204
3196 3 2 3 100 3204 3223 3224 3205
3197 3 2 3 100 3205 3224 3225 3206
3198 3 2 3 100 3206 3225 3226 3207
3199 3 2 3 100 3207 3226 3227 3208
3200 3 2 3 100 3208 3227 256 255
3201 3 2 3 100 404 403 3228 3209
3202 3 2 3 100 3209 3228 3229 3210
3203 3 2 3 100 3210 3229 3230 3211
3204 3 2 3 100 3211 3230 3231 3212
3205 3 2 3 100 3212 3231 3232 3213
3206 3 2 3 100 3213 3232 3233 3214
3207 3 2 3 100 3214 3233 3234 3215
3208 3 2 3 100 3215 3234 3235 3216
3209 3 2 3 100 3216 3235 3236 3217
3210 3 2 3 100 3217 3236 3237 3218
3211 3 2 3 100 3218 3237 3238 3219
3212 3 2 3 100 3219 3238 3239 3220
3213 3 2 3 100 3220 3239 3240 3221
3214 3 2 3 100 3221 3240 3241 3222
3215 3 2 3 100 3222 3241 3242 3223
3216 3 2 3 100 3223 3242 3243 3224
3217 3 2 3 100 3224 3243 3244 3225
3218 3 2 3 100 3225 3244 3245 3226
3219 3 2 3 100 3226 3245 3246 3227
3220 3 2 3 100 3227 3246 257 256
3221 3 2 3 100 403 402 3247 3228
3222 3 2 3 100 3228 3247 3248 3229
3223 3 2 3 100 3229 3248 3249 3230
3224 3 2 3 100 3230 3249 3250 3231
3225 3 2 3 100 3231 3250 3251 3232
3226 3 2 3 100 3232 3251 3252 3233
3227 3 2 3 100 3233 3252 3253 3234
3228 3 2 3 100 3234 3253 3254 3235
3229 3 2 3 100 3235 3254 3255 3236
3230 3 2 3 100 3236 3255 3256 3237
3231 3 2 3 100 3237 3256 3257 3238
3232 3 2 3 100 3238 3257 3258 3239
3233 3 2 3 100 3239 3258 3259 3240
3234 3 2 3 100 3240 3259 3260 3241
3235 3 2 3 100 3241 3260 3261 3242
3236 3 2 3 100 3242 3261 3262 3243
3237 3 2 3 100 3243 3262 3263 3244
3238 3 2 3 100 3244 3263 3264 3245
3239 3 2 3 100 3245 3264 3265 3246
3240 3 2 3 100 3246 3265 258 257
3241 3 2 3 100 402 401 3266 3247
3242 3 2 3 100 3247 3266 3267 3248
3243 3 2 3 100 3248 3267 3268 3249
3244 3 2 3 100 3249 3268 3269 3250
3245 3 2 3 100 3250 3269 3270 3251
3246 3 2 3 100 3251 3270 3271 3252
3247 3 2 3 100 3252 3271 3272 3253
3248 3 2 3 100 3253 3272 3273 3254
3249 3 2 3 100 3254 3273 3274 3255
3250 3 2 3 100 3255 3274 3275 3256
3251 3 2 3 100 3256 3275 3276 3257
3252 3 2 3 100 3257 3276 3277 3258
3253 3 2 3 100 3258 3277 3278 3259
3254 3 2 3 100 3259 3278 3279 3260
3255 3 2 3 100 3260 3279 3280 3261
3256 3 2 3 100 3261 3280 3281 3262
3257 3 2 3 100 3262 3281 3282 3263
3258 3 2 3 100 3263 3282 3283 3264
3259 3 2 3 100 3264 3283 3284 3265
3260 3 2 3 100 3265 3284 259 258
3261 3 2 3 100 401 400 3285 3266
3262 3 2 3 100 3266 3285 3286 3267
3263 3 2 3 100 3267 3286 3287 3268
3264 3 2 3 100 3268 3287 3288 3269
3265 3 2 3 100 3269 3288 3289 3270
3266 3 2 3 100 3270 3289 3290 3271
3267 3 2 3 100 3271 3290 3291 3272
3268 3 2 3 100 3272 3291 3292 3273
3269 3 2 3 100 3273 3292 3293 3274
3270 3 2 3 100 3274 3293 3294 3275
3271 3 2 3 100 3275 3294 3295 3276
3272 3 2 3 100 3276 3295 3296 3277
3273 3 2 3 100 3277 3296 3297 3278
3274 3 2 3 100 3278 3297 3298 3279
3275 3 2 3 100 3279 3298 3299 3280
3276 3 2 3 100 3280 3299 3300 3281
3277 3 2 3 100 3281 3300 3301 3282
3278 3 2 3 100 3282 3301 3302 3283
3279 3 2 3 100 3283 3302 3303 3284
3280 3 2 3 100 3284 3303 260 259
3281 3 2 3 100 400 399 3304 3285
3282 3 2 3 100 3285 3304 3305 3286
3283 3 2 3 100 3286 3305 3306 3287
3284 3 2 3 100 3287 3306 3307 3288
3285 3 2 3 100 3288 3307 3308 3289
3286 3 2 3 100 3289 3308 3309 3290
3287 3 2 3 100 3290 3309 3310 3291
3288 3 2 3 100 3291 3310 3311 3292
3289 3 2 3 100 3292 3311 3312 3293
3290 3 2 3 100 3293 3312 3313 3294
3291 3 2 3 100 3294 3313 3314 3295
3292 3 2 3 100 3295 3314 3315 3296
3293 3 2 3 100 3296 3315 3316 3297
3294 3 2 3 100 3297 3316 3317 3298
3295 3 2 3 100 3298 3317 3318 3299
3296 3 2 3 100 3299 3318 3319 3300
3297 3 2 3 100 3300 3319 3320 3301
3298 3 2 3 100 3301 3320 3321 3302
3299 3 2 3 100 3302 3321 3322 3303
3300 3 2 3 100 3303 3322 261 260
3301 3 2 3 100 399 398 3323 3304
3302 3 2 3 100 3304 3323 3324 3305
3303 3 2 3 100 3305 3324 3325 3306
3304 3 2 3 100 3306 3325 3326 3307
3305 3 2 3 100 3307 3326 3327 3308
3306 3 2 3 100 3308 3327 3328 3309
3307 3 2 3 100 3309 3328 3329 3310
3308 3 2 3 100 3310 3329 3330 3311
3309 3 2 3 100 3311 3330 3331 3312
3310 3 2 3 100 3312 3331 3332 3313
3311 3 2 3 100 3313 3332 3333 3314
3312 3 2 3 100 3314 3333 3334 3315
3313 3 2 3 100 3315 3334 3335 3316
3314 3 2 3 100 3316 3335 3336 3317
3315 3 2 3 100 3317 3336 3337 3318
3316 3 2 3 100 3318 3337 3338 3319
3317 3 2 3 100 3319 3338 3339 3320
3318 3 2 3 100 3320 3339 3340 3321
3319 3 2 3 100 3321 3340 3341 3322
3320 3 2 3 100 3322 3341 262 261
3321 3 2 3 100 398 397 3342 3323
3322 3 2 3 100 3323 3342 3343 3324
3323 3 2 3 100 3324 3343 3344 3325
3324 3 2 3 100 3325 3344 3345 3326
3325 3 2 3 100 3326 3345 3346 3327
3326 3 2 3 100 3327 3346 3347 3328
3327 3 2 3 100 3328 3347 3348 3329
3328 3 2 3 100 3329 3348 3349 3330
3329 3 2 3 100 3330 3349 3350 3331
3330 3 2 3 100 3331 3350 3351 3332
3331 3 2 3 100 3332 3351 3352 3333
3332 3 2 3 100 3333 3352 3353 3334
3333 3 2 3 100 3334 3353 3354 3335
3334 3 2 3 100 3335 3354 3355 3336
3335 3 2 3 100 3336 3355 3356 3337
3336 3 2 3 100 3337 3356 3357 3338
3337 3 2 3 100 3338 3357 3358 3339
3338 3 2 3 100 3339 3358 3359 3340
3339 3 2 3 100 3340 3359 3360 3341
3340 3 2 3 100 3341 3360 263 262
3341 3 2 3 100 397 15 435 3342
3342 3 2 3 100 3342 435 436 3343
3343 3 2 3 100 3343 436 437 3344
3344 3 2 3 100 3344 437 438 3345
3345 3 2 3 100 3345 438 439 3346
3346 3 2 3 100 3346 439 440 3347
3347 3 2 3 100 3347 440 441 3348
3348 3 2 3 100 3348 441 442 3349
3349 3 2 3 100 3349 442 443 3350
3350 3 2 3 100 3350 443 444 3351
3351 3 2 3 100 3351 444 445 3352
3352 3 2 3 100 3352 445 446 3353
3353 3 2 3 100 3353 446 447 3354
3354 3 2 3 100 3354 447 448 3355
3355 3 2 3 100 3355 448 449 3356
3356 3 2 3 100 3356 449 450 3357
3357 3 2 3 100 3357 450 451 3358
3358 3 2 3 100 3358 451 452 3359
3359 3 2 3 100 3359 452 453 3360
3360 3 2 3 100 3360 453 10 263
3361 5 2 4 1 1 169 473 17 9 245 1917 320
3362 5 2 4 1 17 473 474 18 320 1917 1918 319
3363 5 2 4 1 18 474 475 19 319 1918 1919 318
3364 5 2 4 1 19 475 476 20 318 1919 1920 317
3365 5 2 4 1 20 476 477 21 317 1920 1921 316
3366 5 2 4 1 21 477 478 22 316 1921 1922 315
3367 5 2 4 1 22 478 479 23 315 1922 1923 314
3368 5 2 4 1 23 479 480 24 314 1923 1924 313
3369 5 2 4 1 24 480 481 25 313 1924 1925 312
3370 5 2 4 1 25 481 482 26 312 1925 1926 311
3371 5 2 4 1 26 482 483 27 311 1926 1927 310
3372 5 2 4 1 27 483 484 28 310 1927 1928 309
3373 5 2 4 1 28 484 485 29 309 1928 1929 308
3374 5 2 4 1 29 485 486 30 308 1929 1930 307
3375 5 2 4 1 30 486 487 31 307 1930 1931 306
3376 5 2 4 1 31 487 488 32 306 1931 1932 305
3377 5 2 4 1 32 488 489 33 305 1932 1933 304
3378 5 2 4 1 33 489 490 34 304 1933 1934 303
3379 5 2 4 1 34 490 491 35 303 1934 1935 302
3380 5 2 4 1 35 491 188 2 302 1935 301 12
3381 5 2 4 1 169 170 492 473 245 246 1936 1917
3382 5 2 4 1 473 492 493 474 1917 1936 1937 1918
3383 5 2 4 1 474 493 494 475 1918 1937 1938 1919
3384 5 2 4 1 475 494 495 476 1919 1938 1939 1920
3385 5 2 4 1 476 495 496 477 1920 1939 1940 1921
3386 5 2 4 1 477 496 497 478 1921 1940 1941 1922
3387 5 2 4 1 478 497 498 479 1922 1941 1942 1923
3388 5 2 4 1 479 498 499 480 1923 1942 1943 1924
3389 5 2 4 1 480 499 500 481 1924 1943 1944 1925
3390 5 2 4 1 481 500 501 482 1925 1944 1945 1926
3391 5 2 4 1 482 501 502 483 1926 1945 1946 1927
3392 5 2 4 1 483 502 503 484 1927 1946 1947 1928
3393 5 2 4 1 484 503 504 485 1928 1947 1948 1929
3394 5 2 4 1 485 504 505 486 1929 1948 1949 1930
3395 5 2 4 1 486 505 506 487 1930 1949 1950 1931
3396 5 2 4 1 487 506 507 488 1931 1950 1951 1932
3397 5 2 4 1 488 507 508 489 1932 1951 1952 1933
3398 5 2 4 1 489 508 509 490 1933 1952 1953 1934
3399 5 2 4 1 490 509 510 491 1934 1953 1954 1935
3400 5 2 4 1 491 510 189 188 1935 1954 300 301
3401 5 2 4 1 170 171 511 492 246 247 1955 1936
3402 5 2 4 1 492 511 512 493 1936 1955 1956 1937
3403 5 2 4 1 493 512 513 494 1937 1956 1957 1938
3404 5 2 4 1 494 513 514 495 1938 1957 1958 1939
3405 5 2 4 1 495 514 515 496 1939 1958 1959 1940
3406 5 2 4 1 496 515 516 497 1940 1959 1960 1941
3407 5 2 4 1 497 516 517 498 1941 1960 1961 1942
3408 5 2 4 1 498 517 518 499 1942 1961 1962 1943
3409 5 2 4 1 499 518 519 500 1943 1962 1963 1944
3410 5 2 4 1 500 519 520 501 1944 1963 1964 1945
3411 5 2 4 1 501 520 521 502 1945 1964 1965 1946
3412 5 2 4 1 502 521 522 503 1946 1965 1966 1947
3413 5 2 4 1 503 522 523 504 1947 1966 1967 1948
3414 5 2 4 1 504 523 524 505 1948 1967 1968 1949
3415 5 2 4 1 505 524 525 506 1949 1968 1969 1950
3416 5 2 4 1 506 525 526 507 1950 1969 1970 1951
3417 5 2 4 1 507 526 527 508 1951 1970 1971 1952
3418 5 2 4 1 508 527 528 509 1952 1971 1972 1953
3419 5 2 4 1 509 528 529 510 1953 1972 1973 1954
3420 5 2 4 1 510 529 190 189 1954 1973 299 300
3421 5 2 4 1 171 172 530 511 247 248 1974 1955
3422 5 2 4 1 511 530 531 512 1955 1974 1975 1956
3423 5 2 4 1 512 531 532 513 1956 1975 1976 1957
3424 5 2 4 1 513 532 533 514 1957 1976 1977 1958
3425 5 2 4 1 514 533 534 515 1958 1977 1978 1959
3426 5 2 4 1 515 534 535 516 1959 1978 1979 1960
3427 5 2 4 1 516 535 536 517 1960 1979 1980 1961
3428 5 2 4 1 517 536 537 518 1961 1980 1981 1962
3429 5 2 4 1 518 537 538 519 1962 1981 1982 1963
3430 5 2 4 1 519 538 539 520 1963 1982 1983 1964
3431 5 2 4 1 520 539 540 521 1964 1983 1984 1965
3432 5 2 4 1 521 540 541 522 1965 1984 1985 1966
3433 5 2 4 1 522 541 542 523 1966 1985 1986 1967
3434 5 2 4 1 523 542 543 524 1967 1986 1987 1968
3435 5 2 4 1 524 543 544 525 1968 1987 1988 1969
3436 5 2 4 1 525 544 545 526 1969 1988 1989 1970
3437 5 2 4 1 526 545 546 527 1970 1989 1990 1971
3438 5 2 4 1 527 546 547 528 1971 1990 1991 1972
3439 5 2 4 1 528 547 548 529 1972 1991 1992 1973
3440 5 2 4 1 529 548 191 190 1973 1992 298 299
3441 5 2 4 1 172 173 549 530 248 249 1993 1974
3442 5 2 4 1 530 549 550 531 1974 1993 1994 1975
3443 5 2 4 1 531 550 551 532 1975 1994 1995 1976
3444 5 2 4 1 532 551 552 533 1976 1995 1996 1977
3445 5 2 4 1 533 552 553 534 1977 1996 1997 1978
3446 5 2 4 1 534 553 554 535 1978 1997 1998 1979
3447 5 2 4 1 535 554 555 536 1979 1998 1999 1980
3448 5 2 4 1 536 555 556 537 1980 1999 2000 1981
3449 5 2 4 1 537 556 557 538 1981 2000 2001 1982
3450 5 2 4 1 538 557 558 539 1982 2001 2002 1983
3451 5 2 4 1 539 558 559 540 1983 2002 2003 1984
3452 5 2 4 1 540 559 560 541 1984 2003 2004 1985
3453 5 2 4 1 541 560 561 542 1985 2004 2005 1986
3454 5 2 4 1 542 561 562 543 1986 2005 2006 1987
3455 5 2 4 1 543 562 563 544 1987 2006 2007 1988
3456 5 2 4 1 544 563 564 545 1988 2007 2008 1989
3457 5 2 4 1 545 564 565 546 1989 2008 2009 1990
3458 5 2 4 1 546 565 566 547 1990 2009 2010 1991
3459 5 2 4 1 547 566 567 548 1991 2010 2011 1992
3460 5 2 4 1 548 567 192 191 1992 2011 297 298
3461 5 2 4 1 173 174 568 549 249 250 2012 1993
3462 5 2 4 1 549 568 569 550 1993 2012 2013 1994
3463 5 2 4 1 550 569 570 551 1994 2013 2014 1995
3464 5 2 4 1 551 570 571 552 1995 2014 2015 1996
3465 5 2 4 1 552 571 572 553 1996 2015 2016 1997
3466 5 2 4 1 553 572 573 554 1997 2016 2017 1998
3467 5 2 4 1 554 573 574 555 1998 2017 2018 1999
3468 5 2 4 1 555 574 575 556 1999 2018 2019 2000
3469 5 2 4 1 556 575 576 557 2000 2019 2020 2001
3470 5 2 4 1 557 576 577 558 2001 2020 2021 2002
3471 5 2 4 1 558 577 578 559 2002 2021 2022 2003
3472 5 2 4 1 559 578 579 560 2003 2022 2023 2004
3473 5 2 4 1 560 579 580 561 2004 2023 2024 2005
3474 5 2 4 1 561 580 581 562 2005 2024 2025 2006
3475 5 2 4 1 562 581 582 563 2006 2025 2026 2007
3476 5 2 4 1 563 582 583 564 2007 2026 2027 2008
3477 5 2 4 1 564 583 584 565 2008 2027 2028 2009
3478 5 2 4 1 565 584 585 566 2009 2028 2029 2010
3479 5 2 4 1 566 585 586 567 2010 2029 2030 2011
3480 5 2 4 1 567 586 193 192 2011 2030 296 297
3481 5 2 4 1 174 175 587 568 250 251 2031 2012
3482 5 2 4 1 568 587 588 569 2012 2031 2032 2013
3483 5 2 4 1 569 588 589 570 2013 2032 2033 2014
3484 5 2 4 1 570 589 590 571 2014 2033 2034 2015
3485 5 2 4 1 571 590 591 572 2015 2034 2035 2016
3486 5 2 4 1 572 591 592 573 2016 2035 2036 2017
3487 5 2 4 1 573 592 593 574 2017 2036 2037 2018
3488 5 2 4 1 574 593 594 575 2018 2037 2038 2019
3489 5 2 4 1 575 594 595 576 2019 2038 2039 2020
3490 5 2 4 1 576 595 596 577 2020 2039 2040 2021
3491 5 2 4 1 577 596 597 578 2021 2040 2041 2022
3492 5 2 4 1 578 597 598 579 2022 2041 2042 2023
3493 5 2 4 1 579 598 599 580 2023 2042 2043 2024
3494 5 2 4 1 580 599 600 581 2024 2043 2044 2025
3495 5 2 4 1 581 600 601 582 2025 2044 2045 2026
3496 5 2 4 1 582 601 602 583 2026 2045 2046 2027
3497 5 2 4 1 583 602 603 584 2027 2046 2047 2028
3498 5 2 4 1 584 603 604 585 2028 2047 2048 2029
3499 5 2 4 1 585 604 605 586 2029 2048 2049 2030
3500 5 2 4 1 586 605 194 193 2030 2049 295 296
3501 5 2 4 1 175 176 606 587 251 252 2050 2031
3502 5 2 4 1 587 606 607 588 2031 2050 2051 2032
3503 5 2 4 1 588 607 608 589 2032 2051 2052 2033
3504 5 2 4 1 589 608 609 590 2033 2052 2053 2034
3505 5 2 4 1 590 609 610 591 2034 2053 2054 2035
3506 5 2 4 1 591 610 611 592 2035 2054 2055 2036
3507 5 2 4 1 592 611 612 593 2036 2055 2056 2037
3508 5 2 4 1 593 612 613 594 2037 2056 2057 2038
3509 5 2 4 1 594 613 614 595 2038 2057 2058 2039
3510 5 2 4 1 595 614 615 596 2039 2058 2059 2040
3511 5 2 4 1 596 615 616 597 2040 2059 2060 2041
3512 5 2 4 1 597 616 617 598 2041 2060 2061 2042
3513 5 2 4 1 598 617 618 599 2042 2061 2062 2043
3514 5 2 4 1 599 618 619 600 2043 2062 2063 2044
3515 5 2 4 1 600 619 620 601 2044 2063 2064 2045
3516 5 2 4 1 601 620 621 602 2045 2064 2065 2046
3517 5 2 4 1 602 621 622 603 2046 2065 2066 2047
3518 5 2 4 1 603 622 623 604 2047 2066 2067 2048
3519 5 2 4 1 604 623 624 605 2048 2067 2068 2049
3520 5 2 4 1 605 624 195 194 2049 2068 294 295
3521 5 2 4 1 176 177 625 606 252 253 2069 2050
3522 5 2 4 1 606 625 626 607 2050 2069 2070 2051
3523 5 2 4 1 607 626 627 608 2051 2070 2071 2052
3524 5 2 4 1 608 627 628 609 2052 2071 2072 2053
3525 5 2 4 1 609 628 629 610 2053 2072 2073 2054
3526 5 2 4 1 610 629 630 611 2054 2073 2074 2055
3527 5 2 4 1 611 630 631 612 2055 2074 2075 2056
3528 5 2 4 1 612 631 632 613 2056 2075 2076 2057
3529 5 2 4 1 613 632 633 614 2057 2076 2077 2058
3530 5 2 4 1 614 633 634 615 2058 2077 2078 2059
3531 5 2 4 1 615 634 635 616 2059 2078 2079 2060
3532 5 2 4 1 616 635 636 617 2060 2079 2080 2061
3533 5 2 4 1 617 636 637 618 2061 2080 2081 2062
3534 5 2 4 1 618 637 638 619 2062 2081 2082 2063
3535 5 2 4 1 619 638 639 620 2063 2082 2083 2064
3536 5 2 4 1 620 639 640 621 2064 2083 2084 2065
3537 5 2 4 1 621 640 641 622 2065 2084 2085 2066
3538 5 2 4 1 622 641 642 623 2066 2085 2086 2067
3539 5 2 4 1 623 642 643 624 2067 2086 2087 2068
3540 5 2 4 1 624 643 196 195 2068 2087 293 294
3541 5 2 4 1 177 178 644 625 253 254 2088 2069
3542 5 2 4 1 625 644 645 626 2069 2088 2089 2070
3543 5 2 4 1 626 645 646 627 2070 2089 2090 2071
3544 5 2 4 1 627 646 647 628 2071 2090 2091 2072
3545 5 2 4 1 628 647 648 629 2072 2091 2092 2073
3546 5 2 4 1 629 648 649 630 2073 2092 2093 2074
3547 5 2 4 1 630 649 650 631 2074 2093 2094 2075
3548 5 2 4 1 631 650 651 632 2075 2094 2095 2076
3549 5 2 4 1 632 651 652 633 2076 2095 2096 2077
3550 5 2 4 1 633 652 653 634 2077 2096 2097 2078
3551 5 2 4 1 634 653 654 635 2078 2097 2098 2079
3552 5 2 4 1 635 654 655 636 2079 2098 2099 2080
3553 5 2 4 1 636 655 656 637 2080 2099 2100 2081
3554 5 2 4 1 637 656 657 638 2081 2100 2101 2082
3555 5 2 4 1 638 657 658 639 2082 2101 2102 2083
3556 5 2 4 1 639 658 659 640 2083 2102 2103 2084
3557 5 2 4 1 640 659 660 641 2084 2103 2104 2085
3558 5 2 4 1 641 660 661 642 2085 2104 2105 2086
3559 5 2 4 1 642 661 662 643 2086 2105 2106 2087
3560 5 2 4 1 643 662 197 196 2087 2106 292 293
3561 5 2 4 1 178 179 663 644 254 255 2107 2088
3562 5 2 4 1 644 663 664 645 2088 2107 2108 2089
3563 5 2 4 1 645 664 665 646 2089 2108 2109 2090
3564 5 2 4 1 646 665 666 647 2090 2109 2110 2091
3565 5 2 4 1 647 666 667 648 2091 2110 2111 2092
3566 5 2 4 1 648 667 668 649 2092 2111 2112 2093
3567 5 2 4 1 649 668 669 650 2093 2112 2113 2094
3568 5 2 4 1 650 669 670 651 2094 2113 2114 2095
3569 5 2 4 1 651 670 671 652 2095 2114 2115 2096
3570 5 2 4 1 652 671 672 653 2096 2115 2116 2097
3571 5 2 4 1 653 672 673 654 2097 2116 2117 2098
3572 5 2 4 1 654 673 674 655 2098 2117 2118 2099
3573 5 2 4 1 655 674 675 656 2099 2118 2119 2100
3574 5 2 4 1 656 675 676 657 2100 2119 2120 2101
3575 5 2 4 1 657 676 677 658 2101 2120 2121 2102
3576 5 2 4 1 658 677 678 659 2102 2121 2122 2103
3577 5 2 4 1 659 678 679 660 2103 2122 2123 2104
3578 5 2 4 1 660 679 680 661 2104 2123 2124 2105
3579 5 2 4 1 661 680 681 662 2105 2124 2125 2106
3580 5 2 4 1 662 681 198 197 2106 2125 291 292
3581 5 2 4 1 179 180 682 663 255 256 2126 2107
3582 5 2 4 1 663 682 683 664 2107 2126 2127 2108
3583 5 2 4 1 664 683 684 665 2108 2127 2128 2109
3584 5 2 4 1 665 684 685 666 2109 2128 2129 2110
3585 5 2 4 1 666 685 686 667 2110 2129 2130 2111
3586 5 2 4 1 667 686 687 668 2111 2130 2131 2112
3587 5 2 4 1 668 687 688 669 2112 2131 2132 2113
3588 5 2 4 1 669 688 689 670 2113 2132 2133 2114
3589 5 2 4 1 670 689 690 671 2114 2133 2134 2115
3590 5 2 4 1 671 690 691 672 2115 2134 2135 2116
3591 5 2 4 1 672 691 692 673 2116 2135 2136 2117
3592 5 2 4 1 673 692 693 674 2117 2136 2137 2118
3593 5 2 4 1 674 693 694 675 2118 2137 2138 2119
3594 5 2 4 1 675 694 695 676 2119 2138 2139 2120
3595 5 2 4 1 676 695 696 677 2120 2139 2140 2121
3596 5 2 4 1 677 696 697 678 2121 2140 2141 2122
3597 5 2 4 1 678 697 698 679 2122 2141 2142 2123
3598 5 2 4 1 679 698 699 680 2123 2142 2143 2124
3599 5 2 4 1 680 699 700 681 2124 2143 2144 2125
3600 5 2 4 1 681 700 199 198 2125 2144 290 291
3601 5 2 4 1 180 181 701 682 256 257 2145 2126
3602 5 2 4 1 682 701 702 683 2126 2145 2146 2127
3603 5 2 4 1 683 702 703 684 2127 2146 2147 2128
3604 5 2 4 1 684 703 704 685 2128 2147 2148 2129
3605 5 2 4 1 685 704 705 686 2129 2148 2149 2130
3606 5 2 4 1 686 705 706 687 2130 2149 2150 2131
3607 5 2 4 1 687 706 707 688 2131 2150 2151 2132
3608 5 2 4 1 688 707 708 689 2132 2151 2152 2133
3609 5 2 4 1 689 708 709 690 2133 2152 2153 2134
3610 5 2 4 1 690 709 710 691 2134 2153 2154 2135
3611 5 2 4 1 691 710 711 692 2135 2154 2155 2136
3612 5 2 4 1 692 711 712 693 2136 2155 2156 2137
3613 5 2 4 1 693 712 713 694 2137 2156 2157 2138
3614 5 2 4 1 694 713 714 695 2138 2157 2158 2139
3615 5 2 4 1 695 714 715 696 2139 2158 2159 2140
3616 5 2 4 1 696 715 716 697 2140 2159 2160 2141
3617 5 2 4 1 697 716 717 698 2141 2160 2161 2142
3618 5 2 4 1 698 717 718 699 2142 2161 2162 2143
3619 5 2 4 1 699 718 719 700 2143 2162 2163 2144
3620 5 2 4 1 700 719 200 199 2144 2163 289 290
3621 5 2 4 1 181 182 720 701 257 258 2164 2145
3622 5 2 4 1 701 720 721 702 2145 2164 2165 2146
3623 5 2 4 1 702 721 722 703 2146 2165 2166 2147
3624 5 2 4 1 703 722 723 704 2147 2166 2167 2148
3625 5 2 4 1 704 723 724 705 2148 2167 2168 2149
3626 5 2 4 1 705 724 725 706 2149 2168 2169 2150
3627 5 2 4 1 706 725 726 707 2150 2169 2170 2151
3628 5 2 4 1 707 726 727 708 2151 2170 2171 2152
3629 5 2 4 1 708 727 728 709 2152 2171 2172 2153
3630 5 2 4 1 709 728 729 710 2153 2172 2173 2154
3631 5 2 4 1 710 729 730 711 2154 2173 2174 2155
3632 5 2 4 1 711 730 731 712 2155 2174 2175 2156
3633 5 2 4 1 712 731 732 713 2156 2175 2176 2157
3634 5 2 4 1 713 732 733 714 2157 2176 2177 2158
3635 5 2 4 1 714 733 734 715 2158 2177 2178 2159
3636 5 2 4 1 715 734 735 716 2159 2178 2179 2160
3637 5 2 4 1 716 735 736 717 2160 2179 2180 2161
3638 5 2 4 1 717 736 737 718 2161 2180 2181 2162
3639 5 2 4 1 718 737 738 719 2162 2181 2182 2163
3640 5 2 4 1 719 738 201 200 2163 2182 288 289
3641 5 2 4 1 182 183 739 720 258 259 2183 2164
3642 5 2 4 1 720 739 740 721 2164 2183 2184 2165
3643 5 2 4 1 721 740 741 722 2165 2184 2185 2166
3644 5 2 4 1 722 741 742 723 2166 2185 2186 2167
3645 5 2 4 1 723 742 743 724 2167 2186 2187 2168
3646 5 2 4 1 724 743 744 725 2168 2187 2188 2169
3647 5 2 4 1 725 744 745 726 2169 2188 2189 2170
3648 5 2 4 1 726 745 746 727 2170 2189 2190 2171
3649 5 2 4 1 727 746 747 728 2171 2190 2191 2172
3650 5 2 4 1 728 747 748 729 2172 2191 2192 2173
3651 5 2 4 1 729 748 749 730 2173 2192 2193 2174
3652 5 2 4 1 730 749 750 731 2174 2193 2194 2175
3653 5 2 4 1 731 750 751 732 2175 2194 2195 2176
3654 5 2 4 1 732 751 752 733 2176 2195 2196 2177
3655 5 2 4 1 733 752 753 734 2177 2196 2197 2178
3656 5 2 4 1 734 753 754 735 2178 2197 2198 2179
3657 5 2 4 1 735 754 755 736 2179 2198 2199 2180
3658 5 2 4 1 736 755 756 737 2180 2199 2200 2181
3659 5 2 4 1 737 756 757 738 2181 2200 2201 2182
3660 5 2 4 1 738 757 202 201 2182 2201 287 288
3661 5 2 4 1 183 184 758 739 259 260 2202 2183
3662 5 2 4 1 739 758 759 740 2183 2202 2203 2184
3663 5 2 4 1 740 759 760 741 2184 2203 2204 2185
3664 5 2 4 1 741 760 761 742 2185 2204 2205 2186
3665 5 2 4 1 742 761 762 743 2186 2205 2206 2187
3666 5 2 4 1 743 762 763 744 2187 2206 2207 2188
3667 5 2 4 1 744 763 764 745 2188 2207 2208 2189
3668 5 2 4 1 745 764 765 746 2189 2208 2209 2190
3669 5 2 4 1 746 765 766 747 2190 2209 2210 2191
3670 5 2 4 1 747 766 767 748 2191 2210 2211 2192
3671 5 2 4 1 748 767 768 749 2192 2211 2212 2193
3672 5 2 4 1 749 768 769 750 2193 2212 2213 2194
3673 5 2 4 1 750 769 770 751 2194 2213 2214 2195
3674 5 2 4 1 751 770 771 752 2195 2214 2215 2196
3675 5 2 4 1 752 771 772 753 2196 2215 2216 2197
3676 5 2 4 1 753 772 773 754 2197 2216 2217 2198
3677 5 2 4 1 754 773 774 755 2198 2217 2218 2199
3678 5 2 4 1 755 774 775 756 2199 2218 2219 2200
3679 5 2 4 1 756 775 776 757 2200 2219 2220 2201
3680 5 2 4 1 757 776 203 202 2201 2220 286 287
3681 5 2 4 1 184 185 777 758 260 261 2221 2202
3682 5 2 4 1 758 777 778 759 2202 2221 2222 2203
3683 5 2 4 1 759 778 779 760 2203 2222 2223 2204
3684 5 2 4 1 760 779 780 761 2204 2223 2224 2205
3685 5 2 4 1 761 780 781 762 2205 2224 2225 2206
3686 5 2 4 1 762 781 782 763 2206 2225 2226 2207
3687 5 2 4 1 763 782 783 764 2207 2226 2227 2208
3688 5 2 4 1 764 783 784 765 2208 2227 2228 2209
3689 5 2 4 1 765 784 785 766 2209 2228 2229 2210
3690 5 2 4 1 766 785 786 767 2210 2229 2230 2211
3691 5 2 4 1 767 786 787 768 2211 2230 2231 2212
3692 5 2 4 1 768 787 788 769 2212 2231 2232 2213
3693 5 2 4 1 769 788 789 770 2213 2232 2233 2214
3694 5 2 4 1 770 789 790 771 2214 2233 2234 2215
3695 5 2 4 1 771 790 791 772 2215 2234 2235 2216
3696 5 2 4 1 772 791 792 773 2216 2235 2236 2217
3697 5 2 4 1 773 792 793 774 2217 2236 2237 2218
3698 5 2 4 1 774 793 794 775 2218 2237 2238 2219
3699 5 2 4 1 775 794 795 776 2219 2238 2239 2220
3700 5 2 4 1 776 795 204 203 2220 2239 285 286
3701 5 2 4 1 185 186 796 777 261 262 2240 2221
3702 5 2 4 1 777 796 797 778 2221 2240 2241 2222
3703 5 2 4 1 778 797 798 779 2222 2241 2242 2223
3704 5 2 4 1 779 798 799 780 2223 2242 2243 2224
3705 5 2 4 1 780 799 800 781 2224 2243 2244 2225
3706 5 2 4 1 781 800 801 782 2225 2244 2245 2226
3707 5 2 4 1 782 801 802 783 2226 2245 2246 2227
3708 5 2 4 1 783 802 803 784 2227 2246 2247 2228
3709 5 2 4 1 784 803 804 785 2228 2247 2248 2229
3710 5 2 4 1 785 804 805 786 2229 2248 2249 2230
3711 5 2 4 1 786 805 806 787 2230 2249 2250 2231
3712 5 2 4 1 787 806 807 788 2231 2250 2251 2232
3713 5 2 4 1 788 807 808 789 2232 2251 2252 2233
3714 5 2 4 1 789 808 809 790 2233 2252 2253 2234
3715 5 2 4 1 790 809 810 791 2234 2253 2254 2235
3716 5 2 4 1 791 810 811 792 2235 2254 2255 2236
3717 5 2 4 1 792 811 812 793 2236 2255 2256 2237
3718 5 2 4 1 793 812 813 794 2237 2256 2257 2238
3719 5 2 4 1 794 813 814 795 2238 2257 2258 2239
3720 5 2 4 1 795 814 205 204 2239 2258 284 285
3721 5 2 4 1 186 187 815 796 262 263 2259 2240
3722 5 2 4 1 796 815 816 797 2240 2259 2260 2241
3723 5 2 4 1 797 816 817 798 2241 2260 2261 2242
3724 5 2 4 1 798 817 818 799 2242 2261 2262 2243
3725 5 2 4 1 799 818 819 800 2243 2262 2263 2244
3726 5 2 4 1 800 819 820 801 2244 2263 2264 2245
3727 5 2 4 1 801 820 821 802 2245 2264 2265 2246
3728 5 2 4 1 802 821 822 803 2246 2265 2266 2247
3729 5 2 4 1 803 822 823 804 2247 2266 2267 2248
3730 5 2 4 1 804 823 824 805 2248 2267 2268 2249
3731 5 2 4 1 805 824 825 806 2249 2268 2269 2250
3732 5 2 4 1 806 825 826 807 2250 2269 2270 2251
3733 5 2 4 1 807 826 827 808 2251 2270 2271 2252
3734 5 2 4 1 808 827 828 809 2252 2271 2272 2253
3735 5 2 4 1 809 828 829 810 2253 2272 2273 2254
3736 5 2 4 1 810 829 830 811 2254 2273 2274 2255
3737 5 2 4 1 811 830 831 812 2255 2274 2275 2256
3738 5 2 4 1 812 831 832 813 2256 2275 2276 2257
3739 5 2 4 1 813 832 833 814 2257 2276 2277 2258
3740 5 2 4 1 814 833 206 205 2258 2277 283 284
3741 5 2 4 1 187 5 93 815 263 10 264 2259
3742 5 2 4 1 815 93 94 816 2259 264 265 2260
3743 5 2 4 1 816 94 95 817 2260 265 266 2261
3744 5 2 4 1 817 95 96 818 2261 266 267 2262
3745 5 2 4 1 818 96 97 819 2262 267 268 2263
3746 5 2 4 1 819 97 98 820 2263 268 269 2264
3747 5 2 4 1 820 98 99 821 2264 269 270 2265
3748 5 2 4 1 821 99 100 822 2265 270 271 2266
3749 5 2 4 1 822 100 101 823 2266 271 272 2267
3750 5 2 4 1 823 101 102 824 2267 272 273 2268
3751 5 2 4 1 824 102 103 825 2268 273 274 2269
3752 5 2 4 1 825 103 104 826 2269 274 275 2270
3753 5 2 4 1 826 104 105 827 2270 275 276 2271
3754 5 2 4 1 827 105 106 828 2271 276 277 2272
3755 5 2 4 1 828 106 107 829 2272 277 278 2273
3756 5 2 4 1 829 107 108 830 2273 278 279 2274
3757 5 2 4 1 830 108 109 831 2274 279 280 2275
3758 5 2 4 1 831 109 110 832 2275 280 281 2276
3759 5 2 4 1 832 110 111 833 2276 281 282 2277
3760 5 2 4 1 833 111 6 206 2277 282 11 283
3761 5 2 4 2 2 188 834 36 12 301 2278 377
3762 5 2 4 2 36 834 835 37 377 2278 2279 376
3763 5 2 4 2 37 835 836 38 376 2279 2280 375
3764 5 2 4 2 38 836 837 39 375 2280 2281 374
3765 5 2 4 2 39 837 838 40 374 2281 2282 373
3766 5 2 4 2 40 838 839 41 373 2282 2283 372
3767 5 2 4 2 41 839 840 42 372 2283 2284 371
3768 5 2 4 2 42 840 841 43 371 2284 2285 370
3769 5 2 4 2 43 841 842 44 370 2285 2286 369
3770 5 2 4 2 44 842 843 45 369 2286 2287 368
3771 5 2 4 2 45 843 844 46 368 2287 2288 367
3772 5 2 4 2 46 844 845 47 367 2288 2289 366
3773 5 2 4 2 47 845 846 48 366 2289 2290 365
3774 5 2 4 2 48 846 847 49 365 2290 2291 364
3775 5 2 4 2 49 847 848 50 364 2291 2292 363
3776 5 2 4 2 50 848 849 51 363 2292 2293 362
3777 5 2 4 2 51 849 850 52 362 2293 2294 361
3778 5 2 4 2 52 850 851 53 361 2294 2295 360
3779 5 2 4 2 53 851 852 54 360 2295 2296 359
3780 5 2 4 2 54 852 207 3 359 2296 358 14
3781 5 2 4 2 188 189 853 834 301 300 2297 2278
3782 5 2 4 2 834 853 854 835 2278 2297 2298 2279
3783 5 2 4 2 835 854 855 836 2279 2298 2299 2280
3784 5 2 4 2 836 855 856 837 2280 2299 2300 2281
3785 5 2 4 2 837 856 857 838 2281 2300 2301 2282
3786 5 2 4 2 838 857 858 839 2282 2301 2302 2283
3787 5 2 4 2 839 858 859 840 2283 2302 2303 2284
3788 5 2 4 2 840 859 860 841 2284 2303 2304 2285
3789 5 2 4 2 841 860 861 842 2285 2304 2305 2286
3790 5 2 4 2 842 861 862 843 2286 2305 2306 2287
3791 5 2 4 2 843 862 863 844 2287 2306 2307 2288
3792 5 2 4 2 844 863 864 845 2288 2307 2308 2289
3793 5 2 4 2 845 864 865 846 2289 2308 2309 2290
3794 5 2 4 2 846 865 866 847 2290 2309 2310 2291
3795 5 2 4 2 847 866 867 848 2291 2310 2311 2292
3796 5 2 4 2 848 867 868 849 2292 2311 2312 2293
3797 5 2 4 2 849 868 869 850 2293 2312 2313 2294
3798 5 2 4 2 850 869 870 851 2294 2313 2314 2295
3799 5 2 4 2 851 870 871 852 2295 2314 2315 2296
3800 5 2 4 2 852 871 208 207 2296 2315 357 358
3801 5 2 4 2 189 190 872 853 300 299 2316 2297
3802 5 2 4 2 853 872 873 854 2297 2316 2317 2298
3803 5 2 4 2 854 873 874 855 2298 2317 2318 2299
3804 5 2 4 2 855 874 875 856 2299 2318 2319 2300
3805 5 2 4 2 856 875 876 857 2300 2319 2320 2301
3806 5 2 4 2 857 876 877 858 2301 2320 2321 2302
3807 5 2 4 2 858 877 878 859 2302 2321 2322 2303
3808 5 2 4 2 859 878 879 860 2303 2322 2323 2304
3809 5 2 4 2 860 879 880 861 2304 2323 2324 2305
3810 5 2 4 2 861 880 881 862 2305 2324 2325 2306
3811 5 2 4 2 862 881 882 863 2306 2325 2326 2307
3812 5 2 4 2 863 882 883 864 2307 2326 2327 2308
3813 5 2 4 2 864 883 884 865 2308 2327 2328 2309
3814 5 2 4 2 865 884 885 866 2309 2328 2329 2310
3815 5 2 4 2 866 885 886 867 2310 2329 2330 2311
3816 5 2 4 2 867 886 887 868 2311 2330 2331 2312
3817 5 2 4 2 868 887 888 869 2312 2331 2332 2313
3818 5 2 4 2 869 888 889 870 2313 2332 2333 2314
3819 5 2 4 2 870 889 890 871 2314 2333 2334 2315
3820 5 2 4 2 871 890 209 208 2315 2334 356 357
3821 5 2 4 2 190 191 891 872 299 298 2335 2316
3822 5 2 4 2 872 891 892 873 2316 2335 2336 2317
3823 5 2 4 2 873 892 893 874 2317 2336 2337 2318
3824 5 2 4 2 874 893 894 875 2318 2337 2338 2319
3825 5 2 4 2 875 894 895 876 2319 2338 2339 2320
3826 5 2 4 2 876 895 896 877 2320 2339 2340 2321
3827 5 2 4 2 877 896 897 878 2321 2340 2341 2322
3828 5 2 4 2 878 897 898 879 2322 2341 2342 2323
3829 5 2 4 2 879 898 899 880 2323 2342 2343 2324
3830 5 2 4 2 880 899 900 881 2324 2343 2344 2325
3831 5 2 4 2 881 900 901 882 2325 2344 2345 2326
3832 5 2 4 2 882 901 902 883 2326 2345 2346 2327
3833 5 2 4 2 883 902 903 884 2327 2346 2347 2328
3834 5 2 4 2 884 903 904 885 2328 2347 2348 2329
3835 5 2 4 2 885 904 905 886 2329 2348 2349 2330
3836 5 2 4 2 886 905 906 887 2330 2349 2350 2331
3837 5 2 4 2 887 906 907 888 2331 2350 2351 2332
3838 5 2 4 2 888 907 908 889 2332 2351 2352 2333
3839 5 2 4 2 889 908 909 890 2333 2352 2353 2334
3840 5 2 4 2 890 909 210 209 2334 2353 355 356
3841 5 2 4 2 191 192 910 891 298 297 2354 2335
3842 5 2 4 2 891 910 911 892 2335 2354 2355 2336
3843 5 2 4 2 892 911 912 893 2336 2355 2356 2337
3844 5 2 4 2 893 912 913 894 2337 2356 2357 2338
3845 5 2 4 2 894 913 914 895 2338 2357 2358 2339
3846 5 2 4 2 895 914 915 896 2339 2358 2359 2340
3847 5 2 4 2 896 915 916 897 2340 2359 2360 2341
3848 5 2 4 2 897 916 917 898 2341 2360 2361 2342
3849 5 2 4 2 898 917 918 899 2342 2361 2362 2343
3850 5 2 4 2 899 918 919 900 2343 2362 2363 2344
3851 5 2 4 2 900 919 920 901 2344 2363 2364 2345
3852 5 2 4 2 901 920 921 902 2345 2364 2365 2346
3853 5 2 4 2 902 921 922 903 2346 2365 2366 2347
3854 5 2 4 2 903 922 923 904 2347 2366 2367 2348
3855 5 2 4 2 904 923 924 905 2348 2367 2368 2349
3856 5 2 4 2 905 924 925 906 2349 2368 2369 2350
3857 5 2 4 2 906 925 926 907 2350 2369 2370 2351
3858 5 2 4 2 907 926 927 908 2351 2370 2371 2352
3859 5 2 4 2 908 927 928 909 2352 2371 2372 2353
3860 5 2 4 2 909 928 211 210 2353 2372 354 355
3861 5 2 4 2 192 193 929 910 297 296 2373 2354
3862 5 2 4 2 910 929 930 911 2354 2373 2374 2355
3863 5 2 4 2 911 930 931 912 2355 2374 2375 2356
3864 5 2 4 2 912 931 932 913 2356 2375 2376 2357
3865 5 2 4 2 913 932 933 914 2357 2376 2377 2358
3866 5 2 4 2 914 933 934 915 2358 2377 2378 2359
3867 5 2 4 2 915 934 935 916 2359 2378 2379 2360
3868 5 2 4 2 916 935 936 917 2360 2379 2380 2361
3869 5 2 4 2 917 936 937 918 2361 2380 2381 2362
3870 5 2 4 2 918 937 938 919 2362 2381 2382 2363
3871 5 2 4 2 919 938 939 920 2363 2382 2383 2364
3872 5 2 4 2 920 939 940 921 2364 2383 2384 2365
3873 5 2 4 2 921 940 941 922 2365 2384 2385 2366
3874 5 2 4 2 922 941 942 923 2366 2385 2386 2367
3875 5 2 4 2 923 942 943 924 2367 2386 2387 2368
3876 5 2 4 2 924 943 944 925 2368 2387 2388 2369
3877 5 2 4 2 925 944 945 926 2369 2388 2389 2370
3878 5 2 4 2 926 945 946 927 2370 2389 2390 2371
3879 5 2 4 2 927 946 947 928 2371 2390 2391 2372
3880 5 2 4 2 928 947 212 211 2372 2391 353 354
3881 5 2 4 2 193 194 948 929 296 295 2392 2373
3882 5 2 4 2 929 948 949 930 2373 2392 2393 2374
3883 5 2 4 2 930 949 950 931 2374 2393 2394 2375
3884 5 2 4 2 931 950 951 932 2375 2394 2395 2376
3885 5 2 4 2 932 951 952 933 2376 2395 2396 2377
3886 5 2 4 2 933 952 953 934 2377 2396 2397 2378
3887 5 2 4 2 934 953 954 935 2378 2397 2398 2379
3888 5 2 4 2 935 954 955 936 2379 2398 2399 2380
3889 5 2 4 2 936 955 956 937 2380 2399 2400 2381
3890 5 2 4 2 937 956 957 938 2381 2400 2401 2382
3891 5 2 4 2 938 957 958 939 2382 2401 2402 2383
3892 5 2 4 2 939 958 959 940 2383 2402 2403 2384
3893 5 2 4 2 940 959 960 941 2384 2403 2404 2385
3894 5 2 4 2 941 960 961 942 2385 2404 2405 2386
3895 5 2 4 2 942 961 962 943 2386 2405 2406 2387
3896 5 2 4 2 943 962 963 944 2387 2406 2407 2388
3897 5 2 4 2 944 963 964 945 2388 2407 2408 2389
3898 5 2 4 2 945 964 965 946 2389 2408 2409 2390
3899 5 2 4 2 946 965 966 947 2390 2409 2410 2391
3900 5 2 4 2 947 966 213 212 2391 2410 352 353
3901 5 2 4 2 194 195 967 948 295 294 2411 2392
3902 5 2 4 2 948 967 968 949 2392 2411 2412 2393
3903 5 2 4 2 949 968 969 950 2393 2412 2413 2394
3904 5 2 4 2 950 969 970 951 2394 2413 2414 2395
3905 5 2 4 2 951 970 971 952 2395 2414 2415 2396
3906 5 2 4 2 952 971 972 953 2396 2415 2416 2397
3907 5 2 4 2 953 972 973 954 2397 2416 2417 2398
3908 5 2 4 2 954 973 974 955 2398 2417 2418 2399
3909 5 2 4 2 955 974 975 956 2399 2418 2419 2400
3910 5 2 4 2 956 975 976 957 2400 2419 2420 2401
3911 5 2 4 2 957 976 977 958 2401 2420 2421 2402
3912 5 2 4 2 958 977 978 959 2402 2421 2422 2403
3913 5 2 4 2 959 978 979 960 2403 2422 2423 2404
3914 5 2 4 2 960 979 980 961 2404 2423 2424 2405
3915 5 2 4 2 961 980 981 962 2405 2424 2425 2406
3916 5 2 4 2 962 981 982 963 2406 2425 2426 2407
3917 5 2 4 2 963 982 983 964 2407 2426 2427 2408
3918 5 2 4 2 964 983 984 965 2408 2427 2428 2409
3919 5 2 4 2 965 984 985 966 2409 2428 2429 2410
3920 5 2 4 2 966 985 214 213 2410 2429 351 352
3921 5 2 4 2 195 196 986 967 294 293 2430 2411
3922 5 2 4 2 967 986 987 968 2411 2430 2431 2412
3923 5 2 4 2 968 987 988 969 2412 2431 2432 2413
3924 5 2 4 2 969 988 989 970 2413 2432 2433 2414
3925 5 2 4 2 970 989 990 971 2414 2433 2434 2415
3926 5 2 4 2 971 990 991 972 2415 2434 2435 2416
3927 5 2 4 2 972 991 992 973 2416 2435 2436 2417
3928 5 2 4 2 973 992 993 974 2417 2436 2437 2418
3929 5 2 4 2 974 993 994 975 2418 2437 2438 2419
3930 5 2 4 2 975 994 995 976 2419 2438 2439 2420
3931 5 2 4 2 976 995 996 977 2420 2439 2440 2421
3932 5 2 4 2 977 996 997 978 2421 2440 2441 2422
3933 5 2 4 2 978 997 998 979 2422 2441 2442 2423
3934 5 2 4 2 979 998 999 980 2423 2442 2443 2424
3935 5 2 4 2 980 999 1000 981 2424 2443 2444 2425
3936 5 2 4 2 981 1000 1001 982 2425 2444 2445 2426
3937 5 2 4 2 982 1001 1002 983 2426 2445 2446 2427
3938 5 2 4 2 983 1002 1003 984 2427 2446 2447 2428
3939 5 2 4 2 984 1003 1004 985 2428 2447 2448 2429
3940 5 2 4 2 985 1004 215 214 2429 2448 350 351
3941 5 2 4 2 196 197 1005 986 293 292 2449 2430
3942 5 2 4 2 986 1005 1006 987 2430 2449 2450 2431
3943 5 2 4 2 987 1006 1007 988 2431 2450 2451 2432
3944 5 2 4 2 988 1007 1008 989 2432 2451 2452 2433
3945 5 2 4 2 989 1008 1009 990 2433 2452 2453 2434
3946 5 2 4 2 990 1009 1010 991 2434 2453 2454 2435
3947 5 2 4 2 991 1010 1011 992 2435 2454 2455 2436
3948 5 2 4 2 992 1011 1012 993 2436 2455 2456 2437
3949 5 2 4 2 993 1012 1013 994 2437 2456 2457 2438
3950 5 2 4 2 994 1013 1014 995 2438 2457 2458 2439
3951 5 2 4 2 995 1014 1015 996 2439 2458 2459 2440
3952 5 2 4 2 996 1015 1016 997 2440 2459 2460 2441
3953 5 2 4 2 997 1016 1017 998 2441 2460 2461 2442
3954 5 2 4 2 998 1017 1018 999 2442 2461 2462 2443
3955 5 2 4 2 999 1018 1019 1000 2443 2462 2463 2444
3956 5 2 4 2 1000 1019 1020 1001 2444 2463 2464 2445
3957 5 2 4 2 1001 1020 1021 1002 2445 2464 2465 2446
3958 5 2 4 2 1002 1021 1022 1003 2446 2465 2466 2447
3959 5 2 4 2 1003 1022 1023 1004 2447 2466 2467 2448
3960 5 2 4 2 1004 1023 216 215 2448 2467 349 350
3961 5 2 4 2 197 198 1024 1005 292 291 2468 2449
3962 5 2 4 2 1005 1024 1025 1006 2449 2468 2469 2450
3963 5 2 4 2 1006 1025 1026 1007 2450 2469 2470 2451
3964 5 2 4 2 1007 1026 1027 1008 2451 2470 2471 2452
3965 5 2 4 2 1008 1027 1028 1009 2452 2471 2472 2453
3966 5 2 4 2 1009 1028 1029 1010 2453 2472 2473 2454
3967 5 2 4 2 1010 1029 1030 1011 2454 2473 2474 2455
3968 5 2 4 2 1011 1030 1031 1012 2455 2474 2475 2456
3969 5 2 4 2 1012 1031 1032 1013 2456 2475 2476 2457
3970 5 2 4 2 1013 1032 1033 1014 2457 2476 2477 2458
3971 5 2 4 2 1014 1033 1034 1015 2458 2477 2478 2459
3972 5 2 4 2 1015 1034 1035 1016 2459 2478 2479 2460
3973 5 2 4 2 1016 1035 1036 1017 2460 2479 2480 2461
3974 5 2 4 2 1017 1036 1037 1018 2461 2480 2481 2462
3975 5 2 4 2 1018 1037 1038 1019 2462 2481 2482 2463
3976 5 2 4 2 1019 1038 1039 1020 2463 2482 2483 2464
3977 5 2 4 2 1020 1039 1040 1021 2464 2483 2484 2465
3978 5 2 4 2 1021 1040 1041 1022 2465 2484 2485 2466
3979 5 2 4 2 1022 1041 1042 1023 2466 2485 2486 2467
3980 5 2 4 2 1023 1042 217 216 2467 2486 348 349
3981 5 2 4 2 198 199 1043 1024 291 290 2487 2468
3982 5 2 4 2 1024 1043 1044 1025 2468 2487 2488 2469
3983 5 2 4 2 1025 1044 1045 1026 2469 2488 2489 2470
3984 5 2 4 2 1026 1045 1046 1027 2470 2489 2490 2471
3985 5 2 4 2 1027 1046 1047 1028 2471 2490 2491 2472
3986 5 2 4 2 1028 1047 1048 1029 2472 2491 2492 2473
3987 5 2 4 2 1029 1048 1049 1030 2473 2492 2493 2474
3988 5 2 4 2 1030 1049 1050 1031 2474 2493 2494 2475
3989 5 2 4 2 1031 1050 1051 1032 2475 2494 2495 2476
3990 5 2 4 2 1032 1051 1052 1033 2476 2495 2496 2477
3991 5 2 4 2 1033 1052 1053 1034 2477 2496 2497 2478
3992 5 2 4 2 1034 1053 1054 1035 2478 2497 2498 2479
3993 5 2 4 2 1035 1054 1055 1036 2479 2498 2499 2480
3994 5 2 4 2 1036 1055 1056 1037 2480 2499 2500 2481
3995 5 2 4 2 1037 1056 1057 1038 2481 2500 2501 2482
3996 5 2 4 2 1038 1057 1058 1039 2482 2501 2502 2483
3997 5 2 4 2 1039 1058 1059 1040 2483 2502 2503 2484
3998 5 2 4 2 1040 1059 1060 1041 2484 2503 2504 2485
3999 5 2 4 2 1041 1060 1061 1042 2485 2504 2505 2486
4000 5 2 4 2 1042 1061 218 217 2486 2505 347 348
4001 5 2 4 2 199 200 1062 1043 290 289 2506 2487
4002 5 2 4 2 1043 1062 1063 1044 2487 2506 2507 2488
4003 5 2 4 2 1044 1063 1064 1045 2488 2507 2508 2489
4004 5 2 4 2 1045 1064 1065 1046 2489 2508 2509 2490
4005 5 2 4 2 1046 1065 1066 1047 2490 2509 2510 2491
4006 5 2 4 2 1047 1066 1067 1048 2491 2510 2511 2492
4007 5 2 4 2 1048 1067 1068 1049 2492 2511 2512 2493
4008 5 2 4 2 1049 1068 1069 1050 2493 2512 2513 2494
4009 5 2 4 2 1050 1069 1070 1051 2494 2513 2514 2495
4010 5 2 4 2 1051 1070 1071 1052 2495 2514 2515 2496
4011 5 2 4 2 1052 1071 1072 1053 2496 2515 2516 2497
4012 5 2 4 2 1053 1072 1073 1054 2497 2516 2517 2498
4013 5 2 4 2 1054 1073 1074 1055 2498 2517 2518 2499
4014 5 2 4 2 1055 1074 1075 1056 2499 2518 2519 2500
4015 5 2 4 2 1056 1075 1076 1057 2500 2519 2520 2501
4016 5 2 4 2 1057 1076 1077 1058 2501 2520 2521 2502
4017 5 2 4 2 1058 1077 1078 1059 2502 2521 2522 2503
4018 5 2 4 2 1059 1078 1079 1060 2503 2522 2523 2504
4019 5 2 4 2 1060 1079 1080 1061 2504 2523 2524 2505
4020 5 2 4 2 1061 1080 219 218 2505 2524 346 347
4021 5 2 4 2 200 201 1081 1062 289 288 2525 2506
4022 5 2 4 2 1062 1081 1082 1063 2506 2525 2526 2507
4023 5 2 4 2 1063 1082 1083 1064 2507 2526 2527 2508
4024 5 2 4 2 1064 1083 1084 1065 2508 2527 2528 2509
4025 5 2 4 2 1065 1084 1085 1066 2509 2528 2529 2510
4026 5 2 4 2 1066 1085 1086 1067 2510 2529 2530 2511
4027 5 2 4 2 1067 1086 1087 1068 2511 2530 2531 2512
4028 5 2 4 2 1068 1087 1088 1069 2512 2531 2532 2513
4029 5 2 4 2 1069 1088 1089 1070 2513 2532 2533 2514
4030 5 2 4 2 1070 1089 1090 1071 2514 2533 2534 2515
4031 5 2 4 2 1071 1090 1091 1072 2515 2534 2535 2516
4032 5 2 4 2 1072 1091 1092 1073 2516 2535 2536 2517
4033 5 2 4 2 1073 1092 1093 1074 2517 2536 2537 2518
4034 5 2 4 2 1074 1093 1094 1075 2518 2537 2538 2519
4035 5 2 4 2 1075 1094 1095 1076 2519 2538 2539 2520
4036 5 2 4 2 1076 1095 1096 1077 2520 2539 2540 2521
4037 5 2 4 2 1077 1096 1097 1078 2521 2540 2541 2522
4038 5 2 4 2 1078 1097 1098 1079 2522 2541 2542 2523
4039 5 2 4 2 1079 1098 1099 1080 2523 2542 2543 2524
4040 5 2 4 2 1080 1099 220 219 2524 2543 345 346
4041 5 2 4 2 201 202 1100 1081 288 287 2544 2525
4042 5 2 4 2 1081 1100 1101 1082 2525 2544 2545 2526
4043 5 2 4 2 1082 1101 1102 1083 2526 2545 2546 2527
4044 5 2 4 2 1083 1102 1103 1084 2527 2546 2547 2528
4045 5 2 4 2 1084 1103 1104 1085 2528 2547 2548 2529
4046 5 2 4 2 1085 1104 1105 1086 2529 2548 2549 2530
4047 5 2 4 2 1086 1105 1106 1087 2530 2549 2550 2531
4048 5 2 4 2 1087 1106 1107 1088 2531 2550 2551 2532
4049 5 2 4 2 1088 1107 1108 1089 2532 2551 2552 2533
4050 5 2 4 2 1089 1108 1109 1090 2533 2552 2553 2534
4051 5 2 4 2 1090 1109 1110 1091 2534 2553 2554 2535
4052 5 2 4 2 1091 1110 1111 1092 2535 2554 2555 2536
4053 5 2 4 2 1092 1111 1112 1093 2536 2555 2556 2537
4054 5 2 4 2 1093 1112 1113 1094 2537 2556 2557 2538
4055 5 2 4 2 1094 1113 1114 1095 2538 2557 2558 2539
4056 5 2 4 2 1095 1114 1115 1096 2539 2558 2559 2540
4057 5 2 4 2 1096 1115 1116 1097 2540 2559 2560 2541
4058 5 2 4 2 1097 1116 1117 1098 2541 2560 2561 2542
4059 5 2 4 2 1098 1117 1118 1099 2542 2561 2562 2543
4060 5 2 4 2 1099 1118 221 220 2543 2562 344 345
4061 5 2 4 2 202 203 1119 1100 287 286 2563 2544
4062 5 2 4 2 1100 1119 1120 1101 2544 2563 2564 2545
4063 5 2 4 2 1101 1120 1121 1102 2545 2564 2565 2546
4064 5 2 4 2 1102 1121 1122 1103 2546 2565 2566 2547
4065 5 2 4 2 1103 1122 1123 1104 2547 2566 2567 2548
4066 5 2 4 2 1104 1123 1124 1105 2548 2567 2568 2549
4067 5 2 4 2 1105 1124 1125 1106 2549 2568 2569 2550
4068 5 2 4 2 1106 1125 1126 1107 2550 2569 2570 2551
4069 5 2 4 2 1107 1126 1127 1108 2551 2570 2571 2552
4070 5 2 4 2 1108 1127 1128 1109 2552 2571 2572 2553
4071 5 2 4 2 1109 1128 1129 1110 2553 2572 2573 2554
4072 5 2 4 2 1110 1129 1130 1111 2554 2573 2574 2555
4073 5 2 4 2 1111 1130 1131 1112 2555 2574 2575 2556
4074 5 2 4 2 1112 1131 1132 1113 2556 2575 2576 2557
4075 5 2 4 2 1113 1132 1133 1114 2557 2576 2577 2558
4076 5 2 4 2 1114 1133 1134 1115 2558 2577 2578 2559
4077 5 2 4 2 1115 1134 1135 1116 2559 2578 2579 2560
4078 5 2 4 2 1116 1135 1136 1117 2560 2579 2580 2561
4079 5 2 4 2 1117 1136 1137 1118 2561 2580 2581 2562
4080 5 2 4 2 1118 1137 222 221 2562 2581 343 344
4081 5 2 4 2 203 204 1138 1119 286 285 2582 2563
4082 5 2 4 2 1119 1138 1139 1120 2563 2582 2583 2564
4083 5 2 4 2 1120 1139 1140 1121 2564 2583 2584 2565
4084 5 2 4 2 1121 1140 1141 1122 2565 2584 2585 2566
4085 5 2 4 2 1122 1141 1142 1123 2566 2585 2586 2567
4086 5 2 4 2 1123 1142 1143 1124 2567 2586 2587 2568
4087 5 2 4 2 1124 1143 1144 1125 2568 2587 2588 2569
4088 5 2 4 2 1125 1144 1145 1126 2569 2588 2589 2570
4089 5 2 4 2 1126 1145 1146 1127 2570 2589 2590 2571
4090 5 2 4 2 1127 1146 1147 1128 2571 2590 2591 2572
4091 5 2 4 2 1128 1147 1148 1129 2572 2591 2592 2573
4092 5 2 4 2 1129 1148 1149 1130 2573 2592 2593 2574
4093 5 2 4 2 1130 1149 1150 1131 2574 2593 2594 2575
4094 5 2 4 2 1131 1150 1151 1132 2575 2594 2595 2576
4095 5 2 4 2 1132 1151 1152 1133 2576 2595 2596 2577
4096 5 2 4 2 1133 1152 1153 1134 2577 2596 2597 2578
4097 5 2 4 2 1134 1153 1154 1135 2578 2597 2598 2579
4098 5 2 4 2 1135 1154 1155 1136 2579 2598 2599 2580
4099 5 2 4 2 1136 1155 1156 1137 2580 2599 2600 2581
4100 5 2 4 2 1137 1156 223 222 2581 2600 342 343
4101 5 2 4 2 204 205 1157 1138 285 284 2601 2582
4102 5 2 4 2 1138 1157 1158 1139 2582 2601 2602 2583
4103 5 2 4 2 1139 1158 1159 1140 2583 2602 2603 2584
4104 5 2 4 2 1140 1159 1160 1141 2584 2603 2604 2585
4105 5 2 4 2 1141 1160 1161 1142 2585 2604 2605 2586
4106 5 2 4 2 1142 1161 1162 1143 2586 2605 2606 2587
4107 5 2 4 2 1143 1162 1163 1144 2587 2606 2607 2588
4108 5 2 4 2 1144 1163 1164 1145 2588 2607 2608 2589
4109 5 2 4 2 1145 1164 1165 1146 2589 2608 2609 2590
4110 5 2 4 2 1146 1165 1166 1147 2590 2609 2610 2591
4111 5 2 4 2 1147 1166 1167 1148 2591 2610 2611 2592
4112 5 2 4 2 1148 1167 1168 1149 2592 2611 2612 2593
4113 5 2 4 2 1149 1168 1169 1150 2593 2612 2613 2594
4114 5 2 4 2 1150 1169 1170 1151 2594 2613 2614 2595
4115 5 2 4 2 1151 1170 1171 1152 2595 2614 2615 2596
4116 5 2 4 2 1152 1171 1172 1153 2596 2615 2616 2597
4117 5 2 4 2 1153 1172 1173 1154 2597 2616 2617 2598
4118 5 2 4 2 1154 1173 1174 1155 2598 2617 2618 2599
4119 5 2 4 2 1155 1174 1175 1156 2599 2618 2619 2600
4120 5 2 4 2 1156 1175 224 223 2600 2619 341 342
4121 5 2 4 2 205 206 1176 1157 284 283 2620 2601
4122 5 2 4 2 1157 1176 1177 1158 2601 2620 2621 2602
4123 5 2 4 2 1158 1177 1178 1159 2602 2621 2622 2603
4124 5 2 4 2 1159 1178 1179 1160 2603 2622 2623 2604
4125 5 2 4 2 1160 1179 1180 1161 2604 2623 2624 2605
4126 5 2 4 2 1161 1180 1181 1162 2605 2624 2625 2606
4127 5 2 4 2 1162 1181 1182 1163 2606 2625 2626 2607
4128 5 2 4 2 1163 1182 1183 1164 2607 2626 2627 2608
4129 5 2 4 2 1164 1183 1184 1165 2608 2627 2628 2609
4130 5 2 4 2 1165 1184 1185 1166 2609 2628 2629 2610
4131 5 2 4 2 1166 1185 1186 1167 2610 2629 2630 2611
4132 5 2 4 2 1167 1186 1187 1168 2611 2630 2631 2612
4133 5 2 4 2 1168 1187 1188 1169 2612 2631 2632 2613
4134 5 2 4 2 1169 1188 1189 1170 2613 2632 2633 2614
4135 5 2 4 2 1170 1189 1190 1171 2614 2633 2634 2615
4136 5 2 4 2 1171 1190 1191 1172 2615 2634 2635 2616
4137 5 2 4 2 1172 1191 1192 1173 2616 2635 2636 2617
4138 5 2 4 2 1173 1192 1193 1174 2617 2636 2637 2618
4139 5 2 4 2 1174 1193 1194 1175 2618 2637 2638 2619
4140 5 2 4 2 1175 1194 225 224 2619 2638 340 341
4141 5 2 4 2 206 6 112 1176 283 11 321 2620
4142 5 2 4 2 1176 112 113 1177 2620 321 322 2621
4143 5 2 4 2 1177 113 114 1178 2621 322 323 2622
4144 5 2 4 2 1178 114 115 1179 2622 323 324 2623
4145 5 2 4 2 1179 115 116 1180 2623 324 325 2624
4146 5 2 4 2 1180 116 117 1181 2624 325 326 2625
4147 5 2 4 2 1181 117 118 1182 2625 326 327 2626
4148 5 2 4 2 1182 118 119 1183 2626 327 328 2627
4149 5 2 4 2 1183 119 120 1184 2627 328 329 2628
4150 5 2 4 2 1184 120 121 1185 2628 329 330 2629
4151 5 2 4 2 1185 121 122 1186 2629 330 331 2630
4152 5 2 4 2 1186 122 123 1187 2630 331 332 2631
4153 5 2 4 2 1187 123 124 1188 2631 332 333 2632
4154 5 2 4 2 1188 124 125 1189 2632 333 334 2633
4155 5 2 4 2 1189 125 126 1190 2633 334 335 2634
4156 5 2 4 2 1190 126 127 1191 2634 335 336 2635
4157 5 2 4 2 1191 127 128 1192 2635 336 337 2636
4158 5 2 4 2 1192 128 129 1193 2636 337 338 2637
4159 5 2 4 2 1193 129 130 1194 2637 338 339 2638
4160 5 2 4 2 1194 130 7 225 2638 339 13 340
4161 5 2 4 3 3 207 1195 55 14 358 2639 434
4162 5 2 4 3 55 1195 1196 56 434 2639 2640 433
4163 5 2 4 3 56 1196 1197 57 433 2640 2641 432
4164 5 2 4 3 57 1197 1198 58 432 2641 2642 431
4165 5 2 4 3 58 1198 1199 59 431 2642 2643 430
4166 5 2 4 3 59 1199 1200 60 430 2643 2644 429
4167 5 2 4 3 60 1200 1201 61 429 2644 2645 428
4168 5 2 4 3 61 1201 1202 62 428 2645 2646 427
4169 5 2 4 3 62 1202 1203 63 427 2646 2647 426
4170 5 2 4 3 63 1203 1204 64 426 2647 2648 425
4171 5 2 4 3 64 1204 1205 65 425 2648 2649 424
4172 5 2 4 3 65 1205 1206 66 424 2649 2650 423
4173 5 2 4 3 66 1206 1207 67 423 2650 2651 422
4174 5 2 4 3 67 1207 1208 68 422 2651 2652 421
4175 5 2 4 3 68 1208 1209 69 421 2652 2653 420
4176 5 2 4 3 69 1209 1210 70 420 2653 2654 419
4177 5 2 4 3 70 1210 1211 71 419 2654 2655 418
4178 5 2 4 3 71 1211 1212 72 418 2655 2656 417
4179 5 2 4 3 72 1212 1213 73 417 2656 2657 416
4180 5 2 4 3 73 1213 226 4 416 2657 415 16
4181 5 2 4 3 207 208 1214 1195 358 357 2658 2639
4182 5 2 4 3 1195 1214 1215 1196 2639 2658 2659 2640
4183 5 2 4 3 1196 1215 1216 1197 2640 2659 2660 2641
4184 5 2 4 3 1197 1216 1217 1198 2641 2660 2661 2642
4185 5 2 4 3 1198 1217 1218 1199 2642 2661 2662 2643
4186 5 2 4 3 1199 1218 1219 1200 2643 2662 2663 2644
4187 5 2 4 3 1200 1219 1220 1201 2644 2663 2664 2645
4188 5 2 4 3 1201 1220 1221 1202 2645 2664 2665 2646
4189 5 2 4 3 1202 1221 1222 1203 2646 2665 2666 2647
4190 5 2 4 3 1203 1222 1223 1204 2647 2666 2667 2648
4191 5 2 4 3 1204 1223 1224 1205 2648 2667 2668 2649
4192 5 2 4 3 1205 1224 1225 1206 2649 2668 2669 2650
4193 5 2 4 3 1206 1225 1226 1207 2650 2669 2670 2651
4194 5 2 4 3 1207 1226 1227 1208 2651 2670 2671 2652
4195 5 2 4 3 1208 1227 1228 1209 2652 2671 2672 2653
4196 5 2 4 3 1209 1228 1229 1210 2653 2672 2673 2654
4197 5 2 4 3 1210 1229 1230 1211 2654 2673 2674 2655
4198 5 2 4 3 1211 1230 1231 1212 2655 2674 2675 2656
4199 5 2 4 3 1212 1231 1232 1213 2656 2675 2676 2657
4200 5 2 4 3 1213 1232 227 226 2657 2676 414 415
4201 5 2 4 3 208 209 1233 1214 357 356 2677 2658
4202 5 2 4 3 1214 1233 1234 1215 2658 2677 2678 2659
4203 5 2 4 3 1215 1234 1235 1216 2659 2678 2679 2660
4204 5 2 4 3 1216 1235 1236 1217 2660 2679 2680 2661
4205 5 2 4 3 1217 1236 1237 1218 2661 2680 2681 2662
4206 5 2 4 3 1218 1237 1238 1219 2662 2681 2682 2663
4207 5 2 4 3 1219 1238 1239 1220 2663 2682 2683 2664
4208 5 2 4 3 1220 1239 1240 1221 2664 2683 2684 2665
4209 5 2 4 3 1221 1240 1241 1222 2665 2684 2685 2666
4210 5 2 4 3 1222 1241 1242 1223 2666 2685 2686 2667
4211 5 2 4 3 1223 1242 1243 1224 2667 2686 2687 2668
4212 5 2 4 3 1224 1243 1244 1225 2668 2687 2688 2669
4213 5 2 4 3 1225 1244 1245 1226 2669 2688 2689 2670
4214 5 2 4 3 1226 1245 1246 1227 2670 2689 2690 2671
4215 5 2 4 3 1227 1246 1247 1228 2671 2690 2691 2672
4216 5 2 4 3 1228 1247 1248 1229 2672 2691 2692 2673
4217 5 2 4 3 1229 1248 1249 1230 2673 2692 2693 2674
4218 5 2 4 3 1230 1249 1250 1231 2674 2693 2694 2675
4219 5 2 4 3 1231 1250 1251 1232 2675 2694 2695 2676
4220 5 2 4 3 1232 1251 228 227 2676 2695 413 414
4221 5 2 4 3 209 210 1252 1233 356 355 2696 2677
4222 5 2 4 3 1233 1252 1253 1234 2677 2696 2697 2678
4223 5 2 4 3 1234 1253 1254 1235 2678 2697 2698 2679
4224 5 2 4 3 1235 1254 1255 1236 2679 2698 2699 2680
4225 5 2 4 3 1236 1255 1256 1237 2680 2699 2700 2681
4226 5 2 4 3 1237 1256 1257 1238 2681 2700 2701 2682
4227 5 2 4 3 1238 1257 1258 1239 2682 2701 2702 2683
4228 5 2 4 3 1239 1258 1259 1240 2683 2702 2703 2684
4229 5 2 4 3 1240 1259 1260 1241 2684 2703 2704 2685
4230 5 2 4 3 1241 1260 1261 1242 2685 2704 2705 2686
4231 5 2 4 3 1242 1261 1262 1243 2686 2705 2706 2687
4232 5 2 4 3 1243 1262 1263 1244 2687 2706 2707 2688
4233 5 2 4 3 1244 1263 1264 1245 2688 2707 2708 2689
4234 5 2 4 3 1245 1264 1265 1246 2689 2708 2709 2690
4235 5 2 4 3 1246 1265 1266 1247 2690 2709 2710 2691
4236 5 2 4 3 1247 1266 1267 1248 2691 2710 2711 2692
4237 5 2 4 3 1248 1267 1268 1249 2692 2711 2712 2693
4238 5 2 4 3 1249 1268 1269 1250 2693 2712 2713 2694
4239 5 2 4 3 1250 1269 1270 1251 2694 2713 2714 2695
4240 5 2 4 3 1251 1270 229 228 2695 2714 412 413
4241 5 2 4 3 210 211 1271 1252 355 354 2715 2696
4242 5 2 4 3 1252 1271 1272 1253 2696 2715 2716 2697
4243 5 2 4 3 1253 1272 1273 1254 2697 2716 2717 2698
4244 5 2 4 3 1254 1273 1274 1255 2698 2717 2718 2699
4245 5 2 4 3 1255 1274 1275 1256 2699 2718 2719 2700
4246 5 2 4 3 1256 1275 1276 1257 2700 2719 2720 2701
4247 5 2 4 3 1257 1276 1277 1258 2701 2720 2721 2702
4248 5 2 4 3 1258 1277 1278 1259 2702 2721 2722 2703
4249 5 2 4 3 1259 1278 1279 1260 2703 2722 2723 2704
4250 5 2 4 3 1260 1279 1280 1261 2704 2723 2724 2705
4251 5 2 4 3 1261 1280 1281 1262 2705 2724 2725 2706
4252 5 2 4 3 1262 1281 1282 1263 2706 2725 2726 2707
4253 5 2 4 3 1263 1282 1283 1264 2707 2726 2727 2708
4254 5 2 4 3 1264 1283 1284 1265 2708 2727 2728 2709
4255 5 2 4 3 1265 1284 1285 1266 2709 2728 2729 2710
4256 5 2 4 3 1266 1285 1286 1267 2710 2729 2730 2711
4257 5 2 4 3 1267 1286 1287 1268 2711 2730 2731 2712
4258 5 2 4 3 1268 1287 1288 1269 2712 2731 2732 2713
4259 5 2 4 3 1269 1288 1289 1270 2713 2732 2733 2714
4260 5 2 4 3 1270 1289 230 229 2714 2733 411 412
4261 5 2 4 3 211 212 1290 1271 354 353 2734 2715
4262 5 2 4 3 1271 1290 1291 1272 2715 2734 2735 2716
4263 5 2 4 3 1272 1291 1292 1273 2716 2735 2736 2717
4264 5 2 4 3 1273 1292 1293 1274 2717 2736 2737 2718
4265 5 2 4 3 1274 1293 1294 1275 2718 2737 2738 2719
4266 5 2 4 3 1275 1294 1295 1276 2719 2738 2739 2720
4267 5 2 4 3 1276 1295 1296 1277 2720 2739 2740 2721
4268 5 2 4 3 1277 1296 1297 1278 2721 2740 2741 2722
4269 5 2 4 3 1278 1297 1298 1279 2722 2741 2742 2723
4270 5 2 4 3 1279 1298 1299 1280 2723 2742 2743 2724
4271 5 2 4 3 1280 1299 1300 1281 2724 2743 2744 2725
4272 5 2 4 3 1281 1300 1301 1282 2725 2744 2745 2726
4273 5 2 4 3 1282 1301 1302 1283 2726 2745 2746 2727
4274 5 2 4 3 1283 1302 1303 1284 2727 2746 2747 2728
4275 5 2 4 3 1284 1303 1304 1285 2728 2747 2748 2729
4276 5 2 4 3 1285 1304 1305 1286 2729 2748 2749 2730
4277 5 2 4 3 1286 1305 1306 1287 2730 2749 2750 2731
4278 5 2 4 3 1287 1306 1307 1288 2731 2750 2751 2732
4279 5 2 4 3 1288 1307 1308 1289 2732 2751 2752 2733
4280 5 2 4 3 1289 1308 231 230 2733 2752 410 411
4281 5 2 4 3 212 213 1309 1290 353 352 2753 2734
4282 5 2 4 3 1290 1309 1310 1291 2734 2753 2754 2735
4283 5 2 4 3 1291 1310 1311 1292 2735 2754 2755 2736
4284 5 2 4 3 1292 1311 1312 1293 2736 2755 2756 2737
4285 5 2 4 3 1293 1312 1313 1294 2737 2756 2757 2738
4286 5 2 4 3 1294 1313 1314 1295 2738 2757 2758 2739
4287 5 2 4 3 1295 1314 1315 1296 2739 2758 2759 2740
4288 5 2 4 3 1296 1315 1316 1297 2740 2759 2760 2741
4289 5 2 4 3 1297 1316 1317 1298 2741 2760 2761 2742
4290 5 2 4 3 1298 1317 1318 1299 2742 2761 2762 2743
4291 5 2 4 3 1299 1318 1319 1300 2743 2762 2763 2744
4292 5 2 4 3 1300 1319 1320 1301 2744 2763 2764 2745
4293 5 2 4 3 1301 1320 1321 1302 2745 2764 2765 2746
4294 5 2 4 3 1302 1321 1322 1303 2746 2765 2766 2747
4295 5 2 4 3 1303 1322 1323 1304 2747 2766 2767 2748
4296 5 2 4 3 1304 1323 1324 1305 2748 2767 2768 2749
4297 5 2 4 3 1305 1324 1325 1306 2749 2768 2769 2750
4298 5 2 4 3 1306 1325 1326 1307 2750 2769 2770 2751
4299 5 2 4 3 1307 1326 1327 1308 2751 2770 2771 2752
4300 5 2 4 3 1308 1327 232 231 2752 2771 409 410
4301 5 2 4 3 213 214 1328 1309 352 351 2772 2753
4302 5 2 4 3 1309 1328 1329 1310 2753 2772 2773 2754
4303 5 2 4 3 1310 1329 1330 1311 2754 2773 2774 2755
4304 5 2 4 3 1311 1330 1331 1312 2755 2774 2775 2756
4305 5 2 4 3 1312 1331 1332 1313 2756 2775 2776 2757
4306 5 2 4 3 1313 1332 1333 1314 2757 2776 2777 2758
4307 5 2 4 3 1314 1333 1334 1315 2758 2777 2778 2759
4308 5 2 4 3 1315 1334 1335 1316 2759 2778 2779 2760
4309 5 2 4 3 1316 1335 1336 1317 2760 2779 2780 2761
4310 5 2 4 3 1317 1336 1337 1318 2761 2780 2781 2762
4311 5 2 4 3 1318 1337 1338 1319 2762 2781 2782 2763
4312 5 2 4 3 1319 1338 1339 1320 2763 2782 2783 2764
4313 5 2 4 3 1320 1339 1340 1321 2764 2783 2784 2765
4314 5 2 4 3 1321 1340 1341 1322 2765 2784 2785 2766
4315 5 2 4 3 1322 1341 1342 1323 2766 2785 2786 2767
4316 5 2 4 3 1323 1342 1343 1324 2767 2786 2787 2768
4317 5 2 4 3 1324 1343 1344 1325 2768 2787 2788 2769
4318 5 2 4 3 1325 1344 1345 1326 2769 2788 2789 2770
4319 5 2 4 3 1326 1345 1346 1327 2770 2789 2790 2771
4320 5 2 4 3 1327 1346 233 232 2771 2790 408 409
4321 5 2 4 3 214 215 1347 1328 351 350 2791 2772
4322 5 2 4 3 1328 1347 1348 1329 2772 2791 2792 2773
4323 5 2 4 3 1329 1348 1349 1330 2773 2792 2793 2774
4324 5 2 4 3 1330 1349 1350 1331 2774 2793 2794 2775
4325 5 2 4 3 1331 1350 1351 1332 2775 2794 2795 2776
4326 5 2 4 3 1332 1351 1352 1333 2776 2795 2796 2777
4327 5 2 4 3 1333 1352 1353 1334 2777 2796 2797 2778
4328 5 2 4 3 1334 1353 1354 1335 2778 2797 2798 2779
4329 5 2 4 3 1335 1354 1355 1336 2779 2798 2799 2780
4330 5 2 4 3 1336 1355 1356 1337 2780 2799 2800 2781
4331 5 2 4 3 1337 1356 1357 1338 2781 2800 2801 2782
4332 5 2 4 3 1338 1357 1358 1339 2782 2801 2802 2783
4333 5 2 4 3 1339 1358 1359 1340 2783 2802 2803 2784
4334 5 2 4 3 1340 1359 1360 1341 2784 2803 2804 2785
4335 5 2 4 3 1341 1360 1361 1342 2785 2804 2805 2786
4336 5 2 4 3 1342 1361 1362 1343 2786 2805 2806 2787
4337 5 2 4 3 1343 1362 1363 1344 2787 2806 2807 2788
4338 5 2 4 3 1344 1363 1364 1345 2788 2807 2808 2789
4339 5 2 4 3 1345 1364 1365 1346 2789 2808 2809 2790
4340 5 2 4 3 1346 1365 234 233 2790 2809 407 408
4341 5 2 4 3 215 216 1366 1347 350 349 2810 2791
4342 5 2 4 3 1347 1366 1367 1348 2791 2810 2811 2792
4343 5 2 4 3 1348 1367 1368 1349 2792 2811 2812 2793
4344 5 2 4 3 1349 1368 1369 1350 2793 2812 2813 2794
4345 5 2 4 3 1350 1369 1370 1351 2794 2813 2814 2795
4346 5 2 4 3 1351 1370 1371 1352 2795 2814 2815 2796
4347 5 2 4 3 1352 1371 1372 1353 2796 2815 2816 2797
4348 5 2 4 3 1353 1372 1373 1354 2797 2816 2817 2798
4349 5 2 4 3 1354 1373 1374 1355 2798 2817 2818 2799
4350 5 2 4 3 1355 1374 1375 1356 2799 2818 2819 2800
4351 5 2 4 3 1356 1375 1376 1357 2800 2819 2820 2801
4352 5 2 4 3 1357 1376 1377 1358 2801 2820 2821 2802
4353 5 2 4 3 1358 1377 1378 1359 2802 2821 2822 2803
4354 5 2 4 3 1359 1378 1379 1360 2803 2822 2823 2804
4355 5 2 4 3 1360 1379 1380 1361 2804 2823 2824 2805
4356 5 2 4 3 1361 1380 1381 1362 2805 2824 2825 2806
4357 5 2 4 3 1362 1381 1382 1363 2806 2825 2826 2807
4358 5 2 4 3 1363 1382 1383 1364 2807 2826 2827 2808
4359 5 2 4 3 1364 1383 1384 1365 2808 2827 2828 2809
4360 5 2 4 3 1365 1384 235 234 2809 2828 406 407
4361 5 2 4 3 216 217 1385 1366 349 348 2829 2810
4362 5 2 4 3 1366 1385 1386 1367 2810 2829 2830 2811
4363 5 2 4 3 1367 1386 1387 1368 2811 2830 2831 2812
4364 5 2 4 3 1368 1387 1388 1369 2812 2831 2832 2813
4365 5 2 4 3 1369 1388 1389 1370 2813 2832 2833 2814
4366 5 2 4 3 1370 1389 1390 1371 2814 2833 2834 2815
4367 5 2 4 3 1371 1390 1391 1372 2815 2834 2835 2816
4368 5 2 4 3 1372 1391 1392 1373 2816 2835 2836 2817
4369 5 2 4 3 1373 1392 1393 1374 2817 2836 2837 2818
4370 5 2 4 3 1374 1393 1394 1375 2818 2837 2838 2819
4371 5 2 4 3 1375 1394 1395 1376 2819 2838 2839 2820
4372 5 2 4 3 1376 1395 1396 1377 2820 2839 2840 2821
4373 5 2 4 3 1377 1396 1397 1378 2821 2840 2841 2822
4374 5 2 4 3 1378 1397 1398 1379 2822 2841 2842 2823
4375 5 2 4 3 1379 1398 1399 1380 2823 2842 2843 2824
4376 5 2 4 3 1380 1399 1400 1381 2824 2843 2844 2825
4377 5 2 4 3 1381 1400 1401 1382 2825 2844 2845 2826
4378 5 2 4 3 1382 1401 1402 1383 2826 2845 2846 2827
4379 5 2 4 3 1383 1402 1403 1384 2827 2846 2847 2828
4380 5 2 4 3 1384 1403 236 235 2828 2847 405 406
4381 5 2 4 3 217 218 1404 1385 348 347 2848 2829
4382 5 2 4 3 1385 1404 1405 1386 2829 2848 2849 2830
4383 5 2 4 3 1386 1405 1406 1387 2830 2849 2850 2831
4384 5 2 4 3 1387 1406 1407 1388 2831 2850 2851 2832
4385 5 2 4 3 1388 1407 1408 1389 2832 2851 2852 2833
4386 5 2 4 3 1389 1408 1409 1390 2833 2852 2853 2834
4387 5 2 4 3 1390 1409 1410 1391 2834 2853 2854 2835
4388 5 2 4 3 1391 1410 1411 1392 2835 2854 2855 2836
4389 5 2 4 3 1392 1411 1412 1393 2836 2855 2856 2837
4390 5 2 4 3 1393 1412 1413 1394 2837 2856 2857 2838
4391 5 2 4 3 1394 1413 1414 1395 2838 2857 2858 2839
4392 5 2 4 3 1395 1414 1415 1396 2839 2858 2859 2840
4393 5 2 4 3 1396 1415 1416 1397 2840 2859 2860 2841
4394 5 2 4 3 1397 1416 1417 1398 2841 2860 2861 2842
4395 5 2 4 3 1398 1417 1418 1399 2842 2861 2862 2843
4396 5 2 4 3 1399 1418 1419 1400 2843 2862 2863 2844
4397 5 2 4 3 1400 1419 1420 1401 2844 2863 2864 2845
4398 5 2 4 3 1401 1420 1421 1402 2845 2864 2865 2846
4399 5 2 4 3 1402 1421 1422 1403 2846 2865 2866 2847
4400 5 2 4 3 1403 1422 237 236 2847 2866 404 405
4401 5 2 4 3 218 219 1423 1404 347 346 2867 2848
4402 5 2 4 3 1404 1423 1424 1405 2848 2867 2868 2849
4403 5 2 4 3 1405 1424 1425 1406 2849 2868 2869 2850
4404 5 2 4 3 1406 1425 1426 1407 2850 2869 2870 2851
4405 5 2 4 3 1407 1426 1427 1408 2851 2870 2871 2852
4406 5 2 4 3 1408 1427 1428 1409 2852 2871 2872 2853
4407 5 2 4 3 1409 1428 1429 1410 2853 2872 2873 2854
4408 5 2 4 3 1410 1429 1430 1411 2854 2873 2874 2855
4409 5 2 4 3 1411 1430 1431 1412 2855 2874 2875 2856
4410 5 2 4 3 1412 1431 1432 1413 2856 2875 2876 2857
4411 5 2 4 3 1413 1432 1433 1414 2857 2876 2877 2858
4412 5 2 4 3 1414 1433 1434 1415 2858 2877 2878 2859
4413 5 2 4 3 1415 1434 1435 1416 2859 2878 2879 2860
4414 5 2 4 3 1416 1435 1436 1417 2860 2879 2880 2861
4415 5 2 4 3 1417 1436 1437 1418 2861 2880 2881 2862
4416 5 2 4 3 1418 1437 1438 1419 2862 2881 2882 2863
4417 5 2 4 3 1419 1438 1439 1420 2863 2882 2883 2864
4418 5 2 4 3 1420 1439 1440 1421 2864 2883 2884 2865
4419 5 2 4 3 1421 1440 1441 1422 2865 2884 2885 2866
4420 5 2 4 3 1422 1441 238 237 2866 2885 403 404
4421 5 2 4 3 219 220 1442 1423 346 345 2886 2867
4422 5 2 4 3 1423 1442 1443 1424 2867 2886 2887 2868
4423 5 2 4 3 1424 1443 1444 1425 2868 2887 2888 2869
4424 5 2 4 3 1425 1444 1445 1426 2869 2888 2889 2870
4425 5 2 4 3 1426 1445 1446 1427 2870 2889 2890 2871
4426 5 2 4 3 1427 1446 1447 1428 2871 2890 2891 2872
4427 5 2 4 3 1428 1447 1448 1429 2872 2891 2892 2873
4428 5 2 4 3 1429 1448 1449 1430 2873 2892 2893 2874
4429 5 2 4 3 1430 1449 1450 1431 2874 2893 2894 2875
4430 5 2 4 3 1431 1450 1451 1432 2875 2894 2895 2876
4431 5 2 4 3 1432 1451 1452 1433 2876 2895 2896 2877
4432 5 2 4 3 1433 1452 1453 1434 2877 2896 2897 2878
4433 5 2 4 3 1434 1453 1454 1435 2878 2897 2898 2879
4434 5 2 4 3 1435 1454 1455 1436 2879 2898 2899 2880
4435 5 2 4 3 1436 1455 1456 1437 2880 2899 2900 2881
4436 5 2 4 3 1437 1456 1457 1438 2881 2900 2901 2882
4437 5 2 4 3 1438 1457 1458 1439 2882 2901 2902 2883
4438 5 2 4 3 1439 1458 1459 1440 2883 2902 2903 2884
4439 5 2 4 3 1440 1459 1460 1441 2884 2903 2904 2885
4440 5 2 4 3 1441 1460 239 238 2885 2904 402 403
4441 5 2 4 3 220 221 1461 1442 345 344 2905 2886
4442 5 2 4 3 1442 1461 1462 1443 2886 2905 2906 2887
4443 5 2 4 3 1443 1462 1463 1444 2887 2906 2907 2888
4444 5 2 4 3 1444 1463 1464 1445 2888 2907 2908 2889
4445 5 2 4 3 1445 1464 1465 1446 2889 2908 2909 2890
4446 5 2 4 3 1446 1465 1466 1447 2890 2909 2910 2891
4447 5 2 4 3 1447 1466 1467 1448 2891 2910 2911 2892
4448 5 2 4 3 1448 1467 1468 1449 2892 2911 2912 2893
4449 5 2 4 3 1449 1468 1469 1450 2893 2912 2913 2894
4450 5 2 4 3 1450 1469 1470 1451 2894 2913 2914 2895
4451 5 2 4 3 1451 1470 1471 1452 2895 2914 2915 2896
4452 5 2 4 3 1452 1471 1472 1453 2896 2915 2916 2897
4453 5 2 4 3 1453 1472 1473 1454 2897 2916 2917 2898
4454 5 2 4 3 1454 1473 1474 1455 2898 2917 2918 2899
4455 5 2 4 3 1455 1474 1475 1456 2899 2918 2919 2900
4456 5 2 4 3 1456 1475 1476 1457 2900 2919 2920 2901
4457 5 2 4 3 1457 1476 1477 1458 2901 2920 2921 2902
4458 5 2 4 3 1458 1477 1478 1459 2902 2921 2922 2903
4459 5 2 4 3 1459 1478 1479 1460 2903 2922 2923 2904
4460 5 2 4 3 1460 1479 240 239 2904 2923 401 402
4461 5 2 4 3 221 222 1480 1461 344 343 2924 2905
4462 5 2 4 3 1461 1480 1481 1462 2905 2924 2925 2906
4463 5 2 4 3 1462 1481 1482 1463 2906 2925 2926 2907
4464 5 2 4 3 1463 1482 1483 1464 2907 2926 2927 2908
4465 5 2 4 3 1464 1483 1484 1465 2908 2927 2928 2909
4466 5 2 4 3 1465 1484 1485 1466 2909 2928 2929 2910
4467 5 2 4 3 1466 1485 1486 1467 2910 2929 2930 2911
4468 5 2 4 3 1467 1486 1487 1468 2911 2930 2931 2912
4469 5 2 4 3 1468 1487 1488 1469 2912 2931 2932 2913
4470 5 2 4 3 1469 1488 1489 1470 2913 2932 2933 2914
4471 5 2 4 3 1470 1489 1490 1471 2914 2933 2934 2915
4472 5 2 4 3 1471 1490 1491 1472 2915 2934 2935 2916
4473 5 2 4 3 1472 1491 1492 1473 2916 2935 2936 2917
4474 5 2 4 3 1473 1492 1493 1474 2917 2936 2937 2918
4475 5 2 4 3 1474 1493 1494 1475 2918 2937 2938 2919
4476 5 2 4 3 1475 1494 1495 1476 2919 2938 2939 2920
4477 5 2 4 3 1476 1495 1496 1477 2920 2939 2940 2921
4478 5 2 4 3 1477 1496 1497 1478 2921 2940 2941 2922
4479 5 2 4 3 1478 1497 1498 1479 2922 2941 2942 2923
4480 5 2 4 3 1479 1498 241 240 2923 2942 400 401
4481 5 2 4 3 222 223 1499 1480 343 342 2943 2924
4482 5 2 4 3 1480 1499 1500 1481 2924 2943 2944 2925
4483 5 2 4 3 1481 1500 1501 1482 2925 2944 2945 2926
4484 5 2 4 3 1482 1501 1502 1483 2926 2945 2946 2927
4485 5 2 4 3 1483 1502 1503 1484 2927 2946 2947 2928
4486 5 2 4 3 1484 1503 1504 1485 2928 2947 2948 2929
4487 5 2 4 3 1485 1504 1505 1486 2929 2948 2949 2930
4488 5 2 4 3 1486 1505 1506 1487 2930 2949 2950 2931
4489 5 2 4 3 1487 1506 1507 1488 2931 2950 2951 2932
4490 5 2 4 3 1488 1507 1508 1489 2932 2951 2952 2933
4491 5 2 4 3 1489 1508 1509 1490 2933 2952 2953 2934
4492 5 2 4 3 1490 1509 1510 1491 2934 2953 2954 2935
4493 5 2 4 3 1491 1510 1511 1492 2935 2954 2955 2936
4494 5 2 4 3 1492 1511 1512 1493 2936 2955 2956 2937
4495 5 2 4 3 1493 1512 1513 1494 2937 2956 2957 2938
4496 5 2 4 3 1494 1513 1514 1495 2938 2957 2958 2939
4497 5 2 4 3 1495 1514 1515 1496 2939 2958 2959 2940
4498 5 2 4 3 1496 1515 1516 1497 2940 2959 2960 2941
4499 5 2 4 3 1497 1516 1517 1498 2941 2960 2961 2942
4500 5 2 4 3 1498 1517 242 241 2942 2961 399 400
4501 5 2 4 3 223 224 1518 1499 342 341 2962 2943
4502 5 2 4 3 1499 1518 1519 1500 2943 2962 2963 2944
4503 5 2 4 3 1500 1519 1520 1501 2944 2963 2964 2945
4504 5 2 4 3 1501 1520 1521 1502 2945 2964 2965 2946
4505 5 2 4 3 1502 1521 1522 1503 2946 2965 2966 2947
4506 5 2 4 3 1503 1522 1523 1504 2947 2966 2967 2948
4507 5 2 4 3 1504 1523 1524 1505 2948 2967 2968 2949
4508 5 2 4 3 1505 1524 1525 1506 2949 2968 2969 2950
4509 5 2 4 3 1506 1525 1526 1507 2950 2969 2970 2951
4510 5 2 4 3 1507 1526 1527 1508 2951 2970 2971 2952
4511 5 2 4 3 1508 1527 1528 1509 2952 2971 2972 2953
4512 5 2 4 3 1509 1528 1529 1510 2953 2972 2973 2954
4513 5 2 4 3 1510 1529 1530 1511 2954 2973 2974 2955
4514 5 2 4 3 1511 1530 1531 1512 2955 2974 2975 2956
4515 5 2 4 3 1512 1531 1532 1513 2956 2975 2976 2957
4516 5 2 4 3 1513 1532 1533 1514 2957 2976 2977 2958
4517 5 2 4 3 1514 1533 1534 1515 2958 2977 2978 2959
4518 5 2 4 3 1515 1534 1535 1516 2959 2978 2979 2960
4519 5 2 4 3 1516 1535 1536 1517 2960 2979 2980 2961
4520 5 2 4 3 1517 1536 243 242 2961 2980 398 399
4521 5 2 4 3 224 225 1537 1518 341 340 2981 2962
4522 5 2 4 3 1518 1537 1538 1519 2962 2981 2982 2963
4523 5 2 4 3 1519 1538 1539 1520 2963 2982 2983 2964
4524 5 2 4 3 1520 1539 1540 1521 2964 2983 2984 2965
4525 5 2 4 3 1521 1540 1541 1522 2965 2984 2985 2966
4526 5 2 4 3 1522 1541 1542 1523 2966 2985 2986 2967
4527 5 2 4 3 1523 1542 1543 1524 2967 2986 2987 2968
4528 5 2 4 3 1524 1543 1544 1525 2968 2987 2988 2969
4529 5 2 4 3 1525 1544 1545 1526 2969 2988 2989 2970
4530 5 2 4 3 1526 1545 1546 1527 2970 2989 2990 2971
4531 5 2 4 3 1527 1546 1547 1528 2971 2990 2991 2972
4532 5 2 4 3 1528 1547 1548 1529 2972 2991 2992 2973
4533 5 2 4 3 1529 1548 1549 1530 2973 2992 2993 2974
4534 5 2 4 3 1530 1549 1550 1531 2974 2993 2994 2975
4535 5 2 4 3 1531 1550 1551 1532 2975 2994 2995 2976
4536 5 2 4 3 1532 1551 1552 1533 2976 2995 2996 2977
4537 5 2 4 3 1533 1552 1553 1534 2977 2996 2997 2978
4538 5 2 4 3 1534 1553 1554 1535 2978 2997 2998 2979
4539 5 2 4 3 1535 1554 1555 1536 2979 2998 2999 2980
4540 5 2 4 3 1536 1555 244 243 2980 2999 397 398
4541 5 2 4 3 225 7 131 1537 340 13 378 2981
4542 5 2 4 3 1537 131 132 1538 2981 378 379 2982
4543 5 2 4 3 1538 132 133 1539 2982 379 380 2983
4544 5 2 4 3 1539 133 134 1540 2983 380 381 2984
4545 5 2 4 3 1540 134 135 1541 2984 381 382 2985
4546 5 2 4 3 1541 135 136 1542 2985 382 383 2986
4547 5 2 4 3 1542 136 137 1543 2986 383 384 2987
4548 5 2 4 3 1543 137 138 1544 2987 384 385 2988
4549 5 2 4 3 1544 138 139 1545 2988 385 386 2989
4550 5 2 4 3 1545 139 140 1546 2989 386 387 2990
4551 5 2 4 3 1546 140 141 1547 2990 387 388 2991
4552 5 2 4 3 1547 141 142 1548 2991 388 389 2992
4553 5 2 4 3 1548 142 143 1549 2992 389 390 2993
4554 5 2 4 3 1549 143 144 1550 2993 390 391 2994
4555 5 2 4 3 1550 144 145 1551 2994 391 392 2995
4556 5 2 4 3 1551 145 146 1552 2995 392 393 2996
4557 5 2 4 3 1552 146 147 1553 2996 393 394 2997
4558 5 2 4 3 1553 147 148 1554 2997 394 395 2998
4559 5 2 4 3 1554 148 149 1555 2998 395 396 2999
4560 5 2 4 3 1555 149 8 244 2999 396 15 397
4561 5 2 4 4 4 226 1556 74 16 415 3000 472
4562 5 2 4 4 74 1556 1557 75 472 3000 3001 471
4563 5 2 4 4 75 1557 1558 76 471 3001 3002 470
4564 5 2 4 4 76 1558 1559 77 470 3002 3003 469
4565 5 2 4 4 77 1559 1560 78 469 3003 3004 468
4566 5 2 4 4 78 1560 1561 79 468 3004 3005 467
4567 5 2 4 4 79 1561 1562 80 467 3005 3006 466
4568 5 2 4 4 80 1562 1563 81 466 3006 3007 465
4569 5 2 4 4 81 1563 1564 82 465 3007 3008 464
4570 5 2 4 4 82 1564 1565 83 464 3008 3009 463
4571 5 2 4 4 83 1565 1566 84 463 3009 3010 462
4572 5 2 4 4 84 1566 1567 85 462 3010 3011 461
4573 5 2 4 4 85 1567 1568 86 461 3011 3012 460
4574 5 2 4 4 86 1568 1569 87 460 3012 3013 459
4575 5 2 4 4 87 1569 1570 88 459 3013 3014 458
4576 5 2 4 4 88 1570 1571 89 458 3014 3015 457
4577 5 2 4 4 89 1571 1572 90 457 3015 3016 456
4578 5 2 4 4 90 1572 1573 91 456 3016 3017 455
4579 5 2 4 4 91 1573 1574 92 455 3017 3018 454
4580 5 2 4 4 92 1574 169 1 454 3018 245 9
4581 5 2 4 4 226 227 1575 1556 415 414 3019 3000
4582 5 2 4 4 1556 1575 1576 1557 3000 3019 3020 3001
4583 5 2 4 4 1557 1576 1577 1558 3001 3020 3021 3002
4584 5 2 4 4 1558 1577 1578 1559 3002 3021 3022 3003
4585 5 2 4 4 1559 1578 1579 1560 3003 3022 3023 3004
4586 5 2 4 4 1560 1579 1580 1561 3004 3023 3024 3005
4587 5 2 4 4 1561 1580 1581 1562 3005 3024 3025 3006
4588 5 2 4 4 1562 1581 1582 1563 3006 3025 3026 3007
4589 5 2 4 4 1563 1582 1583 1564 3007 3026 3027 3008
4590 5 2 4 4 1564 1583 1584 1565 3008 3027 3028 3009
4591 5 2 4 4 1565 1584 1585 1566 3009 3028 3029 3010
4592 5 2 4 4 1566 1585 1586 1567 3010 3029 3030 3011
4593 5 2 4 4 1567 1586 1587 1568 3011 3030 3031 3012
4594 5 2 4 4 1568 1587 1588 1569 3012 3031 3032 3013
4595 5 2 4 4 1569 1588 1589 1570 3013 3032 3033 3014
4596 5 2 4 4 1570 1589 1590 1571 3014 3033 3034 3015
4597 5 2 4 4 1571 1590 1591 1572 3015 3034 3035 3016
4598 5 2 4 4 1572 1591 1592 1573 3016 3035 3036 3017
4599 5 2 4 4 1573 1592 1593 1574 3017 3036 3037 3018
4600 5 2 4 4 1574 1593 170 169 3018 3037 246 245
4601 5 2 4 4 227 228 1594 1575 414 413 3038 3019
4602 5 2 4 4 1575 1594 1595 1576 3019 3038 3039 3020
4603 5 2 4 4 1576 1595 1596 1577 3020 3039 3040 3021
4604 5 2 4 4 1577 1596 1597 1578 3021 3040 3041 3022
4605 5 2 4 4 1578 1597 1598 1579 3022 3041 3042 3023
4606 5 2 4 4 1579 1598 1599 1580 3023 3042 3043 3024
4607 5 2 4 4 1580 1599 1600 1581 3024 3043 3044 3025
4608 5 2 4 4 1581 1600 1601 1582 3025 3044 3045 3026
4609 5 2 4 4 1582 1601 1602 1583 3026 3045 3046 3027
4610 5 2 4 4 1583 1602 1603 1584 3027 3046 3047 3028
4611 5 2 4 4 1584 1603 1604 1585 3028 3047 3048 3029
4612 5 2 4 4 1585 1604 1605 1586 3029 3048 3049 3030
4613 5 2 4 4 1586 1605 1606 1587 3030 3049 3050 3031
4614 5 2 4 4 1587 1606 1607 1588 3031 3050 3051 3032
4615 5 2 4 4 1588 1607 1608 1589 3032 3051 3052 3033
4616 5 2 4 4 1589 1608 1609 1590 3033 3052 3053 3034
4617 5 2 4 4 1590 1609 1610 1591 3034 3053 3054 3035
4618 5 2 4 4 1591 1610 1611 1592 3035 3054 3055 3036
4619 5 2 4 4 1592 1611 1612 1593 3036 3055 3056 3037
4620 5 2 4 4 1593 1612 171 170 3037 3056 247 246
4621 5 2 4 4 228 229 1613 1594 413 412 3057 3038
4622 5 2 4 4 1594 1613 1614 1595 3038 3057 3058 3039
4623 5 2 4 4 1595 1614 1615 1596 3039 3058 3059 3040
4624 5 2 4 4 1596 1615 1616 1597 3040 3059 3060 3041
4625 5 2 4 4 1597 1616 1617 1598 3041 3060 3061 3042
4626 5 2 4 4 1598 1617 1618 1599 3042 3061 3062 3043
4627 5 2 4 4 1599 1618 1619 1600 3043 3062 3063 3044
4628 5 2 4 4 1600 1619 1620 1601 3044 3063 3064 3045
4629 5 2 4 4 1601 1620 1621 1602 3045 3064 3065 3046
4630 5 2 4 4 1602 1621 1622 1603 3046 3065 3066 3047
4631 5 2 4 4 1603 1622 1623 1604 3047 3066 3067 3048
4632 5 2 4 4 1604 1623 1624 1605 3048 3067 3068 3049
4633 5 2 4 4 1605 1624 1625 1606 3049 3068 3069 3050
4634 5 2 4 4 1606 1625 1626 1607 3050 3069 3070 3051
4635 5 2 4 4 1607 1626 1627 1608 3051 3070 3071 3052
4636 5 2 4 4 1608 1627 1628 1609 3052 3071 3072 3053
4637 5 2 4 4 1609 1628 1629 1610 3053 3072 3073 3054
4638 5 2 4 4 1610 1629 1630 1611 3054 3073 3074 3055
4639 5 2 4 4 1611 1630 1631 1612 3055 3074 3075 3056
4640 5 2 4 4 1612 1631 172 171 3056 3075 248 247
4641 5 2 4 4 229 230 1632 1613 412 411 3076 3057
4642 5 2 4 4 1613 1632 1633 1614 3057 3076 3077 3058
4643 5 2 4 4 1614 1633 1634 1615 3058 3077 3078 3059
4644 5 2 4 4 1615 1634 1635 1616 3059 3078 3079 3060
4645 5 2 4 4 1616 1635 1636 1617 3060 3079 3080 3061
4646 5 2 4 4 1617 1636 1637 1618 3061 3080 3081 3062
4647 5 2 4 4 1618 1637 1638 1619 3062 3081 3082 3063
4648 5 2 4 4 1619 1638 1639 1620 3063 3082 3083 3064
4649 5 2 4 4 1620 1639 1640 1621 3064 3083 3084 3065
4650 5 2 4 4 1621 1640 1641 1622 3065 3084 3085 3066
4651 5 2 4 4 1622 1641 1642 1623 3066 3085 3086 3067
4652 5 2 4 4 1623 1642 1643 1624 3067 3086 3087 3068
4653 5 2 4 4 1624 1643 1644 1625 3068 3087 3088 3069
4654 5 2 4 4 1625 1644 1645 1626 3069 3088 3089 3070
4655 5 2 4 4 1626 1645 1646 1627 3070 3089 3090 3071
4656 5 2 4 4 1627 1646 1647 1628 3071 3090 3091 3072
4657 5 2 4 4 1628 1647 1648 1629 3072 3091 3092 3073
4658 5 2 4 4 1629 1648 1649 1630 3073 3092 3093 3074
4659 5 2 4 4 1630 1649 1650 1631 3074 3093 3094 3075
4660 5 2 4 4 1631 1650 173 172 3075 3094 249 248
4661 5 2 4 4 230 231 1651 1632 411 410 3095 3076
4662 5 2 4 4 1632 1651 1652 1633 3076 3095 3096 3077
4663 5 2 4 4 1633 1652 1653 1634 3077 3096 3097 3078
4664 5 2 4 4 1634 1653 1654 1635 3078 3097 3098 3079
4665 5 2 4 4 1635 1654 1655 1636 3079 3098 3099 3080
4666 5 2 4 4 1636 1655 1656 1637 3080 3099 3100 3081
4667 5 2 4 4 1637 1656 1657 1638 3081 3100 3101 3082
4668 5 2 4 4 1638 1657 1658 1639 3082 3101 3102 3083
4669 5 2 4 4 1639 1658 1659 1640 3083 3102 3103 3084
4670 5 2 4 4 1640 1659 1660 1641 3084 3103 3104 3085
4671 5 2 4 4 1641 1660 1661 1642 3085 3104 3105 3086
4672 5 2 4 4 1642 1661 1662 1643 3086 3105 3106 3087
4673 5 2 4 4 1643 1662 1663 1644 3087 3106 3107 3088
4674 5 2 4 4 1644 1663 1664 1645 3088 3107 3108 3089
4675 5 2 4 4 1645 1664 1665 1646 3089 3108 3109 3090
4676 5 2 4 4 1646 1665 1666 1647 3090 3109 3110 3091
4677 5 2 4 4 1647 1666 1667 1648 3091 3110 3111 3092
4678 5 2 4 4 1648 1667 1668 1649 3092 3111 3112 3093
4679 5 2 4 4 1649 1668 1669 1650 3093 3112 3113 3094
4680 5 2 4 4 1650 1669 174 173 3094 3113 250 249
4681 5 2 4 4 231 232 1670 1651 410 409 3114 3095
4682 5 2 4 4 1651 1670 1671 1652 3095 3114 3115 3096
4683 5 2 4 4 1652 1671 1672 1653 3096 3115 3116 3097
4684 5 2 4 4 1653 1672 1673 1654 3097 3116 3117 3098
4685 5 2 4 4 1654 1673 1674 1655 3098 3117 3118 3099
4686 5 2 4 4 1655 1674 1675 1656 3099 3118 3119 3100
4687 5 2 4 4 1656 1675 1676 1657 3100 3119 3120 3101
4688 5 2 4 4 1657 1676 1677 1658 3101 3120 3121 3102
4689 5 2 4 4 1658 1677 1678 1659 3102 3121 3122 3103
4690 5 2 4 4 1659 1678 1679 1660 3103 3122 3123 3104
4691 5 2 4 4 1660 1679 1680 1661 3104 3123 3124 3105
4692 5 2 4 4 1661 1680 1681 1662 3105 3124 3125 3106
4693 5 2 4 4 1662 1681 1682 1663 3106 3125 3126 3107
4694 5 2 4 4 1663 1682 1683 1664 3107 3126 3127 3108
4695 5 2 4 4 1664 1683 1684 1665 3108 3127 3128 3109
4696 5 2 4 4 1665 1684 1685 1666 3109 3128 3129 3110
4697 5 2 4 4 1666 1685 1686 1667 3110 3129 3130 3111
4698 5 2 4 4 1667 1686 1687 1668 3111 3130 3131 3112
4699 5 2 4 4 1668 1687 1688 1669 3112 3131 3132 3113
4700 5 2 4 4 1669 1688 175 174 3113 3132 251 250
4701 5 2 4 4 232 233 1689 1670 409 408 3133 3114
4702 5 2 4 4 1670 1689 1690 1671 3114 3133 3134 3115
4703 5 2 4 4 1671 1690 1691 1672 3115 3134 3135 3116
4704 5 2 4 4 1672 1691 1692 1673 3116 3135 3136 3117
4705 5 2 4 4 1673 1692 1693 1674 3117 3136 3137 3118
4706 5 2 4 4 1674 1693 1694 1675 3118 3137 3138 3119
4707 5 2 4 4 1675 1694 1695 1676 3119 3138 3139 3120
4708 5 2 4 4 1676 1695 1696 1677 3120 3139 3140 3121
4709 5 2 4 4 1677 1696 1697 1678 3121 3140 3141 3122
4710 5 2 4 4 1678 1697 1698 1679 3122 3141 3142 3123
4711 5 2 4 4 1679 1698 1699 1680 3123 3142 3143 3124
4712 5 2 4 4 1680 1699 1700 1681 3124 3143 3144 3125
4713 5 2 4 4 1681 1700 1701 1682 3125 3144 3145 3126
4714 5 2 4 4 1682 1701 1702 1683 3126 3145 3146 3127
4715 5 2 4 4 1683 1702 1703 1684 3127 3146 3147 3128
4716 5 2 4 4 1684 1703 1704 1685 3128 3147 3148 3129
4717 5 2 4 4 1685 1704 1705 1686 3129 3148 3149 3130
4718 5 2 4 4 1686 1705 1706 1687 3130 3149 3150 3131
4719 5 2 4 4 1687 1706 1707 1688 3131 3150 3151 3132
4720 5 2 4 4 1688 1707 176 175 3132 3151 252 251
4721 5 2 4 4 233 234 1708 1689 408 407 3152 3133
4722 5 2 4 4 1689 1708 1709 1690 3133 3152 3153 3134
4723 5 2 4 4 1690 1709 1710 1691 3134 3153 3154 3135
4724 5 2 4 4 1691 1710 1711 1692 3135 3154 3155 3136
4725 5 2 4 4 1692 1711 1712 1693 3136 3155 3156 3137
4726 5 2 4 4 1693 1712 1713 1694 3137 3156 3157 3138
4727 5 2 4 4 1694 1713 1714 1695 3138 3157 3158 3139
4728 5 2 4 4 1695 1714 1715 1696 3139 3158 3159 3140
4729 5 2 4 4 1696 1715 1716 1697 3140 3159 3160 3141
4730 5 2 4 4 1697 1716 1717 1698 3141 3160 3161 3142
4731 5 2 4 4 1698 1717 1718 1699 3142 3161 3162 3143
4732 5 2 4 4 1699 1718 1719 1700 3143 3162 3163 3144
4733 5 2 4 4 1700 1719 1720 1701 3144 3163 3164 3145
4734 5 2 4 4 1701 1720 1721 1702 3145 3164 3165 3146
4735 5 2 4 4 1702 1721 1722 1703 3146 3165 3166 3147
4736 5 2 4 4 1703 1722 1723 1704 3147 3166 3167 3148
4737 5 2 4 4 1704 1723 1724 1705 3148 3167 3168 3149
4738 5 2 4 4 1705 1724 1725 1706 3149 3168 3169 3150
4739 5 2 4 4 1706 1725 1726 1707 3150 3169 3170 3151
4740 5 2 4 4 1707 1726 177 176 3151 3170 253 252
4741 5 2 4 4 234 235 1727 1708 407 406 3171 3152
4742 5 2 4 4 1708 1727 1728 1709 3152 3171 3172 3153
4743 5 2 4 4 1709 1728 1729 1710 3153 3172 3173 3154
4744 5 2 4 4 1710 1729 1730 1711 3154 3173 3174 3155
4745 5 2 4 4 1711 1730 1731 1712 3155 3174 3175 3156
4746 5 2 4 4 1712 1731 1732 1713 3156 3175 3176 3157
4747 5 2 4 4 1713 1732 1733 1714 3157 3176 3177 3158
4748 5 2 4 4 1714 1733 1734 1715 3158 3177 3178 3159
4749 5 2 4 4 1715 1734 1735 1716 3159 3178 3179 3160
4750 5 2 4 4 1716 1735 1736 1717 3160 3179 3180 3161
4751 5 2 4 4 1717 1736 1737 1718 3161 3180 3181 3162
4752 5 2 4 4 1718 1737 1738 1719 3162 3181 3182 3163
4753 5 2 4 4 1719 1738 1739 1720 3163 3182 3183 3164
4754 5 2 4 4 1720 1739 1740 1721 3164 3183 3184 3165
4755 5 2 4 4 1721 1740 1741 1722 3165 3184 3185 3166
4756 5 2 4 4 1722 1741 1742 1723 3166 3185 3186 3167
4757 5 2 4 4 1723 1742 1743 1724 3167 3186 3187 3168
4758 5 2 4 4 1724 1743 1744 1725 3168 3187 3188 3169
4759 5 2 4 4 1725 1744 1745 1726 3169 3188 3189 3170
4760 5 2 4 4 1726 1745 178 177 3170 3189 254 253
4761 5 2 4 4 235 236 1746 1727 406 405 3190 3171
4762 5 2 4 4 1727 1746 1747 1728 3171 3190 3191 3172
4763 5 2 4 4 1728 1747 1748 1729 3172 3191 3192 3173
4764 5 2 4 4 1729 1748 1749 1730 3173 3192 3193 3174
4765 5 2 4 4 1730 1749 1750 1731 3174 3193 3194 3175
4766 5 2 4 4 1731 1750 1751 1732 3175 3194 3195 3176
4767 5 2 4 4 1732 1751 1752 1733 3176 3195 3196 3177
4768 5 2 4 4 1733 1752 1753 1734 3177 3196 3197 3178
4769 5 2 4 4 1734 1753 1754 1735 3178 3197 3198 3179
4770 5 2 4 4 1735 1754 1755 1736 3179 3198 3199 3180
4771 5 2 4 4 1736 1755 1756 1737 3180 3199 3200 3181
4772 5 2 4 4 1737 1756 1757 1738 3181 3200 3201 3182
4773 5 2 4 4 1738 1757 1758 1739 3182 3201 3202 3183
4774 5 2 4 4 1739 1758 1759 1740 3183 3202 3203 3184
4775 5 2 4 4 1740 1759 1760 1741 3184 3203 3204 3185
4776 5 2 4 4 1741 1760 1761 1742 3185 3204 3205 3186
4777 5 2 4 4 1742 1761 1762 1743 3186 3205 3206 3187
4778 5 2 4 4 1743 1762 1763 1744 3187 3206 3207 3188
4779 5 2 4 4 1744 1763 1764 1745 3188 3207 3208 3189
4780 5 2 4 4 1745 1764 179 178 3189 3208 255 254
4781 5 2 4 4 236 237 1765 1746 405 404 3209 3190
4782 5 2 4 4 1746 1765 1766 1747 3190 3209 3210 3191
4783 5 2 4 4 1747 1766 1767 1748 3191 3210 3211 3192
4784 5 2 4 4 1748 1767 1768 1749 3192 3211 3212 3193
4785 5 2 4 4 1749 1768 1769 1750 3193 3212 3213 3194
4786 5 2 4 4 1750 1769 1770 1751 3194 3213 3214 3195
4787 5 2 4 4 1751 1770 1771 1752 3195 3214 3215 3196
4788 5 2 4 4 1752 1771 1772 1753 3196 3215 3216 3197
4789 5 2 4 4 1753 1772 1773 1754 3197 3216 3217 3198
4790 5 2 4 4 1754 1773 1774 1755 3198 3217 3218 3199
4791 5 2 4 4 1755 1774 1775 1756 3199 3218 3219 3200
4792 5 2 4 4 1756 1775 1776 1757 3200 3219 3220 3201
4793 5 2 4 4 1757 1776 1777 1758 3201 3220 3221 3202
4794 5 2 4 4 1758 1777 1778 1759 3202 3221 3222 3203
4795 5 2 4 4 1759 1778 1779 1760 3203 3222 3223 3204
4796 5 2 4 4 1760 1779 1780 1761 3204 3223 3224 3205
4797 5 2 4 4 1761 1780 1781 1762 3205 3224 3225 3206
4798 5 2 4 4 1762 1781 1782 1763 3206 3225 3226 3207
4799 5 2 4 4 1763 1782 1783 1764 3207 3226 3227 3208
4800 5 2 4 4 1764 1783 180 179 3208 3227 256 255
4801 5 2 4 4 237 238 1784 1765 404 403 3228 3209
4802 5 2 4 4 1765 1784 1785 1766 3209 3228 3229 3210
4803 5 2 4 4 1766 1785 1786 1767 3210 3229 3230 3211
4804 5 2 4 4 1767 1786 1787 1768 3211 3230 3231 3212
4805 5 2 4 4 1768 1787 1788 1769 3212 3231 3232 3213
4806 5 2 4 4 1769 1788 1789 1770 3213 3232 3233 3214
4807 5 2 4 4 1770 1789 1790 1771 3214 3233 3234 3215
4808 5 2 4 4 1771 1790 1791 1772 3215 3234 3235 3216
4809 5 2 4 4 1772 1791 1792 1773 3216 3235 3236 3217
4810 5 2 4 4 1773 1792 1793 1774 3217 3236 3237 3218
4811 5 2 4 4 1774 1793 1794 1775 3218 3237 3238 3219
4812 5 2 4 4 1775 1794 1795 1776 3219 3238 3239 3220
4813 5 2 4 4 1776 1795 1796 1777 3220 3239 3240 3221
4814 5 2 4 4 1777 1796 1797 1778 3221 3240 3241 3222
4815 5 2 4 4 1778 1797 1798 1779 3222 3241 3242 3223
4816 5 2 4 4 1779 1798 1799 1780 3223 3242 3243 3224
4817 5 2 4 4 1780 1799 1800 1781 3224 3243 3244 3225
4818 5 2 4 4 1781 1800 1801 1782 3225 3244 3245 3226
4819 5 2 4 4 1782 1801 1802 1783 3226 3245 3246 3227
4820 5 2 4 4 1783 1802 181 180 3227 3246 257 256
4821 5 2 4 4 238 239 1803 1784 403 402 3247 3228
4822 5 2 4 4 1784 1803 1804 1785 3228 3247 3248 3229
4823 5 2 4 4 1785 1804 1805 1786 3229 3248 3249 3230
4824 5 2 4 4 1786 1805 1806 1787 3230 3249 3250 3231
4825 5 2 4 4 1787 1806 1807 1788 3231 3250 3251 3232
4826 5 2 4 4 1788 1807 1808 1789 3232 3251 3252 3233
4827 5 2 4 4 1789 1808 1809 1790 3233 3252 3253 3234
4828 5 2 4 4 1790 1809 1810 1791 3234 3253 3254 3235
4829 5 2 4 4 1791 1810 1811 1792 3235 3254 3255 3236
4830 5 2 4 4 1792 1811 1812 1793 3236 3255 3256 3237
4831 5 2 4 4 1793 1812 1813 1794 3237 3256 3257 3238
4832 5 2 4 4 1794 1813 1814 1795 3238 3257 3258 3239
4833 5 2 4 4 1795 1814 1815 1796 3239 3258 3259 3240
4834 5 2 4 4 1796 1815 1816 1797 3240 3259 3260 3241
4835 5 2 4 4 1797 1816 1817 1798 3241 3260 3261 3242
4836 5 2 4 4 1798 1817 1818 1799 3242 3261 3262 3243
4837 5 2 4 4 1799 1818 1819 1800 3243 3262 3263 3244
4838 5 2 4 4 1800 1819 1820 1801 3244 3263 3264 3245
4839 5 2 4 4 1801 1820 1821 1802 3245 3264 3265 3246
4840 5 2 4 4 1802 1821 182 181 3246 3265 258 257
4841 5 2 4 4 239 240 1822 1803 402 401 3266 3247
4842 5 2 4 4 1803 1822 1823 1804 3247 3266 3267 3248
4843 5 2 4 4 1804 1823 1824 1805 3248 3267 3268 3249
4844 5 2 4 4 1805 1824 1825 1806 3249 3268 3269 3250
4845 5 2 4 4 1806 1825 1826 1807 3250 3269 3270 3251
4846 5 2 4 4 1807 1826 1827 1808 3251 3270 3271 3252
4847 5 2 4 4 1808 1827 1828 1809 3252 3271 3272 3253
4848 5 2 4 4 1809 1828 1829 1810 3253 3272 3273 3254
4849 5 2 4 4 1810 1829 1830 1811 3254 3273 3274 3255
4850 5 2 4 4 1811 1830 1831 1812 3255 3274 3275 3256
4851 5 2 4 4 1812 1831 1832 1813 3256 3275 3276 3257
4852 5 2 4 4 1813 1832 1833 1814 3257 3276 3277 3258
4853 5 2 4 4 1814 1833 1834 1815 3258 3277 3278 3259
4854 5 2 4 4 1815 1834 1835 1816 3259 3278 3279 3260
4855 5 2 4 4 1816 1835 1836 1817 3260 3279 3280 3261
4856 5 2 4 4 1817 1836 1837 1818 3261 3280 3281 3262
4857 5 2 4 4 1818 1837 1838 1819 3262 3281 3282 3263
4858 5 2 4 4 1819 1838 1839 1820 3263 3282 3283 3264
4859 5 2 4 4 1820 1839 1840 1821 3264 3283 3284 3265
4860 5 2 4 4 1821 1840 183 182 3265 3284 259 258
4861 5 2 4 4 240 241 1841 1822 401 400 3285 3266
4862 5 2 4 4 1822 1841 1842 1823 3266 3285 3286 3267
4863 5 2 4 4 1823 1842 1843 1824 3267 3286 3287 3268
4864 5 2 4 4 1824 1843 1844 1825 3268 3287 3288 3269
4865 5 2 4 4 1825 1844 1845 1826 3269 3288 3289 3270
4866 5 2 4 4 1826 1845 1846 1827 3270 3289 3290 3271
4867 5 2 4 4 1827 1846 1847 1828 3271 3290 3291 3272
4868 5 2 4 4 1828 1847 1848 1829 3272 3291 3292 3273
4869 5 2 4 4 1829 1848 1849 1830 3273 3292 3293 3274
4870 5 2 4 4 1830 1849 1850 1831 3274 3293 3294 3275
4871 5 2 4 4 1831 1850 1851 1832 3275 3294 3295 3276
4872 5 2 4 4 1832 1851 1852 1833 3276 3295 3296 3277
4873 5 2 4 4 1833 1852 1853 1834 3277 3296 3297 3278
4874 5 2 4 4 1834 1853 1854 1835 3278 3297 3298 3279
4875 5 2 4 4 1835 1854 1855 1836 3279 3298 3299 3280
4876 5 2 4 4 1836 1855 1856 1837 3280 3299 3300 3281
4877 5 2 4 4 1837 1856 1857 1838 3281 3300 3301 3282
4878 5 2 4 4 1838 1857 1858 1839 3282 3301 3302 3283
4879 5 2 4 4 1839 1858 1859 1840 3283 3302 3303 3284
4880 5 2 4 4 1840 1859 184 183 3284 3303 260 259
4881 5 2 4 4 241 242 1860 1841 400 399 3304 3285
4882 5 2 4 4 1841 1860 1861 1842 3285 3304 3305 3286
4883 5 2 4 4 1842 1861 1862 1843 3286 3305 3306 3287
4884 5 2 4 4 1843 1862 1863 1844 3287 3306 3307 3288
4885 5 2 4 4 1844 1863 1864 1845 3288 3307 3308 3289
4886 5 2 4 4 1845 1864 1865 1846 3289 3308 3309 3290
4887 5 2 4 4 1846 1865 1866 1847 3290 3309 3310 3291
4888 5 2 4 4 1847 1866 1867 1848 3291 3310 3311 3292
4889 5 2 4 4 1848 1867 1868 1849 3292 3311 3312 3293
4890 5 2 4 4 1849 1868 1869 1850 3293 3312 3313 3294
4891 5 2 4 4 1850 1869 1870 1851 3294 3313 3314 3295
4892 5 2 4 4 1851 1870 1871 1852 3295 3314 3315 3296
4893 5 2 4 4 1852 1871 1872 1853 3296 3315 3316 3297
4894 5 2 4 4 1853 1872 1873 1854 3297 3316 3317 3298
4895 5 2 4 4 1854 1873 1874 1855 3298 3317 3318 3299
4896 5 2 4 4 1855 1874 1875 1856 3299 3318 3319 3300
4897 5 2 4 4 1856 1875 1876 1857 3300 3319 3320 3301
4898 5 2 4 4 1857 1876 1877 1858 3301 3320 3321 3302
4899 5 2 4 4 1858 1877 1878 1859 3302 3321 3322 3303
4900 5 2 4 4 1859 1878 185 184 3303 3322 261 260
4901 5 2 4 4 242 243 1879 1860 399 398 3323 3304
4902 5 2 4 4 1860 1879 1880 1861 3304 3323 3324 3305
4903 5 2 4 4 1861 1880 1881 1862 3305 3324 3325 3306
4904 5 2 4 4 1862 1881 1882 1863 3306 3325 3326 3307
4905 5 2 4 4 1863 1882 1883 1864 3307 3326 3327 3308
4906 5 2 4 4 1864 1883 1884 1865 3308 3327 3328 3309
4907 5 2 4 4 1865 1884 1885 1866 3309 3328 3329 3310
4908 5 2 4 4 1866 1885 1886 1867 3310 3329 3330 3311
4909 5 2 4 4 1867 1886 1887 1868 3311 3330 3331 3312
4910 5 2 4 4 1868 1887 1888 1869 3312 3331 3332 3313
4911 5 2 4 4 1869 1888 1889 1870 3313 3332 3333 3314
4912 5 2 4 4 1870 1889 1890 1871 3314 3333 3334 3315
4913 5 2 4 4 1871 1890 1891 1872 3315 3334 3335 3316
4914 5 2 4 4 1872 1891 1892 1873 3316 3335 3336 3317
4915 5 2 4 4 1873 1892 1893 1874 3317 3336 3337 3318
4916 5 2 4 4 1874 1893 1894 1875 3318 3337 3338 3319
4917 5 2 4 4 1875 1894 1895 1876 3319 3338 3339 3320
4918 5 2 4 4 1876 1895 1896 1877 3320 3339 3340 3321
4919 5 2 4 4 1877 1896 1897 1878 3321 3340 3341 3322
4920 5 2 4 4 1878 1897 186 185 3322 3341 262 261
4921 5 2 4 4 243 244 1898 1879 398 397 3342 3323
4922 5 2 4 4 1879 1898 1899 1880 3323 3342 3343 3324
4923 5 2 4 4 1880 1899 1900 1881 3324 3343 3344 3325
4924 5 2 4 4 1881 1900 1901 1882 3325 3344 3345 3326
4925 5 2 4 4 1882 1901 1902 1883 3326 3345 3346 3327
4926 5 2 4 4 1883 1902 1903 1884 3327 3346 3347 3328
4927 5 2 4 4 1884 1903 1904 1885 3328 3347 3348 3329
4928 5 2 4 4 1885 1904 1905 1886 3329 3348 3349 3330
4929 5 2 4 4 1886 1905 1906 1887 3330 3349 3350 3331
4930 5 2 4 4 1887 1906 1907 1888 3331 3350 3351 3332
4931 5 2 4 4 1888 1907 1908 1889 3332 3351 3352 3333
4932 5 2 4 4 1889 1908 1909 1890 3333 3352 3353 3334
4933 5 2 4 4 1890 1909 1910 1891 3334 3353 3354 3335
4934 5 2 4 4 1891 1910 1911 1892 3335 3354 3355 3336
4935 5 2 4 4 1892 1911 1912 1893 3336 3355 3356 3337
4936 5 2 4 4 1893 1912 1913 1894 3337 3356 3357 3338
4937 5 2 4 4 1894 1913 1914 1895 3338 3357 3358 3339
4938 5 2 4 4 1895 1914 1915 1896 3339 3358 3359 3340
4939 5 2 4 4 1896 1915 1916 1897 3340 3359 3360 3341
4940 5 2 4 4 1897 1916 187 186 3341 3360 263 262
4941 5 2 4 4 244 8 150 1898 397 15 435 3342
4942 5 2 4 4 1898 150 151 1899 3342 435 436 3343
4943 5 2 4 4 1899 151 152 1900 3343 436 437 3344
4944 5 2 4 4 1900 152 153 1901 3344 437 438 3345
4945 5 2 4 4 1901 153 154 1902 3345 438 439 3346
4946 5 2 4 4 1902 154 155 1903 3346 439 440 3347
4947 5 2 4 4 1903 155 156 1904 3347 440 441 3348
4948 5 2 4 4 1904 156 157 1905 3348 441 442 3349
4949 5 2 4 4 1905 157 158 1906 3349 442 443 3350
4950 5 2 4 4 1906 158 159 1907 3350 443 444 3351
4951 5 2 4 4 1907 159 160 1908 3351 444 445 3352
4952 5 2 4 4 1908 160 161 1909 3352 445 446 3353
4953 5 2 4 4 1909 161 162 1910 3353 446 447 3354
4954 5 2 4 4 1910 162 163 1911 3354 447 448 3355
4955 5 2 4 4 1911 163 164 1912 3355 448 449 3356
4956 5 2 4 4 1912 164 165 1913 3356 449 450 3357
4957 5 2 4 4 1913 165 166 1914 3357 450 451 3358
4958 5 2 4 4 1914 166 167 1915 3358 451 452 3359
4959 5 2 4 4 1915 167 168 1916 3359 452 453 3360
4960 5 2 4 4 1916 168 5 187 3360 453 10 263
$EndElements
